,user_id,session_id,login_timestamp
0,5,1,2026-01-01 12:00:00
1,10,2,2026-01-01 12:00:00
2,11,3,2026-01-01 12:00:00
3,16,4,2026-01-01 12:00:00
4,22,5,2026-01-01 12:00:00
5,24,6,2026-01-01 12:00:00
6,25,7,2026-01-01 12:00:00
7,27,8,2026-01-01 12:00:00
8,28,9,2026-01-01 12:00:00
9,31,10,2026-01-01 12:00:00
10,41,11,2026-01-01 12:00:00
11,46,12,2026-01-01 12:00:00
12,54,13,2026-01-01 12:00:00
13,56,14,2026-01-01 12:00:00
14,61,15,2026-01-01 12:00:00
15,63,16,2026-01-01 12:00:00
16,75,17,2026-01-01 12:00:00
17,85,18,2026-01-01 12:00:00
18,89,19,2026-01-01 12:00:00
19,91,20,2026-01-01 12:00:00
20,97,21,2026-01-01 12:00:00
21,106,22,2026-01-01 12:00:00
22,109,23,2026-01-01 12:00:00
23,110,24,2026-01-01 12:00:00
24,115,25,2026-01-01 12:00:00
25,119,26,2026-01-01 12:00:00
26,125,27,2026-01-01 12:00:00
27,130,28,2026-01-01 12:00:00
28,136,29,2026-01-01 12:00:00
29,137,30,2026-01-01 12:00:00
30,138,31,2026-01-01 12:00:00
31,141,32,2026-01-01 12:00:00
32,152,33,2026-01-01 12:00:00
33,153,34,2026-01-01 12:00:00
34,155,35,2026-01-01 12:00:00
35,160,36,2026-01-01 12:00:00
36,165,37,2026-01-01 12:00:00
37,168,38,2026-01-01 12:00:00
38,183,39,2026-01-01 12:00:00
39,185,40,2026-01-01 12:00:00
40,195,41,2026-01-01 12:00:00
41,201,42,2026-01-01 12:00:00
42,206,43,2026-01-01 12:00:00
43,209,44,2026-01-01 12:00:00
44,210,45,2026-01-01 12:00:00
45,212,46,2026-01-01 12:00:00
46,216,47,2026-01-01 12:00:00
47,232,48,2026-01-01 12:00:00
48,234,49,2026-01-01 12:00:00
49,255,50,2026-01-01 12:00:00
50,258,51,2026-01-01 12:00:00
51,268,52,2026-01-01 12:00:00
52,272,53,2026-01-01 12:00:00
53,274,54,2026-01-01 12:00:00
54,276,55,2026-01-01 12:00:00
55,277,56,2026-01-01 12:00:00
56,280,57,2026-01-01 12:00:00
57,282,58,2026-01-01 12:00:00
58,299,59,2026-01-01 12:00:00
59,301,60,2026-01-01 12:00:00
60,304,61,2026-01-01 12:00:00
61,309,62,2026-01-01 12:00:00
62,334,63,2026-01-01 12:00:00
63,337,64,2026-01-01 12:00:00
64,338,65,2026-01-01 12:00:00
65,341,66,2026-01-01 12:00:00
66,345,67,2026-01-01 12:00:00
67,348,68,2026-01-01 12:00:00
68,351,69,2026-01-01 12:00:00
69,352,70,2026-01-01 12:00:00
70,362,71,2026-01-01 12:00:00
71,363,72,2026-01-01 12:00:00
72,371,73,2026-01-01 12:00:00
73,376,74,2026-01-01 12:00:00
74,384,75,2026-01-01 12:00:00
75,388,76,2026-01-01 12:00:00
76,391,77,2026-01-01 12:00:00
77,405,78,2026-01-01 12:00:00
78,408,79,2026-01-01 12:00:00
79,412,80,2026-01-01 12:00:00
80,422,81,2026-01-01 12:00:00
81,431,82,2026-01-01 12:00:00
82,432,83,2026-01-01 12:00:00
83,436,84,2026-01-01 12:00:00
84,438,85,2026-01-01 12:00:00
85,440,86,2026-01-01 12:00:00
86,446,87,2026-01-01 12:00:00
87,451,88,2026-01-01 12:00:00
88,454,89,2026-01-01 12:00:00
89,455,90,2026-01-01 12:00:00
90,457,91,2026-01-01 12:00:00
91,461,92,2026-01-01 12:00:00
92,472,93,2026-01-01 12:00:00
93,489,94,2026-01-01 12:00:00
94,492,95,2026-01-01 12:00:00
95,494,96,2026-01-01 12:00:00
96,496,97,2026-01-01 12:00:00
97,499,98,2026-01-01 12:00:00
98,500,99,2026-01-01 12:00:00
99,501,100,2026-01-01 12:00:00
100,505,101,2026-01-01 12:00:00
101,507,102,2026-01-01 12:00:00
102,521,103,2026-01-01 12:00:00
103,524,104,2026-01-01 12:00:00
104,531,105,2026-01-01 12:00:00
105,532,106,2026-01-01 12:00:00
106,534,107,2026-01-01 12:00:00
107,535,108,2026-01-01 12:00:00
108,538,109,2026-01-01 12:00:00
109,539,110,2026-01-01 12:00:00
110,543,111,2026-01-01 12:00:00
111,547,112,2026-01-01 12:00:00
112,548,113,2026-01-01 12:00:00
113,557,114,2026-01-01 12:00:00
114,562,115,2026-01-01 12:00:00
115,563,116,2026-01-01 12:00:00
116,564,117,2026-01-01 12:00:00
117,571,118,2026-01-01 12:00:00
118,572,119,2026-01-01 12:00:00
119,577,120,2026-01-01 12:00:00
120,586,121,2026-01-01 12:00:00
121,589,122,2026-01-01 12:00:00
122,592,123,2026-01-01 12:00:00
123,597,124,2026-01-01 12:00:00
124,598,125,2026-01-01 12:00:00
125,607,126,2026-01-01 12:00:00
126,612,127,2026-01-01 12:00:00
127,615,128,2026-01-01 12:00:00
128,618,129,2026-01-01 12:00:00
129,624,130,2026-01-01 12:00:00
130,628,131,2026-01-01 12:00:00
131,641,132,2026-01-01 12:00:00
132,647,133,2026-01-01 12:00:00
133,670,134,2026-01-01 12:00:00
134,673,135,2026-01-01 12:00:00
135,674,136,2026-01-01 12:00:00
136,677,137,2026-01-01 12:00:00
137,688,138,2026-01-01 12:00:00
138,696,139,2026-01-01 12:00:00
139,697,140,2026-01-01 12:00:00
140,703,141,2026-01-01 12:00:00
141,707,142,2026-01-01 12:00:00
142,725,143,2026-01-01 12:00:00
143,731,144,2026-01-01 12:00:00
144,736,145,2026-01-01 12:00:00
145,741,146,2026-01-01 12:00:00
146,743,147,2026-01-01 12:00:00
147,747,148,2026-01-01 12:00:00
148,757,149,2026-01-01 12:00:00
149,763,150,2026-01-01 12:00:00
150,765,151,2026-01-01 12:00:00
151,769,152,2026-01-01 12:00:00
152,771,153,2026-01-01 12:00:00
153,775,154,2026-01-01 12:00:00
154,780,155,2026-01-01 12:00:00
155,781,156,2026-01-01 12:00:00
156,785,157,2026-01-01 12:00:00
157,786,158,2026-01-01 12:00:00
158,790,159,2026-01-01 12:00:00
159,791,160,2026-01-01 12:00:00
160,800,161,2026-01-01 12:00:00
161,803,162,2026-01-01 12:00:00
162,805,163,2026-01-01 12:00:00
163,807,164,2026-01-01 12:00:00
164,812,165,2026-01-01 12:00:00
165,814,166,2026-01-01 12:00:00
166,817,167,2026-01-01 12:00:00
167,820,168,2026-01-01 12:00:00
168,833,169,2026-01-01 12:00:00
169,844,170,2026-01-01 12:00:00
170,846,171,2026-01-01 12:00:00
171,854,172,2026-01-01 12:00:00
172,855,173,2026-01-01 12:00:00
173,856,174,2026-01-01 12:00:00
174,862,175,2026-01-01 12:00:00
175,865,176,2026-01-01 12:00:00
176,868,177,2026-01-01 12:00:00
177,870,178,2026-01-01 12:00:00
178,873,179,2026-01-01 12:00:00
179,877,180,2026-01-01 12:00:00
180,879,181,2026-01-01 12:00:00
181,881,182,2026-01-01 12:00:00
182,888,183,2026-01-01 12:00:00
183,895,184,2026-01-01 12:00:00
184,903,185,2026-01-01 12:00:00
185,907,186,2026-01-01 12:00:00
186,910,187,2026-01-01 12:00:00
187,911,188,2026-01-01 12:00:00
188,913,189,2026-01-01 12:00:00
189,917,190,2026-01-01 12:00:00
190,923,191,2026-01-01 12:00:00
191,929,192,2026-01-01 12:00:00
192,943,193,2026-01-01 12:00:00
193,949,194,2026-01-01 12:00:00
194,957,195,2026-01-01 12:00:00
195,960,196,2026-01-01 12:00:00
196,963,197,2026-01-01 12:00:00
197,971,198,2026-01-01 12:00:00
198,972,199,2026-01-01 12:00:00
199,981,200,2026-01-01 12:00:00
200,985,201,2026-01-01 12:00:00
201,992,202,2026-01-01 12:00:00
202,1005,203,2026-01-01 12:00:00
203,1007,204,2026-01-01 12:00:00
204,1009,205,2026-01-01 12:00:00
205,14,206,2026-01-02 12:00:00
206,25,207,2026-01-02 12:00:00
207,28,208,2026-01-02 12:00:00
208,30,209,2026-01-02 12:00:00
209,34,210,2026-01-02 12:00:00
210,35,211,2026-01-02 12:00:00
211,47,212,2026-01-02 12:00:00
212,51,213,2026-01-02 12:00:00
213,52,214,2026-01-02 12:00:00
214,54,215,2026-01-02 12:00:00
215,55,216,2026-01-02 12:00:00
216,61,217,2026-01-02 12:00:00
217,73,218,2026-01-02 12:00:00
218,79,219,2026-01-02 12:00:00
219,85,220,2026-01-02 12:00:00
220,86,221,2026-01-02 12:00:00
221,98,222,2026-01-02 12:00:00
222,101,223,2026-01-02 12:00:00
223,102,224,2026-01-02 12:00:00
224,107,225,2026-01-02 12:00:00
225,111,226,2026-01-02 12:00:00
226,112,227,2026-01-02 12:00:00
227,115,228,2026-01-02 12:00:00
228,116,229,2026-01-02 12:00:00
229,118,230,2026-01-02 12:00:00
230,122,231,2026-01-02 12:00:00
231,125,232,2026-01-02 12:00:00
232,126,233,2026-01-02 12:00:00
233,128,234,2026-01-02 12:00:00
234,134,235,2026-01-02 12:00:00
235,137,236,2026-01-02 12:00:00
236,144,237,2026-01-02 12:00:00
237,147,238,2026-01-02 12:00:00
238,149,239,2026-01-02 12:00:00
239,154,240,2026-01-02 12:00:00
240,157,241,2026-01-02 12:00:00
241,162,242,2026-01-02 12:00:00
242,165,243,2026-01-02 12:00:00
243,178,244,2026-01-02 12:00:00
244,182,245,2026-01-02 12:00:00
245,183,246,2026-01-02 12:00:00
246,203,247,2026-01-02 12:00:00
247,204,248,2026-01-02 12:00:00
248,209,249,2026-01-02 12:00:00
249,210,250,2026-01-02 12:00:00
250,229,251,2026-01-02 12:00:00
251,232,252,2026-01-02 12:00:00
252,238,253,2026-01-02 12:00:00
253,240,254,2026-01-02 12:00:00
254,247,255,2026-01-02 12:00:00
255,251,256,2026-01-02 12:00:00
256,256,257,2026-01-02 12:00:00
257,266,258,2026-01-02 12:00:00
258,271,259,2026-01-02 12:00:00
259,276,260,2026-01-02 12:00:00
260,280,261,2026-01-02 12:00:00
261,283,262,2026-01-02 12:00:00
262,287,263,2026-01-02 12:00:00
263,292,264,2026-01-02 12:00:00
264,297,265,2026-01-02 12:00:00
265,298,266,2026-01-02 12:00:00
266,312,267,2026-01-02 12:00:00
267,313,268,2026-01-02 12:00:00
268,322,269,2026-01-02 12:00:00
269,326,270,2026-01-02 12:00:00
270,328,271,2026-01-02 12:00:00
271,331,272,2026-01-02 12:00:00
272,332,273,2026-01-02 12:00:00
273,337,274,2026-01-02 12:00:00
274,349,275,2026-01-02 12:00:00
275,353,276,2026-01-02 12:00:00
276,354,277,2026-01-02 12:00:00
277,364,278,2026-01-02 12:00:00
278,367,279,2026-01-02 12:00:00
279,369,280,2026-01-02 12:00:00
280,374,281,2026-01-02 12:00:00
281,380,282,2026-01-02 12:00:00
282,384,283,2026-01-02 12:00:00
283,389,284,2026-01-02 12:00:00
284,390,285,2026-01-02 12:00:00
285,391,286,2026-01-02 12:00:00
286,399,287,2026-01-02 12:00:00
287,403,288,2026-01-02 12:00:00
288,406,289,2026-01-02 12:00:00
289,410,290,2026-01-02 12:00:00
290,414,291,2026-01-02 12:00:00
291,415,292,2026-01-02 12:00:00
292,419,293,2026-01-02 12:00:00
293,427,294,2026-01-02 12:00:00
294,428,295,2026-01-02 12:00:00
295,430,296,2026-01-02 12:00:00
296,433,297,2026-01-02 12:00:00
297,438,298,2026-01-02 12:00:00
298,455,299,2026-01-02 12:00:00
299,459,300,2026-01-02 12:00:00
300,460,301,2026-01-02 12:00:00
301,461,302,2026-01-02 12:00:00
302,462,303,2026-01-02 12:00:00
303,463,304,2026-01-02 12:00:00
304,468,305,2026-01-02 12:00:00
305,469,306,2026-01-02 12:00:00
306,475,307,2026-01-02 12:00:00
307,476,308,2026-01-02 12:00:00
308,479,309,2026-01-02 12:00:00
309,482,310,2026-01-02 12:00:00
310,483,311,2026-01-02 12:00:00
311,493,312,2026-01-02 12:00:00
312,499,313,2026-01-02 12:00:00
313,501,314,2026-01-02 12:00:00
314,506,315,2026-01-02 12:00:00
315,507,316,2026-01-02 12:00:00
316,512,317,2026-01-02 12:00:00
317,523,318,2026-01-02 12:00:00
318,531,319,2026-01-02 12:00:00
319,532,320,2026-01-02 12:00:00
320,537,321,2026-01-02 12:00:00
321,540,322,2026-01-02 12:00:00
322,544,323,2026-01-02 12:00:00
323,551,324,2026-01-02 12:00:00
324,554,325,2026-01-02 12:00:00
325,555,326,2026-01-02 12:00:00
326,565,327,2026-01-02 12:00:00
327,570,328,2026-01-02 12:00:00
328,573,329,2026-01-02 12:00:00
329,575,330,2026-01-02 12:00:00
330,576,331,2026-01-02 12:00:00
331,582,332,2026-01-02 12:00:00
332,591,333,2026-01-02 12:00:00
333,592,334,2026-01-02 12:00:00
334,598,335,2026-01-02 12:00:00
335,599,336,2026-01-02 12:00:00
336,604,337,2026-01-02 12:00:00
337,608,338,2026-01-02 12:00:00
338,619,339,2026-01-02 12:00:00
339,623,340,2026-01-02 12:00:00
340,631,341,2026-01-02 12:00:00
341,640,342,2026-01-02 12:00:00
342,649,343,2026-01-02 12:00:00
343,658,344,2026-01-02 12:00:00
344,661,345,2026-01-02 12:00:00
345,662,346,2026-01-02 12:00:00
346,670,347,2026-01-02 12:00:00
347,677,348,2026-01-02 12:00:00
348,689,349,2026-01-02 12:00:00
349,692,350,2026-01-02 12:00:00
350,693,351,2026-01-02 12:00:00
351,698,352,2026-01-02 12:00:00
352,700,353,2026-01-02 12:00:00
353,707,354,2026-01-02 12:00:00
354,713,355,2026-01-02 12:00:00
355,715,356,2026-01-02 12:00:00
356,724,357,2026-01-02 12:00:00
357,735,358,2026-01-02 12:00:00
358,736,359,2026-01-02 12:00:00
359,742,360,2026-01-02 12:00:00
360,755,361,2026-01-02 12:00:00
361,758,362,2026-01-02 12:00:00
362,761,363,2026-01-02 12:00:00
363,762,364,2026-01-02 12:00:00
364,765,365,2026-01-02 12:00:00
365,770,366,2026-01-02 12:00:00
366,772,367,2026-01-02 12:00:00
367,774,368,2026-01-02 12:00:00
368,782,369,2026-01-02 12:00:00
369,792,370,2026-01-02 12:00:00
370,794,371,2026-01-02 12:00:00
371,799,372,2026-01-02 12:00:00
372,802,373,2026-01-02 12:00:00
373,811,374,2026-01-02 12:00:00
374,812,375,2026-01-02 12:00:00
375,815,376,2026-01-02 12:00:00
376,816,377,2026-01-02 12:00:00
377,817,378,2026-01-02 12:00:00
378,822,379,2026-01-02 12:00:00
379,825,380,2026-01-02 12:00:00
380,826,381,2026-01-02 12:00:00
381,838,382,2026-01-02 12:00:00
382,839,383,2026-01-02 12:00:00
383,844,384,2026-01-02 12:00:00
384,845,385,2026-01-02 12:00:00
385,847,386,2026-01-02 12:00:00
386,851,387,2026-01-02 12:00:00
387,854,388,2026-01-02 12:00:00
388,855,389,2026-01-02 12:00:00
389,860,390,2026-01-02 12:00:00
390,866,391,2026-01-02 12:00:00
391,870,392,2026-01-02 12:00:00
392,873,393,2026-01-02 12:00:00
393,874,394,2026-01-02 12:00:00
394,880,395,2026-01-02 12:00:00
395,882,396,2026-01-02 12:00:00
396,886,397,2026-01-02 12:00:00
397,888,398,2026-01-02 12:00:00
398,891,399,2026-01-02 12:00:00
399,893,400,2026-01-02 12:00:00
400,894,401,2026-01-02 12:00:00
401,895,402,2026-01-02 12:00:00
402,897,403,2026-01-02 12:00:00
403,898,404,2026-01-02 12:00:00
404,904,405,2026-01-02 12:00:00
405,913,406,2026-01-02 12:00:00
406,939,407,2026-01-02 12:00:00
407,952,408,2026-01-02 12:00:00
408,962,409,2026-01-02 12:00:00
409,963,410,2026-01-02 12:00:00
410,965,411,2026-01-02 12:00:00
411,968,412,2026-01-02 12:00:00
412,976,413,2026-01-02 12:00:00
413,977,414,2026-01-02 12:00:00
414,985,415,2026-01-02 12:00:00
415,987,416,2026-01-02 12:00:00
416,988,417,2026-01-02 12:00:00
417,993,418,2026-01-02 12:00:00
418,1003,419,2026-01-02 12:00:00
419,1004,420,2026-01-02 12:00:00
420,1008,421,2026-01-02 12:00:00
421,3,422,2026-01-03 12:00:00
422,9,423,2026-01-03 12:00:00
423,10,424,2026-01-03 12:00:00
424,11,425,2026-01-03 12:00:00
425,12,426,2026-01-03 12:00:00
426,17,427,2026-01-03 12:00:00
427,22,428,2026-01-03 12:00:00
428,23,429,2026-01-03 12:00:00
429,37,430,2026-01-03 12:00:00
430,46,431,2026-01-03 12:00:00
431,50,432,2026-01-03 12:00:00
432,53,433,2026-01-03 12:00:00
433,60,434,2026-01-03 12:00:00
434,61,435,2026-01-03 12:00:00
435,65,436,2026-01-03 12:00:00
436,69,437,2026-01-03 12:00:00
437,71,438,2026-01-03 12:00:00
438,73,439,2026-01-03 12:00:00
439,77,440,2026-01-03 12:00:00
440,81,441,2026-01-03 12:00:00
441,85,442,2026-01-03 12:00:00
442,99,443,2026-01-03 12:00:00
443,112,444,2026-01-03 12:00:00
444,118,445,2026-01-03 12:00:00
445,124,446,2026-01-03 12:00:00
446,133,447,2026-01-03 12:00:00
447,135,448,2026-01-03 12:00:00
448,149,449,2026-01-03 12:00:00
449,151,450,2026-01-03 12:00:00
450,154,451,2026-01-03 12:00:00
451,156,452,2026-01-03 12:00:00
452,163,453,2026-01-03 12:00:00
453,167,454,2026-01-03 12:00:00
454,172,455,2026-01-03 12:00:00
455,176,456,2026-01-03 12:00:00
456,179,457,2026-01-03 12:00:00
457,180,458,2026-01-03 12:00:00
458,181,459,2026-01-03 12:00:00
459,184,460,2026-01-03 12:00:00
460,185,461,2026-01-03 12:00:00
461,207,462,2026-01-03 12:00:00
462,208,463,2026-01-03 12:00:00
463,211,464,2026-01-03 12:00:00
464,212,465,2026-01-03 12:00:00
465,218,466,2026-01-03 12:00:00
466,220,467,2026-01-03 12:00:00
467,223,468,2026-01-03 12:00:00
468,245,469,2026-01-03 12:00:00
469,258,470,2026-01-03 12:00:00
470,270,471,2026-01-03 12:00:00
471,286,472,2026-01-03 12:00:00
472,292,473,2026-01-03 12:00:00
473,298,474,2026-01-03 12:00:00
474,301,475,2026-01-03 12:00:00
475,302,476,2026-01-03 12:00:00
476,306,477,2026-01-03 12:00:00
477,308,478,2026-01-03 12:00:00
478,310,479,2026-01-03 12:00:00
479,314,480,2026-01-03 12:00:00
480,319,481,2026-01-03 12:00:00
481,325,482,2026-01-03 12:00:00
482,326,483,2026-01-03 12:00:00
483,333,484,2026-01-03 12:00:00
484,334,485,2026-01-03 12:00:00
485,345,486,2026-01-03 12:00:00
486,348,487,2026-01-03 12:00:00
487,358,488,2026-01-03 12:00:00
488,361,489,2026-01-03 12:00:00
489,365,490,2026-01-03 12:00:00
490,368,491,2026-01-03 12:00:00
491,378,492,2026-01-03 12:00:00
492,379,493,2026-01-03 12:00:00
493,382,494,2026-01-03 12:00:00
494,384,495,2026-01-03 12:00:00
495,385,496,2026-01-03 12:00:00
496,388,497,2026-01-03 12:00:00
497,392,498,2026-01-03 12:00:00
498,393,499,2026-01-03 12:00:00
499,394,500,2026-01-03 12:00:00
500,400,501,2026-01-03 12:00:00
501,408,502,2026-01-03 12:00:00
502,413,503,2026-01-03 12:00:00
503,416,504,2026-01-03 12:00:00
504,420,505,2026-01-03 12:00:00
505,424,506,2026-01-03 12:00:00
506,430,507,2026-01-03 12:00:00
507,439,508,2026-01-03 12:00:00
508,440,509,2026-01-03 12:00:00
509,445,510,2026-01-03 12:00:00
510,447,511,2026-01-03 12:00:00
511,450,512,2026-01-03 12:00:00
512,451,513,2026-01-03 12:00:00
513,455,514,2026-01-03 12:00:00
514,459,515,2026-01-03 12:00:00
515,461,516,2026-01-03 12:00:00
516,462,517,2026-01-03 12:00:00
517,465,518,2026-01-03 12:00:00
518,472,519,2026-01-03 12:00:00
519,479,520,2026-01-03 12:00:00
520,485,521,2026-01-03 12:00:00
521,491,522,2026-01-03 12:00:00
522,497,523,2026-01-03 12:00:00
523,501,524,2026-01-03 12:00:00
524,503,525,2026-01-03 12:00:00
525,507,526,2026-01-03 12:00:00
526,508,527,2026-01-03 12:00:00
527,524,528,2026-01-03 12:00:00
528,532,529,2026-01-03 12:00:00
529,533,530,2026-01-03 12:00:00
530,534,531,2026-01-03 12:00:00
531,536,532,2026-01-03 12:00:00
532,538,533,2026-01-03 12:00:00
533,549,534,2026-01-03 12:00:00
534,554,535,2026-01-03 12:00:00
535,559,536,2026-01-03 12:00:00
536,560,537,2026-01-03 12:00:00
537,570,538,2026-01-03 12:00:00
538,573,539,2026-01-03 12:00:00
539,579,540,2026-01-03 12:00:00
540,583,541,2026-01-03 12:00:00
541,586,542,2026-01-03 12:00:00
542,601,543,2026-01-03 12:00:00
543,602,544,2026-01-03 12:00:00
544,605,545,2026-01-03 12:00:00
545,613,546,2026-01-03 12:00:00
546,614,547,2026-01-03 12:00:00
547,621,548,2026-01-03 12:00:00
548,623,549,2026-01-03 12:00:00
549,636,550,2026-01-03 12:00:00
550,637,551,2026-01-03 12:00:00
551,638,552,2026-01-03 12:00:00
552,642,553,2026-01-03 12:00:00
553,647,554,2026-01-03 12:00:00
554,648,555,2026-01-03 12:00:00
555,651,556,2026-01-03 12:00:00
556,655,557,2026-01-03 12:00:00
557,657,558,2026-01-03 12:00:00
558,666,559,2026-01-03 12:00:00
559,687,560,2026-01-03 12:00:00
560,688,561,2026-01-03 12:00:00
561,691,562,2026-01-03 12:00:00
562,697,563,2026-01-03 12:00:00
563,701,564,2026-01-03 12:00:00
564,702,565,2026-01-03 12:00:00
565,703,566,2026-01-03 12:00:00
566,708,567,2026-01-03 12:00:00
567,714,568,2026-01-03 12:00:00
568,717,569,2026-01-03 12:00:00
569,722,570,2026-01-03 12:00:00
570,724,571,2026-01-03 12:00:00
571,727,572,2026-01-03 12:00:00
572,739,573,2026-01-03 12:00:00
573,742,574,2026-01-03 12:00:00
574,746,575,2026-01-03 12:00:00
575,750,576,2026-01-03 12:00:00
576,751,577,2026-01-03 12:00:00
577,752,578,2026-01-03 12:00:00
578,756,579,2026-01-03 12:00:00
579,759,580,2026-01-03 12:00:00
580,763,581,2026-01-03 12:00:00
581,764,582,2026-01-03 12:00:00
582,766,583,2026-01-03 12:00:00
583,768,584,2026-01-03 12:00:00
584,776,585,2026-01-03 12:00:00
585,778,586,2026-01-03 12:00:00
586,781,587,2026-01-03 12:00:00
587,784,588,2026-01-03 12:00:00
588,785,589,2026-01-03 12:00:00
589,793,590,2026-01-03 12:00:00
590,795,591,2026-01-03 12:00:00
591,799,592,2026-01-03 12:00:00
592,820,593,2026-01-03 12:00:00
593,826,594,2026-01-03 12:00:00
594,833,595,2026-01-03 12:00:00
595,838,596,2026-01-03 12:00:00
596,844,597,2026-01-03 12:00:00
597,845,598,2026-01-03 12:00:00
598,850,599,2026-01-03 12:00:00
599,852,600,2026-01-03 12:00:00
600,864,601,2026-01-03 12:00:00
601,865,602,2026-01-03 12:00:00
602,870,603,2026-01-03 12:00:00
603,874,604,2026-01-03 12:00:00
604,875,605,2026-01-03 12:00:00
605,881,606,2026-01-03 12:00:00
606,883,607,2026-01-03 12:00:00
607,889,608,2026-01-03 12:00:00
608,891,609,2026-01-03 12:00:00
609,893,610,2026-01-03 12:00:00
610,894,611,2026-01-03 12:00:00
611,901,612,2026-01-03 12:00:00
612,902,613,2026-01-03 12:00:00
613,903,614,2026-01-03 12:00:00
614,907,615,2026-01-03 12:00:00
615,911,616,2026-01-03 12:00:00
616,912,617,2026-01-03 12:00:00
617,915,618,2026-01-03 12:00:00
618,921,619,2026-01-03 12:00:00
619,924,620,2026-01-03 12:00:00
620,928,621,2026-01-03 12:00:00
621,929,622,2026-01-03 12:00:00
622,931,623,2026-01-03 12:00:00
623,932,624,2026-01-03 12:00:00
624,939,625,2026-01-03 12:00:00
625,941,626,2026-01-03 12:00:00
626,942,627,2026-01-03 12:00:00
627,943,628,2026-01-03 12:00:00
628,949,629,2026-01-03 12:00:00
629,956,630,2026-01-03 12:00:00
630,960,631,2026-01-03 12:00:00
631,962,632,2026-01-03 12:00:00
632,963,633,2026-01-03 12:00:00
633,964,634,2026-01-03 12:00:00
634,970,635,2026-01-03 12:00:00
635,971,636,2026-01-03 12:00:00
636,975,637,2026-01-03 12:00:00
637,979,638,2026-01-03 12:00:00
638,996,639,2026-01-03 12:00:00
639,1002,640,2026-01-03 12:00:00
640,1017,641,2026-01-03 12:00:00
641,1022,642,2026-01-03 12:00:00
642,1026,643,2026-01-03 12:00:00
643,7,644,2026-01-04 12:00:00
644,13,645,2026-01-04 12:00:00
645,19,646,2026-01-04 12:00:00
646,26,647,2026-01-04 12:00:00
647,33,648,2026-01-04 12:00:00
648,44,649,2026-01-04 12:00:00
649,45,650,2026-01-04 12:00:00
650,50,651,2026-01-04 12:00:00
651,61,652,2026-01-04 12:00:00
652,63,653,2026-01-04 12:00:00
653,74,654,2026-01-04 12:00:00
654,77,655,2026-01-04 12:00:00
655,78,656,2026-01-04 12:00:00
656,82,657,2026-01-04 12:00:00
657,88,658,2026-01-04 12:00:00
658,90,659,2026-01-04 12:00:00
659,96,660,2026-01-04 12:00:00
660,97,661,2026-01-04 12:00:00
661,106,662,2026-01-04 12:00:00
662,107,663,2026-01-04 12:00:00
663,110,664,2026-01-04 12:00:00
664,121,665,2026-01-04 12:00:00
665,122,666,2026-01-04 12:00:00
666,125,667,2026-01-04 12:00:00
667,126,668,2026-01-04 12:00:00
668,137,669,2026-01-04 12:00:00
669,140,670,2026-01-04 12:00:00
670,143,671,2026-01-04 12:00:00
671,145,672,2026-01-04 12:00:00
672,151,673,2026-01-04 12:00:00
673,157,674,2026-01-04 12:00:00
674,161,675,2026-01-04 12:00:00
675,163,676,2026-01-04 12:00:00
676,167,677,2026-01-04 12:00:00
677,170,678,2026-01-04 12:00:00
678,176,679,2026-01-04 12:00:00
679,182,680,2026-01-04 12:00:00
680,184,681,2026-01-04 12:00:00
681,192,682,2026-01-04 12:00:00
682,195,683,2026-01-04 12:00:00
683,203,684,2026-01-04 12:00:00
684,211,685,2026-01-04 12:00:00
685,218,686,2026-01-04 12:00:00
686,224,687,2026-01-04 12:00:00
687,228,688,2026-01-04 12:00:00
688,233,689,2026-01-04 12:00:00
689,239,690,2026-01-04 12:00:00
690,250,691,2026-01-04 12:00:00
691,257,692,2026-01-04 12:00:00
692,266,693,2026-01-04 12:00:00
693,270,694,2026-01-04 12:00:00
694,277,695,2026-01-04 12:00:00
695,280,696,2026-01-04 12:00:00
696,283,697,2026-01-04 12:00:00
697,303,698,2026-01-04 12:00:00
698,308,699,2026-01-04 12:00:00
699,312,700,2026-01-04 12:00:00
700,315,701,2026-01-04 12:00:00
701,316,702,2026-01-04 12:00:00
702,319,703,2026-01-04 12:00:00
703,321,704,2026-01-04 12:00:00
704,323,705,2026-01-04 12:00:00
705,325,706,2026-01-04 12:00:00
706,331,707,2026-01-04 12:00:00
707,336,708,2026-01-04 12:00:00
708,344,709,2026-01-04 12:00:00
709,351,710,2026-01-04 12:00:00
710,359,711,2026-01-04 12:00:00
711,377,712,2026-01-04 12:00:00
712,378,713,2026-01-04 12:00:00
713,379,714,2026-01-04 12:00:00
714,387,715,2026-01-04 12:00:00
715,390,716,2026-01-04 12:00:00
716,400,717,2026-01-04 12:00:00
717,404,718,2026-01-04 12:00:00
718,407,719,2026-01-04 12:00:00
719,409,720,2026-01-04 12:00:00
720,411,721,2026-01-04 12:00:00
721,412,722,2026-01-04 12:00:00
722,417,723,2026-01-04 12:00:00
723,421,724,2026-01-04 12:00:00
724,426,725,2026-01-04 12:00:00
725,428,726,2026-01-04 12:00:00
726,431,727,2026-01-04 12:00:00
727,434,728,2026-01-04 12:00:00
728,438,729,2026-01-04 12:00:00
729,447,730,2026-01-04 12:00:00
730,448,731,2026-01-04 12:00:00
731,456,732,2026-01-04 12:00:00
732,459,733,2026-01-04 12:00:00
733,462,734,2026-01-04 12:00:00
734,468,735,2026-01-04 12:00:00
735,470,736,2026-01-04 12:00:00
736,475,737,2026-01-04 12:00:00
737,478,738,2026-01-04 12:00:00
738,483,739,2026-01-04 12:00:00
739,484,740,2026-01-04 12:00:00
740,493,741,2026-01-04 12:00:00
741,495,742,2026-01-04 12:00:00
742,497,743,2026-01-04 12:00:00
743,500,744,2026-01-04 12:00:00
744,511,745,2026-01-04 12:00:00
745,515,746,2026-01-04 12:00:00
746,516,747,2026-01-04 12:00:00
747,522,748,2026-01-04 12:00:00
748,530,749,2026-01-04 12:00:00
749,532,750,2026-01-04 12:00:00
750,533,751,2026-01-04 12:00:00
751,539,752,2026-01-04 12:00:00
752,545,753,2026-01-04 12:00:00
753,550,754,2026-01-04 12:00:00
754,552,755,2026-01-04 12:00:00
755,561,756,2026-01-04 12:00:00
756,563,757,2026-01-04 12:00:00
757,580,758,2026-01-04 12:00:00
758,587,759,2026-01-04 12:00:00
759,595,760,2026-01-04 12:00:00
760,596,761,2026-01-04 12:00:00
761,597,762,2026-01-04 12:00:00
762,601,763,2026-01-04 12:00:00
763,602,764,2026-01-04 12:00:00
764,611,765,2026-01-04 12:00:00
765,614,766,2026-01-04 12:00:00
766,617,767,2026-01-04 12:00:00
767,620,768,2026-01-04 12:00:00
768,622,769,2026-01-04 12:00:00
769,626,770,2026-01-04 12:00:00
770,633,771,2026-01-04 12:00:00
771,636,772,2026-01-04 12:00:00
772,639,773,2026-01-04 12:00:00
773,643,774,2026-01-04 12:00:00
774,649,775,2026-01-04 12:00:00
775,654,776,2026-01-04 12:00:00
776,655,777,2026-01-04 12:00:00
777,664,778,2026-01-04 12:00:00
778,666,779,2026-01-04 12:00:00
779,676,780,2026-01-04 12:00:00
780,684,781,2026-01-04 12:00:00
781,693,782,2026-01-04 12:00:00
782,709,783,2026-01-04 12:00:00
783,710,784,2026-01-04 12:00:00
784,711,785,2026-01-04 12:00:00
785,716,786,2026-01-04 12:00:00
786,718,787,2026-01-04 12:00:00
787,725,788,2026-01-04 12:00:00
788,729,789,2026-01-04 12:00:00
789,731,790,2026-01-04 12:00:00
790,732,791,2026-01-04 12:00:00
791,741,792,2026-01-04 12:00:00
792,742,793,2026-01-04 12:00:00
793,749,794,2026-01-04 12:00:00
794,752,795,2026-01-04 12:00:00
795,758,796,2026-01-04 12:00:00
796,759,797,2026-01-04 12:00:00
797,766,798,2026-01-04 12:00:00
798,769,799,2026-01-04 12:00:00
799,772,800,2026-01-04 12:00:00
800,781,801,2026-01-04 12:00:00
801,783,802,2026-01-04 12:00:00
802,784,803,2026-01-04 12:00:00
803,787,804,2026-01-04 12:00:00
804,790,805,2026-01-04 12:00:00
805,794,806,2026-01-04 12:00:00
806,798,807,2026-01-04 12:00:00
807,799,808,2026-01-04 12:00:00
808,806,809,2026-01-04 12:00:00
809,807,810,2026-01-04 12:00:00
810,808,811,2026-01-04 12:00:00
811,815,812,2026-01-04 12:00:00
812,829,813,2026-01-04 12:00:00
813,831,814,2026-01-04 12:00:00
814,848,815,2026-01-04 12:00:00
815,849,816,2026-01-04 12:00:00
816,853,817,2026-01-04 12:00:00
817,854,818,2026-01-04 12:00:00
818,858,819,2026-01-04 12:00:00
819,862,820,2026-01-04 12:00:00
820,865,821,2026-01-04 12:00:00
821,869,822,2026-01-04 12:00:00
822,880,823,2026-01-04 12:00:00
823,884,824,2026-01-04 12:00:00
824,886,825,2026-01-04 12:00:00
825,891,826,2026-01-04 12:00:00
826,898,827,2026-01-04 12:00:00
827,900,828,2026-01-04 12:00:00
828,901,829,2026-01-04 12:00:00
829,902,830,2026-01-04 12:00:00
830,907,831,2026-01-04 12:00:00
831,908,832,2026-01-04 12:00:00
832,916,833,2026-01-04 12:00:00
833,928,834,2026-01-04 12:00:00
834,933,835,2026-01-04 12:00:00
835,936,836,2026-01-04 12:00:00
836,944,837,2026-01-04 12:00:00
837,948,838,2026-01-04 12:00:00
838,950,839,2026-01-04 12:00:00
839,953,840,2026-01-04 12:00:00
840,962,841,2026-01-04 12:00:00
841,968,842,2026-01-04 12:00:00
842,978,843,2026-01-04 12:00:00
843,987,844,2026-01-04 12:00:00
844,991,845,2026-01-04 12:00:00
845,1007,846,2026-01-04 12:00:00
846,1011,847,2026-01-04 12:00:00
847,1012,848,2026-01-04 12:00:00
848,1014,849,2026-01-04 12:00:00
849,1015,850,2026-01-04 12:00:00
850,1022,851,2026-01-04 12:00:00
851,1028,852,2026-01-04 12:00:00
852,1034,853,2026-01-04 12:00:00
853,1038,854,2026-01-04 12:00:00
854,2,855,2026-01-05 12:00:00
855,4,856,2026-01-05 12:00:00
856,6,857,2026-01-05 12:00:00
857,7,858,2026-01-05 12:00:00
858,14,859,2026-01-05 12:00:00
859,31,860,2026-01-05 12:00:00
860,36,861,2026-01-05 12:00:00
861,41,862,2026-01-05 12:00:00
862,42,863,2026-01-05 12:00:00
863,53,864,2026-01-05 12:00:00
864,58,865,2026-01-05 12:00:00
865,61,866,2026-01-05 12:00:00
866,62,867,2026-01-05 12:00:00
867,67,868,2026-01-05 12:00:00
868,69,869,2026-01-05 12:00:00
869,75,870,2026-01-05 12:00:00
870,76,871,2026-01-05 12:00:00
871,78,872,2026-01-05 12:00:00
872,79,873,2026-01-05 12:00:00
873,85,874,2026-01-05 12:00:00
874,88,875,2026-01-05 12:00:00
875,89,876,2026-01-05 12:00:00
876,97,877,2026-01-05 12:00:00
877,103,878,2026-01-05 12:00:00
878,109,879,2026-01-05 12:00:00
879,114,880,2026-01-05 12:00:00
880,115,881,2026-01-05 12:00:00
881,119,882,2026-01-05 12:00:00
882,125,883,2026-01-05 12:00:00
883,127,884,2026-01-05 12:00:00
884,128,885,2026-01-05 12:00:00
885,131,886,2026-01-05 12:00:00
886,134,887,2026-01-05 12:00:00
887,136,888,2026-01-05 12:00:00
888,153,889,2026-01-05 12:00:00
889,155,890,2026-01-05 12:00:00
890,156,891,2026-01-05 12:00:00
891,163,892,2026-01-05 12:00:00
892,168,893,2026-01-05 12:00:00
893,177,894,2026-01-05 12:00:00
894,178,895,2026-01-05 12:00:00
895,179,896,2026-01-05 12:00:00
896,182,897,2026-01-05 12:00:00
897,184,898,2026-01-05 12:00:00
898,185,899,2026-01-05 12:00:00
899,192,900,2026-01-05 12:00:00
900,196,901,2026-01-05 12:00:00
901,209,902,2026-01-05 12:00:00
902,211,903,2026-01-05 12:00:00
903,213,904,2026-01-05 12:00:00
904,214,905,2026-01-05 12:00:00
905,220,906,2026-01-05 12:00:00
906,223,907,2026-01-05 12:00:00
907,228,908,2026-01-05 12:00:00
908,233,909,2026-01-05 12:00:00
909,238,910,2026-01-05 12:00:00
910,245,911,2026-01-05 12:00:00
911,246,912,2026-01-05 12:00:00
912,251,913,2026-01-05 12:00:00
913,252,914,2026-01-05 12:00:00
914,256,915,2026-01-05 12:00:00
915,259,916,2026-01-05 12:00:00
916,261,917,2026-01-05 12:00:00
917,262,918,2026-01-05 12:00:00
918,266,919,2026-01-05 12:00:00
919,268,920,2026-01-05 12:00:00
920,272,921,2026-01-05 12:00:00
921,274,922,2026-01-05 12:00:00
922,289,923,2026-01-05 12:00:00
923,291,924,2026-01-05 12:00:00
924,297,925,2026-01-05 12:00:00
925,320,926,2026-01-05 12:00:00
926,321,927,2026-01-05 12:00:00
927,326,928,2026-01-05 12:00:00
928,329,929,2026-01-05 12:00:00
929,330,930,2026-01-05 12:00:00
930,331,931,2026-01-05 12:00:00
931,332,932,2026-01-05 12:00:00
932,345,933,2026-01-05 12:00:00
933,360,934,2026-01-05 12:00:00
934,361,935,2026-01-05 12:00:00
935,365,936,2026-01-05 12:00:00
936,372,937,2026-01-05 12:00:00
937,378,938,2026-01-05 12:00:00
938,392,939,2026-01-05 12:00:00
939,395,940,2026-01-05 12:00:00
940,397,941,2026-01-05 12:00:00
941,406,942,2026-01-05 12:00:00
942,410,943,2026-01-05 12:00:00
943,414,944,2026-01-05 12:00:00
944,420,945,2026-01-05 12:00:00
945,428,946,2026-01-05 12:00:00
946,432,947,2026-01-05 12:00:00
947,434,948,2026-01-05 12:00:00
948,442,949,2026-01-05 12:00:00
949,443,950,2026-01-05 12:00:00
950,444,951,2026-01-05 12:00:00
951,446,952,2026-01-05 12:00:00
952,453,953,2026-01-05 12:00:00
953,458,954,2026-01-05 12:00:00
954,463,955,2026-01-05 12:00:00
955,464,956,2026-01-05 12:00:00
956,465,957,2026-01-05 12:00:00
957,467,958,2026-01-05 12:00:00
958,475,959,2026-01-05 12:00:00
959,480,960,2026-01-05 12:00:00
960,482,961,2026-01-05 12:00:00
961,485,962,2026-01-05 12:00:00
962,489,963,2026-01-05 12:00:00
963,491,964,2026-01-05 12:00:00
964,494,965,2026-01-05 12:00:00
965,499,966,2026-01-05 12:00:00
966,506,967,2026-01-05 12:00:00
967,508,968,2026-01-05 12:00:00
968,509,969,2026-01-05 12:00:00
969,514,970,2026-01-05 12:00:00
970,521,971,2026-01-05 12:00:00
971,528,972,2026-01-05 12:00:00
972,532,973,2026-01-05 12:00:00
973,537,974,2026-01-05 12:00:00
974,542,975,2026-01-05 12:00:00
975,543,976,2026-01-05 12:00:00
976,548,977,2026-01-05 12:00:00
977,555,978,2026-01-05 12:00:00
978,558,979,2026-01-05 12:00:00
979,559,980,2026-01-05 12:00:00
980,579,981,2026-01-05 12:00:00
981,582,982,2026-01-05 12:00:00
982,584,983,2026-01-05 12:00:00
983,587,984,2026-01-05 12:00:00
984,597,985,2026-01-05 12:00:00
985,603,986,2026-01-05 12:00:00
986,615,987,2026-01-05 12:00:00
987,616,988,2026-01-05 12:00:00
988,629,989,2026-01-05 12:00:00
989,637,990,2026-01-05 12:00:00
990,641,991,2026-01-05 12:00:00
991,644,992,2026-01-05 12:00:00
992,646,993,2026-01-05 12:00:00
993,648,994,2026-01-05 12:00:00
994,650,995,2026-01-05 12:00:00
995,654,996,2026-01-05 12:00:00
996,657,997,2026-01-05 12:00:00
997,663,998,2026-01-05 12:00:00
998,665,999,2026-01-05 12:00:00
999,668,1000,2026-01-05 12:00:00
1000,681,1001,2026-01-05 12:00:00
1001,684,1002,2026-01-05 12:00:00
1002,686,1003,2026-01-05 12:00:00
1003,689,1004,2026-01-05 12:00:00
1004,694,1005,2026-01-05 12:00:00
1005,696,1006,2026-01-05 12:00:00
1006,697,1007,2026-01-05 12:00:00
1007,703,1008,2026-01-05 12:00:00
1008,708,1009,2026-01-05 12:00:00
1009,709,1010,2026-01-05 12:00:00
1010,724,1011,2026-01-05 12:00:00
1011,726,1012,2026-01-05 12:00:00
1012,731,1013,2026-01-05 12:00:00
1013,735,1014,2026-01-05 12:00:00
1014,747,1015,2026-01-05 12:00:00
1015,748,1016,2026-01-05 12:00:00
1016,752,1017,2026-01-05 12:00:00
1017,755,1018,2026-01-05 12:00:00
1018,769,1019,2026-01-05 12:00:00
1019,772,1020,2026-01-05 12:00:00
1020,775,1021,2026-01-05 12:00:00
1021,782,1022,2026-01-05 12:00:00
1022,793,1023,2026-01-05 12:00:00
1023,802,1024,2026-01-05 12:00:00
1024,805,1025,2026-01-05 12:00:00
1025,806,1026,2026-01-05 12:00:00
1026,807,1027,2026-01-05 12:00:00
1027,809,1028,2026-01-05 12:00:00
1028,816,1029,2026-01-05 12:00:00
1029,830,1030,2026-01-05 12:00:00
1030,831,1031,2026-01-05 12:00:00
1031,833,1032,2026-01-05 12:00:00
1032,838,1033,2026-01-05 12:00:00
1033,841,1034,2026-01-05 12:00:00
1034,845,1035,2026-01-05 12:00:00
1035,848,1036,2026-01-05 12:00:00
1036,850,1037,2026-01-05 12:00:00
1037,851,1038,2026-01-05 12:00:00
1038,853,1039,2026-01-05 12:00:00
1039,855,1040,2026-01-05 12:00:00
1040,859,1041,2026-01-05 12:00:00
1041,860,1042,2026-01-05 12:00:00
1042,863,1043,2026-01-05 12:00:00
1043,877,1044,2026-01-05 12:00:00
1044,895,1045,2026-01-05 12:00:00
1045,897,1046,2026-01-05 12:00:00
1046,903,1047,2026-01-05 12:00:00
1047,908,1048,2026-01-05 12:00:00
1048,910,1049,2026-01-05 12:00:00
1049,911,1050,2026-01-05 12:00:00
1050,913,1051,2026-01-05 12:00:00
1051,917,1052,2026-01-05 12:00:00
1052,920,1053,2026-01-05 12:00:00
1053,923,1054,2026-01-05 12:00:00
1054,925,1055,2026-01-05 12:00:00
1055,932,1056,2026-01-05 12:00:00
1056,933,1057,2026-01-05 12:00:00
1057,935,1058,2026-01-05 12:00:00
1058,942,1059,2026-01-05 12:00:00
1059,944,1060,2026-01-05 12:00:00
1060,948,1061,2026-01-05 12:00:00
1061,949,1062,2026-01-05 12:00:00
1062,958,1063,2026-01-05 12:00:00
1063,969,1064,2026-01-05 12:00:00
1064,970,1065,2026-01-05 12:00:00
1065,982,1066,2026-01-05 12:00:00
1066,985,1067,2026-01-05 12:00:00
1067,989,1068,2026-01-05 12:00:00
1068,993,1069,2026-01-05 12:00:00
1069,995,1070,2026-01-05 12:00:00
1070,997,1071,2026-01-05 12:00:00
1071,998,1072,2026-01-05 12:00:00
1072,1004,1073,2026-01-05 12:00:00
1073,1010,1074,2026-01-05 12:00:00
1074,1011,1075,2026-01-05 12:00:00
1075,1012,1076,2026-01-05 12:00:00
1076,1018,1077,2026-01-05 12:00:00
1077,1025,1078,2026-01-05 12:00:00
1078,1028,1079,2026-01-05 12:00:00
1079,1031,1080,2026-01-05 12:00:00
1080,1046,1081,2026-01-05 12:00:00
1081,1052,1082,2026-01-05 12:00:00
1082,1054,1083,2026-01-05 12:00:00
1083,4,1084,2026-01-06 12:00:00
1084,9,1085,2026-01-06 12:00:00
1085,12,1086,2026-01-06 12:00:00
1086,22,1087,2026-01-06 12:00:00
1087,28,1088,2026-01-06 12:00:00
1088,34,1089,2026-01-06 12:00:00
1089,47,1090,2026-01-06 12:00:00
1090,49,1091,2026-01-06 12:00:00
1091,51,1092,2026-01-06 12:00:00
1092,59,1093,2026-01-06 12:00:00
1093,67,1094,2026-01-06 12:00:00
1094,70,1095,2026-01-06 12:00:00
1095,74,1096,2026-01-06 12:00:00
1096,80,1097,2026-01-06 12:00:00
1097,84,1098,2026-01-06 12:00:00
1098,94,1099,2026-01-06 12:00:00
1099,104,1100,2026-01-06 12:00:00
1100,109,1101,2026-01-06 12:00:00
1101,111,1102,2026-01-06 12:00:00
1102,113,1103,2026-01-06 12:00:00
1103,118,1104,2026-01-06 12:00:00
1104,124,1105,2026-01-06 12:00:00
1105,125,1106,2026-01-06 12:00:00
1106,159,1107,2026-01-06 12:00:00
1107,169,1108,2026-01-06 12:00:00
1108,170,1109,2026-01-06 12:00:00
1109,182,1110,2026-01-06 12:00:00
1110,186,1111,2026-01-06 12:00:00
1111,188,1112,2026-01-06 12:00:00
1112,191,1113,2026-01-06 12:00:00
1113,193,1114,2026-01-06 12:00:00
1114,197,1115,2026-01-06 12:00:00
1115,200,1116,2026-01-06 12:00:00
1116,203,1117,2026-01-06 12:00:00
1117,212,1118,2026-01-06 12:00:00
1118,218,1119,2026-01-06 12:00:00
1119,219,1120,2026-01-06 12:00:00
1120,223,1121,2026-01-06 12:00:00
1121,234,1122,2026-01-06 12:00:00
1122,238,1123,2026-01-06 12:00:00
1123,251,1124,2026-01-06 12:00:00
1124,257,1125,2026-01-06 12:00:00
1125,258,1126,2026-01-06 12:00:00
1126,263,1127,2026-01-06 12:00:00
1127,265,1128,2026-01-06 12:00:00
1128,274,1129,2026-01-06 12:00:00
1129,278,1130,2026-01-06 12:00:00
1130,283,1131,2026-01-06 12:00:00
1131,292,1132,2026-01-06 12:00:00
1132,297,1133,2026-01-06 12:00:00
1133,299,1134,2026-01-06 12:00:00
1134,305,1135,2026-01-06 12:00:00
1135,313,1136,2026-01-06 12:00:00
1136,332,1137,2026-01-06 12:00:00
1137,337,1138,2026-01-06 12:00:00
1138,340,1139,2026-01-06 12:00:00
1139,342,1140,2026-01-06 12:00:00
1140,356,1141,2026-01-06 12:00:00
1141,357,1142,2026-01-06 12:00:00
1142,362,1143,2026-01-06 12:00:00
1143,376,1144,2026-01-06 12:00:00
1144,379,1145,2026-01-06 12:00:00
1145,382,1146,2026-01-06 12:00:00
1146,386,1147,2026-01-06 12:00:00
1147,387,1148,2026-01-06 12:00:00
1148,389,1149,2026-01-06 12:00:00
1149,390,1150,2026-01-06 12:00:00
1150,405,1151,2026-01-06 12:00:00
1151,411,1152,2026-01-06 12:00:00
1152,412,1153,2026-01-06 12:00:00
1153,416,1154,2026-01-06 12:00:00
1154,423,1155,2026-01-06 12:00:00
1155,430,1156,2026-01-06 12:00:00
1156,441,1157,2026-01-06 12:00:00
1157,446,1158,2026-01-06 12:00:00
1158,452,1159,2026-01-06 12:00:00
1159,453,1160,2026-01-06 12:00:00
1160,455,1161,2026-01-06 12:00:00
1161,456,1162,2026-01-06 12:00:00
1162,461,1163,2026-01-06 12:00:00
1163,467,1164,2026-01-06 12:00:00
1164,472,1165,2026-01-06 12:00:00
1165,483,1166,2026-01-06 12:00:00
1166,485,1167,2026-01-06 12:00:00
1167,487,1168,2026-01-06 12:00:00
1168,494,1169,2026-01-06 12:00:00
1169,495,1170,2026-01-06 12:00:00
1170,499,1171,2026-01-06 12:00:00
1171,500,1172,2026-01-06 12:00:00
1172,502,1173,2026-01-06 12:00:00
1173,507,1174,2026-01-06 12:00:00
1174,511,1175,2026-01-06 12:00:00
1175,520,1176,2026-01-06 12:00:00
1176,521,1177,2026-01-06 12:00:00
1177,525,1178,2026-01-06 12:00:00
1178,528,1179,2026-01-06 12:00:00
1179,531,1180,2026-01-06 12:00:00
1180,535,1181,2026-01-06 12:00:00
1181,543,1182,2026-01-06 12:00:00
1182,544,1183,2026-01-06 12:00:00
1183,552,1184,2026-01-06 12:00:00
1184,553,1185,2026-01-06 12:00:00
1185,558,1186,2026-01-06 12:00:00
1186,559,1187,2026-01-06 12:00:00
1187,565,1188,2026-01-06 12:00:00
1188,566,1189,2026-01-06 12:00:00
1189,567,1190,2026-01-06 12:00:00
1190,569,1191,2026-01-06 12:00:00
1191,570,1192,2026-01-06 12:00:00
1192,571,1193,2026-01-06 12:00:00
1193,574,1194,2026-01-06 12:00:00
1194,583,1195,2026-01-06 12:00:00
1195,586,1196,2026-01-06 12:00:00
1196,591,1197,2026-01-06 12:00:00
1197,593,1198,2026-01-06 12:00:00
1198,599,1199,2026-01-06 12:00:00
1199,602,1200,2026-01-06 12:00:00
1200,605,1201,2026-01-06 12:00:00
1201,619,1202,2026-01-06 12:00:00
1202,628,1203,2026-01-06 12:00:00
1203,631,1204,2026-01-06 12:00:00
1204,636,1205,2026-01-06 12:00:00
1205,643,1206,2026-01-06 12:00:00
1206,646,1207,2026-01-06 12:00:00
1207,647,1208,2026-01-06 12:00:00
1208,653,1209,2026-01-06 12:00:00
1209,655,1210,2026-01-06 12:00:00
1210,662,1211,2026-01-06 12:00:00
1211,664,1212,2026-01-06 12:00:00
1212,666,1213,2026-01-06 12:00:00
1213,672,1214,2026-01-06 12:00:00
1214,682,1215,2026-01-06 12:00:00
1215,695,1216,2026-01-06 12:00:00
1216,697,1217,2026-01-06 12:00:00
1217,699,1218,2026-01-06 12:00:00
1218,707,1219,2026-01-06 12:00:00
1219,715,1220,2026-01-06 12:00:00
1220,727,1221,2026-01-06 12:00:00
1221,737,1222,2026-01-06 12:00:00
1222,746,1223,2026-01-06 12:00:00
1223,753,1224,2026-01-06 12:00:00
1224,756,1225,2026-01-06 12:00:00
1225,758,1226,2026-01-06 12:00:00
1226,763,1227,2026-01-06 12:00:00
1227,764,1228,2026-01-06 12:00:00
1228,765,1229,2026-01-06 12:00:00
1229,770,1230,2026-01-06 12:00:00
1230,778,1231,2026-01-06 12:00:00
1231,781,1232,2026-01-06 12:00:00
1232,783,1233,2026-01-06 12:00:00
1233,786,1234,2026-01-06 12:00:00
1234,789,1235,2026-01-06 12:00:00
1235,791,1236,2026-01-06 12:00:00
1236,795,1237,2026-01-06 12:00:00
1237,796,1238,2026-01-06 12:00:00
1238,802,1239,2026-01-06 12:00:00
1239,803,1240,2026-01-06 12:00:00
1240,809,1241,2026-01-06 12:00:00
1241,814,1242,2026-01-06 12:00:00
1242,815,1243,2026-01-06 12:00:00
1243,816,1244,2026-01-06 12:00:00
1244,821,1245,2026-01-06 12:00:00
1245,833,1246,2026-01-06 12:00:00
1246,845,1247,2026-01-06 12:00:00
1247,846,1248,2026-01-06 12:00:00
1248,849,1249,2026-01-06 12:00:00
1249,850,1250,2026-01-06 12:00:00
1250,862,1251,2026-01-06 12:00:00
1251,867,1252,2026-01-06 12:00:00
1252,874,1253,2026-01-06 12:00:00
1253,877,1254,2026-01-06 12:00:00
1254,885,1255,2026-01-06 12:00:00
1255,887,1256,2026-01-06 12:00:00
1256,889,1257,2026-01-06 12:00:00
1257,890,1258,2026-01-06 12:00:00
1258,896,1259,2026-01-06 12:00:00
1259,904,1260,2026-01-06 12:00:00
1260,911,1261,2026-01-06 12:00:00
1261,924,1262,2026-01-06 12:00:00
1262,925,1263,2026-01-06 12:00:00
1263,939,1264,2026-01-06 12:00:00
1264,944,1265,2026-01-06 12:00:00
1265,950,1266,2026-01-06 12:00:00
1266,956,1267,2026-01-06 12:00:00
1267,963,1268,2026-01-06 12:00:00
1268,965,1269,2026-01-06 12:00:00
1269,966,1270,2026-01-06 12:00:00
1270,968,1271,2026-01-06 12:00:00
1271,969,1272,2026-01-06 12:00:00
1272,970,1273,2026-01-06 12:00:00
1273,971,1274,2026-01-06 12:00:00
1274,974,1275,2026-01-06 12:00:00
1275,980,1276,2026-01-06 12:00:00
1276,982,1277,2026-01-06 12:00:00
1277,983,1278,2026-01-06 12:00:00
1278,986,1279,2026-01-06 12:00:00
1279,998,1280,2026-01-06 12:00:00
1280,1009,1281,2026-01-06 12:00:00
1281,1014,1282,2026-01-06 12:00:00
1282,1017,1283,2026-01-06 12:00:00
1283,1029,1284,2026-01-06 12:00:00
1284,1032,1285,2026-01-06 12:00:00
1285,1033,1286,2026-01-06 12:00:00
1286,1036,1287,2026-01-06 12:00:00
1287,1038,1288,2026-01-06 12:00:00
1288,1044,1289,2026-01-06 12:00:00
1289,1047,1290,2026-01-06 12:00:00
1290,1053,1291,2026-01-06 12:00:00
1291,1057,1292,2026-01-06 12:00:00
1292,1060,1293,2026-01-06 12:00:00
1293,7,1294,2026-01-07 12:00:00
1294,9,1295,2026-01-07 12:00:00
1295,10,1296,2026-01-07 12:00:00
1296,11,1297,2026-01-07 12:00:00
1297,17,1298,2026-01-07 12:00:00
1298,20,1299,2026-01-07 12:00:00
1299,30,1300,2026-01-07 12:00:00
1300,33,1301,2026-01-07 12:00:00
1301,34,1302,2026-01-07 12:00:00
1302,37,1303,2026-01-07 12:00:00
1303,45,1304,2026-01-07 12:00:00
1304,46,1305,2026-01-07 12:00:00
1305,51,1306,2026-01-07 12:00:00
1306,52,1307,2026-01-07 12:00:00
1307,61,1308,2026-01-07 12:00:00
1308,63,1309,2026-01-07 12:00:00
1309,65,1310,2026-01-07 12:00:00
1310,70,1311,2026-01-07 12:00:00
1311,91,1312,2026-01-07 12:00:00
1312,98,1313,2026-01-07 12:00:00
1313,105,1314,2026-01-07 12:00:00
1314,107,1315,2026-01-07 12:00:00
1315,110,1316,2026-01-07 12:00:00
1316,117,1317,2026-01-07 12:00:00
1317,127,1318,2026-01-07 12:00:00
1318,129,1319,2026-01-07 12:00:00
1319,155,1320,2026-01-07 12:00:00
1320,160,1321,2026-01-07 12:00:00
1321,168,1322,2026-01-07 12:00:00
1322,171,1323,2026-01-07 12:00:00
1323,177,1324,2026-01-07 12:00:00
1324,178,1325,2026-01-07 12:00:00
1325,182,1326,2026-01-07 12:00:00
1326,183,1327,2026-01-07 12:00:00
1327,184,1328,2026-01-07 12:00:00
1328,187,1329,2026-01-07 12:00:00
1329,188,1330,2026-01-07 12:00:00
1330,196,1331,2026-01-07 12:00:00
1331,212,1332,2026-01-07 12:00:00
1332,213,1333,2026-01-07 12:00:00
1333,216,1334,2026-01-07 12:00:00
1334,219,1335,2026-01-07 12:00:00
1335,221,1336,2026-01-07 12:00:00
1336,229,1337,2026-01-07 12:00:00
1337,235,1338,2026-01-07 12:00:00
1338,238,1339,2026-01-07 12:00:00
1339,239,1340,2026-01-07 12:00:00
1340,240,1341,2026-01-07 12:00:00
1341,253,1342,2026-01-07 12:00:00
1342,260,1343,2026-01-07 12:00:00
1343,262,1344,2026-01-07 12:00:00
1344,270,1345,2026-01-07 12:00:00
1345,271,1346,2026-01-07 12:00:00
1346,275,1347,2026-01-07 12:00:00
1347,281,1348,2026-01-07 12:00:00
1348,286,1349,2026-01-07 12:00:00
1349,295,1350,2026-01-07 12:00:00
1350,298,1351,2026-01-07 12:00:00
1351,310,1352,2026-01-07 12:00:00
1352,325,1353,2026-01-07 12:00:00
1353,328,1354,2026-01-07 12:00:00
1354,331,1355,2026-01-07 12:00:00
1355,334,1356,2026-01-07 12:00:00
1356,347,1357,2026-01-07 12:00:00
1357,350,1358,2026-01-07 12:00:00
1358,358,1359,2026-01-07 12:00:00
1359,359,1360,2026-01-07 12:00:00
1360,360,1361,2026-01-07 12:00:00
1361,364,1362,2026-01-07 12:00:00
1362,369,1363,2026-01-07 12:00:00
1363,370,1364,2026-01-07 12:00:00
1364,387,1365,2026-01-07 12:00:00
1365,390,1366,2026-01-07 12:00:00
1366,399,1367,2026-01-07 12:00:00
1367,403,1368,2026-01-07 12:00:00
1368,404,1369,2026-01-07 12:00:00
1369,407,1370,2026-01-07 12:00:00
1370,419,1371,2026-01-07 12:00:00
1371,420,1372,2026-01-07 12:00:00
1372,423,1373,2026-01-07 12:00:00
1373,428,1374,2026-01-07 12:00:00
1374,429,1375,2026-01-07 12:00:00
1375,434,1376,2026-01-07 12:00:00
1376,439,1377,2026-01-07 12:00:00
1377,441,1378,2026-01-07 12:00:00
1378,443,1379,2026-01-07 12:00:00
1379,449,1380,2026-01-07 12:00:00
1380,457,1381,2026-01-07 12:00:00
1381,458,1382,2026-01-07 12:00:00
1382,460,1383,2026-01-07 12:00:00
1383,463,1384,2026-01-07 12:00:00
1384,465,1385,2026-01-07 12:00:00
1385,475,1386,2026-01-07 12:00:00
1386,479,1387,2026-01-07 12:00:00
1387,486,1388,2026-01-07 12:00:00
1388,490,1389,2026-01-07 12:00:00
1389,491,1390,2026-01-07 12:00:00
1390,492,1391,2026-01-07 12:00:00
1391,495,1392,2026-01-07 12:00:00
1392,502,1393,2026-01-07 12:00:00
1393,504,1394,2026-01-07 12:00:00
1394,508,1395,2026-01-07 12:00:00
1395,510,1396,2026-01-07 12:00:00
1396,511,1397,2026-01-07 12:00:00
1397,514,1398,2026-01-07 12:00:00
1398,515,1399,2026-01-07 12:00:00
1399,527,1400,2026-01-07 12:00:00
1400,531,1401,2026-01-07 12:00:00
1401,538,1402,2026-01-07 12:00:00
1402,549,1403,2026-01-07 12:00:00
1403,550,1404,2026-01-07 12:00:00
1404,551,1405,2026-01-07 12:00:00
1405,557,1406,2026-01-07 12:00:00
1406,560,1407,2026-01-07 12:00:00
1407,561,1408,2026-01-07 12:00:00
1408,573,1409,2026-01-07 12:00:00
1409,592,1410,2026-01-07 12:00:00
1410,593,1411,2026-01-07 12:00:00
1411,609,1412,2026-01-07 12:00:00
1412,625,1413,2026-01-07 12:00:00
1413,629,1414,2026-01-07 12:00:00
1414,631,1415,2026-01-07 12:00:00
1415,632,1416,2026-01-07 12:00:00
1416,646,1417,2026-01-07 12:00:00
1417,648,1418,2026-01-07 12:00:00
1418,649,1419,2026-01-07 12:00:00
1419,655,1420,2026-01-07 12:00:00
1420,657,1421,2026-01-07 12:00:00
1421,659,1422,2026-01-07 12:00:00
1422,660,1423,2026-01-07 12:00:00
1423,666,1424,2026-01-07 12:00:00
1424,670,1425,2026-01-07 12:00:00
1425,683,1426,2026-01-07 12:00:00
1426,695,1427,2026-01-07 12:00:00
1427,697,1428,2026-01-07 12:00:00
1428,700,1429,2026-01-07 12:00:00
1429,711,1430,2026-01-07 12:00:00
1430,721,1431,2026-01-07 12:00:00
1431,729,1432,2026-01-07 12:00:00
1432,734,1433,2026-01-07 12:00:00
1433,749,1434,2026-01-07 12:00:00
1434,751,1435,2026-01-07 12:00:00
1435,760,1436,2026-01-07 12:00:00
1436,766,1437,2026-01-07 12:00:00
1437,773,1438,2026-01-07 12:00:00
1438,786,1439,2026-01-07 12:00:00
1439,787,1440,2026-01-07 12:00:00
1440,789,1441,2026-01-07 12:00:00
1441,795,1442,2026-01-07 12:00:00
1442,806,1443,2026-01-07 12:00:00
1443,807,1444,2026-01-07 12:00:00
1444,812,1445,2026-01-07 12:00:00
1445,813,1446,2026-01-07 12:00:00
1446,826,1447,2026-01-07 12:00:00
1447,838,1448,2026-01-07 12:00:00
1448,839,1449,2026-01-07 12:00:00
1449,840,1450,2026-01-07 12:00:00
1450,849,1451,2026-01-07 12:00:00
1451,850,1452,2026-01-07 12:00:00
1452,858,1453,2026-01-07 12:00:00
1453,860,1454,2026-01-07 12:00:00
1454,861,1455,2026-01-07 12:00:00
1455,862,1456,2026-01-07 12:00:00
1456,863,1457,2026-01-07 12:00:00
1457,864,1458,2026-01-07 12:00:00
1458,865,1459,2026-01-07 12:00:00
1459,866,1460,2026-01-07 12:00:00
1460,879,1461,2026-01-07 12:00:00
1461,882,1462,2026-01-07 12:00:00
1462,883,1463,2026-01-07 12:00:00
1463,884,1464,2026-01-07 12:00:00
1464,886,1465,2026-01-07 12:00:00
1465,898,1466,2026-01-07 12:00:00
1466,901,1467,2026-01-07 12:00:00
1467,904,1468,2026-01-07 12:00:00
1468,934,1469,2026-01-07 12:00:00
1469,937,1470,2026-01-07 12:00:00
1470,946,1471,2026-01-07 12:00:00
1471,951,1472,2026-01-07 12:00:00
1472,954,1473,2026-01-07 12:00:00
1473,955,1474,2026-01-07 12:00:00
1474,963,1475,2026-01-07 12:00:00
1475,967,1476,2026-01-07 12:00:00
1476,968,1477,2026-01-07 12:00:00
1477,969,1478,2026-01-07 12:00:00
1478,980,1479,2026-01-07 12:00:00
1479,985,1480,2026-01-07 12:00:00
1480,986,1481,2026-01-07 12:00:00
1481,987,1482,2026-01-07 12:00:00
1482,989,1483,2026-01-07 12:00:00
1483,993,1484,2026-01-07 12:00:00
1484,997,1485,2026-01-07 12:00:00
1485,1001,1486,2026-01-07 12:00:00
1486,1014,1487,2026-01-07 12:00:00
1487,1020,1488,2026-01-07 12:00:00
1488,1024,1489,2026-01-07 12:00:00
1489,1025,1490,2026-01-07 12:00:00
1490,1033,1491,2026-01-07 12:00:00
1491,1035,1492,2026-01-07 12:00:00
1492,1041,1493,2026-01-07 12:00:00
1493,1044,1494,2026-01-07 12:00:00
1494,1045,1495,2026-01-07 12:00:00
1495,1047,1496,2026-01-07 12:00:00
1496,1051,1497,2026-01-07 12:00:00
1497,1052,1498,2026-01-07 12:00:00
1498,7,1499,2026-01-08 12:00:00
1499,16,1500,2026-01-08 12:00:00
1500,22,1501,2026-01-08 12:00:00
1501,24,1502,2026-01-08 12:00:00
1502,25,1503,2026-01-08 12:00:00
1503,27,1504,2026-01-08 12:00:00
1504,28,1505,2026-01-08 12:00:00
1505,48,1506,2026-01-08 12:00:00
1506,50,1507,2026-01-08 12:00:00
1507,53,1508,2026-01-08 12:00:00
1508,69,1509,2026-01-08 12:00:00
1509,70,1510,2026-01-08 12:00:00
1510,72,1511,2026-01-08 12:00:00
1511,77,1512,2026-01-08 12:00:00
1512,79,1513,2026-01-08 12:00:00
1513,81,1514,2026-01-08 12:00:00
1514,93,1515,2026-01-08 12:00:00
1515,95,1516,2026-01-08 12:00:00
1516,96,1517,2026-01-08 12:00:00
1517,102,1518,2026-01-08 12:00:00
1518,104,1519,2026-01-08 12:00:00
1519,105,1520,2026-01-08 12:00:00
1520,108,1521,2026-01-08 12:00:00
1521,115,1522,2026-01-08 12:00:00
1522,118,1523,2026-01-08 12:00:00
1523,130,1524,2026-01-08 12:00:00
1524,131,1525,2026-01-08 12:00:00
1525,136,1526,2026-01-08 12:00:00
1526,143,1527,2026-01-08 12:00:00
1527,148,1528,2026-01-08 12:00:00
1528,149,1529,2026-01-08 12:00:00
1529,150,1530,2026-01-08 12:00:00
1530,154,1531,2026-01-08 12:00:00
1531,168,1532,2026-01-08 12:00:00
1532,176,1533,2026-01-08 12:00:00
1533,180,1534,2026-01-08 12:00:00
1534,181,1535,2026-01-08 12:00:00
1535,182,1536,2026-01-08 12:00:00
1536,184,1537,2026-01-08 12:00:00
1537,188,1538,2026-01-08 12:00:00
1538,198,1539,2026-01-08 12:00:00
1539,204,1540,2026-01-08 12:00:00
1540,206,1541,2026-01-08 12:00:00
1541,207,1542,2026-01-08 12:00:00
1542,211,1543,2026-01-08 12:00:00
1543,226,1544,2026-01-08 12:00:00
1544,229,1545,2026-01-08 12:00:00
1545,230,1546,2026-01-08 12:00:00
1546,245,1547,2026-01-08 12:00:00
1547,246,1548,2026-01-08 12:00:00
1548,251,1549,2026-01-08 12:00:00
1549,255,1550,2026-01-08 12:00:00
1550,257,1551,2026-01-08 12:00:00
1551,266,1552,2026-01-08 12:00:00
1552,277,1553,2026-01-08 12:00:00
1553,281,1554,2026-01-08 12:00:00
1554,283,1555,2026-01-08 12:00:00
1555,285,1556,2026-01-08 12:00:00
1556,287,1557,2026-01-08 12:00:00
1557,289,1558,2026-01-08 12:00:00
1558,290,1559,2026-01-08 12:00:00
1559,300,1560,2026-01-08 12:00:00
1560,315,1561,2026-01-08 12:00:00
1561,317,1562,2026-01-08 12:00:00
1562,326,1563,2026-01-08 12:00:00
1563,328,1564,2026-01-08 12:00:00
1564,334,1565,2026-01-08 12:00:00
1565,336,1566,2026-01-08 12:00:00
1566,337,1567,2026-01-08 12:00:00
1567,342,1568,2026-01-08 12:00:00
1568,356,1569,2026-01-08 12:00:00
1569,358,1570,2026-01-08 12:00:00
1570,363,1571,2026-01-08 12:00:00
1571,382,1572,2026-01-08 12:00:00
1572,385,1573,2026-01-08 12:00:00
1573,393,1574,2026-01-08 12:00:00
1574,406,1575,2026-01-08 12:00:00
1575,409,1576,2026-01-08 12:00:00
1576,410,1577,2026-01-08 12:00:00
1577,413,1578,2026-01-08 12:00:00
1578,414,1579,2026-01-08 12:00:00
1579,419,1580,2026-01-08 12:00:00
1580,420,1581,2026-01-08 12:00:00
1581,423,1582,2026-01-08 12:00:00
1582,435,1583,2026-01-08 12:00:00
1583,440,1584,2026-01-08 12:00:00
1584,457,1585,2026-01-08 12:00:00
1585,461,1586,2026-01-08 12:00:00
1586,465,1587,2026-01-08 12:00:00
1587,467,1588,2026-01-08 12:00:00
1588,468,1589,2026-01-08 12:00:00
1589,475,1590,2026-01-08 12:00:00
1590,481,1591,2026-01-08 12:00:00
1591,489,1592,2026-01-08 12:00:00
1592,492,1593,2026-01-08 12:00:00
1593,494,1594,2026-01-08 12:00:00
1594,498,1595,2026-01-08 12:00:00
1595,504,1596,2026-01-08 12:00:00
1596,509,1597,2026-01-08 12:00:00
1597,513,1598,2026-01-08 12:00:00
1598,514,1599,2026-01-08 12:00:00
1599,527,1600,2026-01-08 12:00:00
1600,528,1601,2026-01-08 12:00:00
1601,529,1602,2026-01-08 12:00:00
1602,533,1603,2026-01-08 12:00:00
1603,537,1604,2026-01-08 12:00:00
1604,544,1605,2026-01-08 12:00:00
1605,547,1606,2026-01-08 12:00:00
1606,548,1607,2026-01-08 12:00:00
1607,564,1608,2026-01-08 12:00:00
1608,566,1609,2026-01-08 12:00:00
1609,568,1610,2026-01-08 12:00:00
1610,569,1611,2026-01-08 12:00:00
1611,585,1612,2026-01-08 12:00:00
1612,594,1613,2026-01-08 12:00:00
1613,603,1614,2026-01-08 12:00:00
1614,612,1615,2026-01-08 12:00:00
1615,615,1616,2026-01-08 12:00:00
1616,619,1617,2026-01-08 12:00:00
1617,620,1618,2026-01-08 12:00:00
1618,625,1619,2026-01-08 12:00:00
1619,628,1620,2026-01-08 12:00:00
1620,634,1621,2026-01-08 12:00:00
1621,635,1622,2026-01-08 12:00:00
1622,638,1623,2026-01-08 12:00:00
1623,643,1624,2026-01-08 12:00:00
1624,647,1625,2026-01-08 12:00:00
1625,648,1626,2026-01-08 12:00:00
1626,652,1627,2026-01-08 12:00:00
1627,657,1628,2026-01-08 12:00:00
1628,677,1629,2026-01-08 12:00:00
1629,684,1630,2026-01-08 12:00:00
1630,692,1631,2026-01-08 12:00:00
1631,693,1632,2026-01-08 12:00:00
1632,698,1633,2026-01-08 12:00:00
1633,706,1634,2026-01-08 12:00:00
1634,712,1635,2026-01-08 12:00:00
1635,717,1636,2026-01-08 12:00:00
1636,724,1637,2026-01-08 12:00:00
1637,726,1638,2026-01-08 12:00:00
1638,730,1639,2026-01-08 12:00:00
1639,734,1640,2026-01-08 12:00:00
1640,735,1641,2026-01-08 12:00:00
1641,746,1642,2026-01-08 12:00:00
1642,748,1643,2026-01-08 12:00:00
1643,750,1644,2026-01-08 12:00:00
1644,751,1645,2026-01-08 12:00:00
1645,754,1646,2026-01-08 12:00:00
1646,755,1647,2026-01-08 12:00:00
1647,762,1648,2026-01-08 12:00:00
1648,772,1649,2026-01-08 12:00:00
1649,779,1650,2026-01-08 12:00:00
1650,782,1651,2026-01-08 12:00:00
1651,783,1652,2026-01-08 12:00:00
1652,786,1653,2026-01-08 12:00:00
1653,787,1654,2026-01-08 12:00:00
1654,788,1655,2026-01-08 12:00:00
1655,792,1656,2026-01-08 12:00:00
1656,797,1657,2026-01-08 12:00:00
1657,802,1658,2026-01-08 12:00:00
1658,817,1659,2026-01-08 12:00:00
1659,818,1660,2026-01-08 12:00:00
1660,820,1661,2026-01-08 12:00:00
1661,823,1662,2026-01-08 12:00:00
1662,825,1663,2026-01-08 12:00:00
1663,831,1664,2026-01-08 12:00:00
1664,838,1665,2026-01-08 12:00:00
1665,854,1666,2026-01-08 12:00:00
1666,858,1667,2026-01-08 12:00:00
1667,859,1668,2026-01-08 12:00:00
1668,871,1669,2026-01-08 12:00:00
1669,874,1670,2026-01-08 12:00:00
1670,884,1671,2026-01-08 12:00:00
1671,894,1672,2026-01-08 12:00:00
1672,905,1673,2026-01-08 12:00:00
1673,906,1674,2026-01-08 12:00:00
1674,907,1675,2026-01-08 12:00:00
1675,916,1676,2026-01-08 12:00:00
1676,928,1677,2026-01-08 12:00:00
1677,930,1678,2026-01-08 12:00:00
1678,934,1679,2026-01-08 12:00:00
1679,939,1680,2026-01-08 12:00:00
1680,942,1681,2026-01-08 12:00:00
1681,943,1682,2026-01-08 12:00:00
1682,945,1683,2026-01-08 12:00:00
1683,946,1684,2026-01-08 12:00:00
1684,957,1685,2026-01-08 12:00:00
1685,968,1686,2026-01-08 12:00:00
1686,970,1687,2026-01-08 12:00:00
1687,971,1688,2026-01-08 12:00:00
1688,972,1689,2026-01-08 12:00:00
1689,1001,1690,2026-01-08 12:00:00
1690,1004,1691,2026-01-08 12:00:00
1691,1008,1692,2026-01-08 12:00:00
1692,1017,1693,2026-01-08 12:00:00
1693,1018,1694,2026-01-08 12:00:00
1694,1020,1695,2026-01-08 12:00:00
1695,1026,1696,2026-01-08 12:00:00
1696,1027,1697,2026-01-08 12:00:00
1697,1031,1698,2026-01-08 12:00:00
1698,1037,1699,2026-01-08 12:00:00
1699,1038,1700,2026-01-08 12:00:00
1700,1046,1701,2026-01-08 12:00:00
1701,1055,1702,2026-01-08 12:00:00
1702,1061,1703,2026-01-08 12:00:00
1703,1072,1704,2026-01-08 12:00:00
1704,1077,1705,2026-01-08 12:00:00
1705,1087,1706,2026-01-08 12:00:00
1706,12,1707,2026-01-09 12:00:00
1707,16,1708,2026-01-09 12:00:00
1708,22,1709,2026-01-09 12:00:00
1709,32,1710,2026-01-09 12:00:00
1710,35,1711,2026-01-09 12:00:00
1711,46,1712,2026-01-09 12:00:00
1712,49,1713,2026-01-09 12:00:00
1713,50,1714,2026-01-09 12:00:00
1714,54,1715,2026-01-09 12:00:00
1715,55,1716,2026-01-09 12:00:00
1716,57,1717,2026-01-09 12:00:00
1717,63,1718,2026-01-09 12:00:00
1718,64,1719,2026-01-09 12:00:00
1719,66,1720,2026-01-09 12:00:00
1720,70,1721,2026-01-09 12:00:00
1721,73,1722,2026-01-09 12:00:00
1722,84,1723,2026-01-09 12:00:00
1723,91,1724,2026-01-09 12:00:00
1724,111,1725,2026-01-09 12:00:00
1725,113,1726,2026-01-09 12:00:00
1726,117,1727,2026-01-09 12:00:00
1727,134,1728,2026-01-09 12:00:00
1728,137,1729,2026-01-09 12:00:00
1729,142,1730,2026-01-09 12:00:00
1730,143,1731,2026-01-09 12:00:00
1731,146,1732,2026-01-09 12:00:00
1732,149,1733,2026-01-09 12:00:00
1733,150,1734,2026-01-09 12:00:00
1734,156,1735,2026-01-09 12:00:00
1735,158,1736,2026-01-09 12:00:00
1736,164,1737,2026-01-09 12:00:00
1737,165,1738,2026-01-09 12:00:00
1738,167,1739,2026-01-09 12:00:00
1739,168,1740,2026-01-09 12:00:00
1740,170,1741,2026-01-09 12:00:00
1741,177,1742,2026-01-09 12:00:00
1742,178,1743,2026-01-09 12:00:00
1743,181,1744,2026-01-09 12:00:00
1744,187,1745,2026-01-09 12:00:00
1745,188,1746,2026-01-09 12:00:00
1746,189,1747,2026-01-09 12:00:00
1747,190,1748,2026-01-09 12:00:00
1748,196,1749,2026-01-09 12:00:00
1749,197,1750,2026-01-09 12:00:00
1750,198,1751,2026-01-09 12:00:00
1751,210,1752,2026-01-09 12:00:00
1752,211,1753,2026-01-09 12:00:00
1753,220,1754,2026-01-09 12:00:00
1754,226,1755,2026-01-09 12:00:00
1755,234,1756,2026-01-09 12:00:00
1756,236,1757,2026-01-09 12:00:00
1757,238,1758,2026-01-09 12:00:00
1758,248,1759,2026-01-09 12:00:00
1759,250,1760,2026-01-09 12:00:00
1760,251,1761,2026-01-09 12:00:00
1761,253,1762,2026-01-09 12:00:00
1762,260,1763,2026-01-09 12:00:00
1763,265,1764,2026-01-09 12:00:00
1764,271,1765,2026-01-09 12:00:00
1765,272,1766,2026-01-09 12:00:00
1766,273,1767,2026-01-09 12:00:00
1767,280,1768,2026-01-09 12:00:00
1768,283,1769,2026-01-09 12:00:00
1769,293,1770,2026-01-09 12:00:00
1770,302,1771,2026-01-09 12:00:00
1771,303,1772,2026-01-09 12:00:00
1772,308,1773,2026-01-09 12:00:00
1773,323,1774,2026-01-09 12:00:00
1774,332,1775,2026-01-09 12:00:00
1775,336,1776,2026-01-09 12:00:00
1776,346,1777,2026-01-09 12:00:00
1777,358,1778,2026-01-09 12:00:00
1778,359,1779,2026-01-09 12:00:00
1779,368,1780,2026-01-09 12:00:00
1780,373,1781,2026-01-09 12:00:00
1781,380,1782,2026-01-09 12:00:00
1782,386,1783,2026-01-09 12:00:00
1783,387,1784,2026-01-09 12:00:00
1784,391,1785,2026-01-09 12:00:00
1785,394,1786,2026-01-09 12:00:00
1786,405,1787,2026-01-09 12:00:00
1787,406,1788,2026-01-09 12:00:00
1788,409,1789,2026-01-09 12:00:00
1789,422,1790,2026-01-09 12:00:00
1790,435,1791,2026-01-09 12:00:00
1791,443,1792,2026-01-09 12:00:00
1792,445,1793,2026-01-09 12:00:00
1793,449,1794,2026-01-09 12:00:00
1794,457,1795,2026-01-09 12:00:00
1795,461,1796,2026-01-09 12:00:00
1796,466,1797,2026-01-09 12:00:00
1797,467,1798,2026-01-09 12:00:00
1798,480,1799,2026-01-09 12:00:00
1799,484,1800,2026-01-09 12:00:00
1800,485,1801,2026-01-09 12:00:00
1801,494,1802,2026-01-09 12:00:00
1802,501,1803,2026-01-09 12:00:00
1803,507,1804,2026-01-09 12:00:00
1804,519,1805,2026-01-09 12:00:00
1805,525,1806,2026-01-09 12:00:00
1806,531,1807,2026-01-09 12:00:00
1807,532,1808,2026-01-09 12:00:00
1808,533,1809,2026-01-09 12:00:00
1809,538,1810,2026-01-09 12:00:00
1810,541,1811,2026-01-09 12:00:00
1811,550,1812,2026-01-09 12:00:00
1812,551,1813,2026-01-09 12:00:00
1813,552,1814,2026-01-09 12:00:00
1814,554,1815,2026-01-09 12:00:00
1815,563,1816,2026-01-09 12:00:00
1816,565,1817,2026-01-09 12:00:00
1817,568,1818,2026-01-09 12:00:00
1818,576,1819,2026-01-09 12:00:00
1819,578,1820,2026-01-09 12:00:00
1820,579,1821,2026-01-09 12:00:00
1821,587,1822,2026-01-09 12:00:00
1822,590,1823,2026-01-09 12:00:00
1823,610,1824,2026-01-09 12:00:00
1824,615,1825,2026-01-09 12:00:00
1825,626,1826,2026-01-09 12:00:00
1826,627,1827,2026-01-09 12:00:00
1827,639,1828,2026-01-09 12:00:00
1828,644,1829,2026-01-09 12:00:00
1829,647,1830,2026-01-09 12:00:00
1830,649,1831,2026-01-09 12:00:00
1831,655,1832,2026-01-09 12:00:00
1832,660,1833,2026-01-09 12:00:00
1833,661,1834,2026-01-09 12:00:00
1834,666,1835,2026-01-09 12:00:00
1835,681,1836,2026-01-09 12:00:00
1836,683,1837,2026-01-09 12:00:00
1837,685,1838,2026-01-09 12:00:00
1838,687,1839,2026-01-09 12:00:00
1839,691,1840,2026-01-09 12:00:00
1840,692,1841,2026-01-09 12:00:00
1841,693,1842,2026-01-09 12:00:00
1842,697,1843,2026-01-09 12:00:00
1843,698,1844,2026-01-09 12:00:00
1844,699,1845,2026-01-09 12:00:00
1845,702,1846,2026-01-09 12:00:00
1846,716,1847,2026-01-09 12:00:00
1847,721,1848,2026-01-09 12:00:00
1848,734,1849,2026-01-09 12:00:00
1849,737,1850,2026-01-09 12:00:00
1850,740,1851,2026-01-09 12:00:00
1851,741,1852,2026-01-09 12:00:00
1852,742,1853,2026-01-09 12:00:00
1853,747,1854,2026-01-09 12:00:00
1854,748,1855,2026-01-09 12:00:00
1855,753,1856,2026-01-09 12:00:00
1856,756,1857,2026-01-09 12:00:00
1857,764,1858,2026-01-09 12:00:00
1858,766,1859,2026-01-09 12:00:00
1859,767,1860,2026-01-09 12:00:00
1860,771,1861,2026-01-09 12:00:00
1861,773,1862,2026-01-09 12:00:00
1862,775,1863,2026-01-09 12:00:00
1863,793,1864,2026-01-09 12:00:00
1864,800,1865,2026-01-09 12:00:00
1865,803,1866,2026-01-09 12:00:00
1866,812,1867,2026-01-09 12:00:00
1867,813,1868,2026-01-09 12:00:00
1868,820,1869,2026-01-09 12:00:00
1869,823,1870,2026-01-09 12:00:00
1870,831,1871,2026-01-09 12:00:00
1871,833,1872,2026-01-09 12:00:00
1872,835,1873,2026-01-09 12:00:00
1873,840,1874,2026-01-09 12:00:00
1874,847,1875,2026-01-09 12:00:00
1875,848,1876,2026-01-09 12:00:00
1876,851,1877,2026-01-09 12:00:00
1877,860,1878,2026-01-09 12:00:00
1878,866,1879,2026-01-09 12:00:00
1879,880,1880,2026-01-09 12:00:00
1880,881,1881,2026-01-09 12:00:00
1881,886,1882,2026-01-09 12:00:00
1882,887,1883,2026-01-09 12:00:00
1883,888,1884,2026-01-09 12:00:00
1884,897,1885,2026-01-09 12:00:00
1885,913,1886,2026-01-09 12:00:00
1886,922,1887,2026-01-09 12:00:00
1887,923,1888,2026-01-09 12:00:00
1888,932,1889,2026-01-09 12:00:00
1889,933,1890,2026-01-09 12:00:00
1890,934,1891,2026-01-09 12:00:00
1891,936,1892,2026-01-09 12:00:00
1892,938,1893,2026-01-09 12:00:00
1893,957,1894,2026-01-09 12:00:00
1894,970,1895,2026-01-09 12:00:00
1895,974,1896,2026-01-09 12:00:00
1896,994,1897,2026-01-09 12:00:00
1897,996,1898,2026-01-09 12:00:00
1898,1000,1899,2026-01-09 12:00:00
1899,1001,1900,2026-01-09 12:00:00
1900,1008,1901,2026-01-09 12:00:00
1901,1010,1902,2026-01-09 12:00:00
1902,1016,1903,2026-01-09 12:00:00
1903,1026,1904,2026-01-09 12:00:00
1904,1030,1905,2026-01-09 12:00:00
1905,1035,1906,2026-01-09 12:00:00
1906,1036,1907,2026-01-09 12:00:00
1907,1037,1908,2026-01-09 12:00:00
1908,1044,1909,2026-01-09 12:00:00
1909,1050,1910,2026-01-09 12:00:00
1910,1051,1911,2026-01-09 12:00:00
1911,1061,1912,2026-01-09 12:00:00
1912,1063,1913,2026-01-09 12:00:00
1913,1077,1914,2026-01-09 12:00:00
1914,1082,1915,2026-01-09 12:00:00
1915,1083,1916,2026-01-09 12:00:00
1916,1092,1917,2026-01-09 12:00:00
1917,1093,1918,2026-01-09 12:00:00
1918,1095,1919,2026-01-09 12:00:00
1919,1101,1920,2026-01-09 12:00:00
1920,2,1921,2026-01-10 12:00:00
1921,3,1922,2026-01-10 12:00:00
1922,6,1923,2026-01-10 12:00:00
1923,10,1924,2026-01-10 12:00:00
1924,13,1925,2026-01-10 12:00:00
1925,22,1926,2026-01-10 12:00:00
1926,24,1927,2026-01-10 12:00:00
1927,25,1928,2026-01-10 12:00:00
1928,33,1929,2026-01-10 12:00:00
1929,34,1930,2026-01-10 12:00:00
1930,42,1931,2026-01-10 12:00:00
1931,45,1932,2026-01-10 12:00:00
1932,49,1933,2026-01-10 12:00:00
1933,52,1934,2026-01-10 12:00:00
1934,61,1935,2026-01-10 12:00:00
1935,75,1936,2026-01-10 12:00:00
1936,78,1937,2026-01-10 12:00:00
1937,84,1938,2026-01-10 12:00:00
1938,85,1939,2026-01-10 12:00:00
1939,89,1940,2026-01-10 12:00:00
1940,90,1941,2026-01-10 12:00:00
1941,92,1942,2026-01-10 12:00:00
1942,94,1943,2026-01-10 12:00:00
1943,107,1944,2026-01-10 12:00:00
1944,110,1945,2026-01-10 12:00:00
1945,113,1946,2026-01-10 12:00:00
1946,114,1947,2026-01-10 12:00:00
1947,116,1948,2026-01-10 12:00:00
1948,125,1949,2026-01-10 12:00:00
1949,133,1950,2026-01-10 12:00:00
1950,137,1951,2026-01-10 12:00:00
1951,142,1952,2026-01-10 12:00:00
1952,148,1953,2026-01-10 12:00:00
1953,150,1954,2026-01-10 12:00:00
1954,157,1955,2026-01-10 12:00:00
1955,158,1956,2026-01-10 12:00:00
1956,159,1957,2026-01-10 12:00:00
1957,160,1958,2026-01-10 12:00:00
1958,165,1959,2026-01-10 12:00:00
1959,174,1960,2026-01-10 12:00:00
1960,175,1961,2026-01-10 12:00:00
1961,182,1962,2026-01-10 12:00:00
1962,184,1963,2026-01-10 12:00:00
1963,200,1964,2026-01-10 12:00:00
1964,202,1965,2026-01-10 12:00:00
1965,208,1966,2026-01-10 12:00:00
1966,216,1967,2026-01-10 12:00:00
1967,218,1968,2026-01-10 12:00:00
1968,222,1969,2026-01-10 12:00:00
1969,223,1970,2026-01-10 12:00:00
1970,226,1971,2026-01-10 12:00:00
1971,238,1972,2026-01-10 12:00:00
1972,240,1973,2026-01-10 12:00:00
1973,245,1974,2026-01-10 12:00:00
1974,246,1975,2026-01-10 12:00:00
1975,256,1976,2026-01-10 12:00:00
1976,257,1977,2026-01-10 12:00:00
1977,283,1978,2026-01-10 12:00:00
1978,288,1979,2026-01-10 12:00:00
1979,302,1980,2026-01-10 12:00:00
1980,315,1981,2026-01-10 12:00:00
1981,322,1982,2026-01-10 12:00:00
1982,323,1983,2026-01-10 12:00:00
1983,329,1984,2026-01-10 12:00:00
1984,330,1985,2026-01-10 12:00:00
1985,331,1986,2026-01-10 12:00:00
1986,336,1987,2026-01-10 12:00:00
1987,340,1988,2026-01-10 12:00:00
1988,341,1989,2026-01-10 12:00:00
1989,343,1990,2026-01-10 12:00:00
1990,350,1991,2026-01-10 12:00:00
1991,351,1992,2026-01-10 12:00:00
1992,354,1993,2026-01-10 12:00:00
1993,356,1994,2026-01-10 12:00:00
1994,358,1995,2026-01-10 12:00:00
1995,367,1996,2026-01-10 12:00:00
1996,370,1997,2026-01-10 12:00:00
1997,378,1998,2026-01-10 12:00:00
1998,381,1999,2026-01-10 12:00:00
1999,382,2000,2026-01-10 12:00:00
2000,390,2001,2026-01-10 12:00:00
2001,392,2002,2026-01-10 12:00:00
2002,397,2003,2026-01-10 12:00:00
2003,405,2004,2026-01-10 12:00:00
2004,415,2005,2026-01-10 12:00:00
2005,420,2006,2026-01-10 12:00:00
2006,428,2007,2026-01-10 12:00:00
2007,442,2008,2026-01-10 12:00:00
2008,444,2009,2026-01-10 12:00:00
2009,447,2010,2026-01-10 12:00:00
2010,459,2011,2026-01-10 12:00:00
2011,473,2012,2026-01-10 12:00:00
2012,481,2013,2026-01-10 12:00:00
2013,483,2014,2026-01-10 12:00:00
2014,485,2015,2026-01-10 12:00:00
2015,486,2016,2026-01-10 12:00:00
2016,491,2017,2026-01-10 12:00:00
2017,493,2018,2026-01-10 12:00:00
2018,494,2019,2026-01-10 12:00:00
2019,499,2020,2026-01-10 12:00:00
2020,503,2021,2026-01-10 12:00:00
2021,504,2022,2026-01-10 12:00:00
2022,506,2023,2026-01-10 12:00:00
2023,508,2024,2026-01-10 12:00:00
2024,509,2025,2026-01-10 12:00:00
2025,514,2026,2026-01-10 12:00:00
2026,520,2027,2026-01-10 12:00:00
2027,532,2028,2026-01-10 12:00:00
2028,533,2029,2026-01-10 12:00:00
2029,536,2030,2026-01-10 12:00:00
2030,543,2031,2026-01-10 12:00:00
2031,544,2032,2026-01-10 12:00:00
2032,545,2033,2026-01-10 12:00:00
2033,549,2034,2026-01-10 12:00:00
2034,560,2035,2026-01-10 12:00:00
2035,569,2036,2026-01-10 12:00:00
2036,575,2037,2026-01-10 12:00:00
2037,586,2038,2026-01-10 12:00:00
2038,590,2039,2026-01-10 12:00:00
2039,595,2040,2026-01-10 12:00:00
2040,600,2041,2026-01-10 12:00:00
2041,601,2042,2026-01-10 12:00:00
2042,611,2043,2026-01-10 12:00:00
2043,612,2044,2026-01-10 12:00:00
2044,619,2045,2026-01-10 12:00:00
2045,627,2046,2026-01-10 12:00:00
2046,631,2047,2026-01-10 12:00:00
2047,636,2048,2026-01-10 12:00:00
2048,639,2049,2026-01-10 12:00:00
2049,642,2050,2026-01-10 12:00:00
2050,643,2051,2026-01-10 12:00:00
2051,644,2052,2026-01-10 12:00:00
2052,645,2053,2026-01-10 12:00:00
2053,646,2054,2026-01-10 12:00:00
2054,650,2055,2026-01-10 12:00:00
2055,652,2056,2026-01-10 12:00:00
2056,653,2057,2026-01-10 12:00:00
2057,657,2058,2026-01-10 12:00:00
2058,658,2059,2026-01-10 12:00:00
2059,659,2060,2026-01-10 12:00:00
2060,670,2061,2026-01-10 12:00:00
2061,671,2062,2026-01-10 12:00:00
2062,675,2063,2026-01-10 12:00:00
2063,677,2064,2026-01-10 12:00:00
2064,680,2065,2026-01-10 12:00:00
2065,684,2066,2026-01-10 12:00:00
2066,686,2067,2026-01-10 12:00:00
2067,688,2068,2026-01-10 12:00:00
2068,696,2069,2026-01-10 12:00:00
2069,697,2070,2026-01-10 12:00:00
2070,710,2071,2026-01-10 12:00:00
2071,725,2072,2026-01-10 12:00:00
2072,726,2073,2026-01-10 12:00:00
2073,728,2074,2026-01-10 12:00:00
2074,736,2075,2026-01-10 12:00:00
2075,737,2076,2026-01-10 12:00:00
2076,739,2077,2026-01-10 12:00:00
2077,742,2078,2026-01-10 12:00:00
2078,744,2079,2026-01-10 12:00:00
2079,750,2080,2026-01-10 12:00:00
2080,754,2081,2026-01-10 12:00:00
2081,758,2082,2026-01-10 12:00:00
2082,762,2083,2026-01-10 12:00:00
2083,765,2084,2026-01-10 12:00:00
2084,771,2085,2026-01-10 12:00:00
2085,772,2086,2026-01-10 12:00:00
2086,775,2087,2026-01-10 12:00:00
2087,778,2088,2026-01-10 12:00:00
2088,782,2089,2026-01-10 12:00:00
2089,786,2090,2026-01-10 12:00:00
2090,791,2091,2026-01-10 12:00:00
2091,797,2092,2026-01-10 12:00:00
2092,805,2093,2026-01-10 12:00:00
2093,807,2094,2026-01-10 12:00:00
2094,839,2095,2026-01-10 12:00:00
2095,841,2096,2026-01-10 12:00:00
2096,844,2097,2026-01-10 12:00:00
2097,846,2098,2026-01-10 12:00:00
2098,847,2099,2026-01-10 12:00:00
2099,848,2100,2026-01-10 12:00:00
2100,853,2101,2026-01-10 12:00:00
2101,854,2102,2026-01-10 12:00:00
2102,856,2103,2026-01-10 12:00:00
2103,858,2104,2026-01-10 12:00:00
2104,863,2105,2026-01-10 12:00:00
2105,865,2106,2026-01-10 12:00:00
2106,868,2107,2026-01-10 12:00:00
2107,874,2108,2026-01-10 12:00:00
2108,884,2109,2026-01-10 12:00:00
2109,885,2110,2026-01-10 12:00:00
2110,886,2111,2026-01-10 12:00:00
2111,888,2112,2026-01-10 12:00:00
2112,893,2113,2026-01-10 12:00:00
2113,900,2114,2026-01-10 12:00:00
2114,907,2115,2026-01-10 12:00:00
2115,917,2116,2026-01-10 12:00:00
2116,931,2117,2026-01-10 12:00:00
2117,941,2118,2026-01-10 12:00:00
2118,948,2119,2026-01-10 12:00:00
2119,949,2120,2026-01-10 12:00:00
2120,950,2121,2026-01-10 12:00:00
2121,951,2122,2026-01-10 12:00:00
2122,963,2123,2026-01-10 12:00:00
2123,965,2124,2026-01-10 12:00:00
2124,967,2125,2026-01-10 12:00:00
2125,976,2126,2026-01-10 12:00:00
2126,978,2127,2026-01-10 12:00:00
2127,979,2128,2026-01-10 12:00:00
2128,982,2129,2026-01-10 12:00:00
2129,983,2130,2026-01-10 12:00:00
2130,988,2131,2026-01-10 12:00:00
2131,997,2132,2026-01-10 12:00:00
2132,1008,2133,2026-01-10 12:00:00
2133,1013,2134,2026-01-10 12:00:00
2134,1017,2135,2026-01-10 12:00:00
2135,1026,2136,2026-01-10 12:00:00
2136,1028,2137,2026-01-10 12:00:00
2137,1036,2138,2026-01-10 12:00:00
2138,1041,2139,2026-01-10 12:00:00
2139,1044,2140,2026-01-10 12:00:00
2140,1065,2141,2026-01-10 12:00:00
2141,1074,2142,2026-01-10 12:00:00
2142,1075,2143,2026-01-10 12:00:00
2143,1077,2144,2026-01-10 12:00:00
2144,1081,2145,2026-01-10 12:00:00
2145,1082,2146,2026-01-10 12:00:00
2146,1084,2147,2026-01-10 12:00:00
2147,1089,2148,2026-01-10 12:00:00
2148,1112,2149,2026-01-10 12:00:00
2149,1117,2150,2026-01-10 12:00:00
2150,1118,2151,2026-01-10 12:00:00
2151,12,2152,2026-01-11 12:00:00
2152,17,2153,2026-01-11 12:00:00
2153,19,2154,2026-01-11 12:00:00
2154,21,2155,2026-01-11 12:00:00
2155,28,2156,2026-01-11 12:00:00
2156,29,2157,2026-01-11 12:00:00
2157,32,2158,2026-01-11 12:00:00
2158,34,2159,2026-01-11 12:00:00
2159,35,2160,2026-01-11 12:00:00
2160,36,2161,2026-01-11 12:00:00
2161,37,2162,2026-01-11 12:00:00
2162,41,2163,2026-01-11 12:00:00
2163,42,2164,2026-01-11 12:00:00
2164,43,2165,2026-01-11 12:00:00
2165,64,2166,2026-01-11 12:00:00
2166,65,2167,2026-01-11 12:00:00
2167,73,2168,2026-01-11 12:00:00
2168,74,2169,2026-01-11 12:00:00
2169,76,2170,2026-01-11 12:00:00
2170,83,2171,2026-01-11 12:00:00
2171,89,2172,2026-01-11 12:00:00
2172,90,2173,2026-01-11 12:00:00
2173,101,2174,2026-01-11 12:00:00
2174,102,2175,2026-01-11 12:00:00
2175,105,2176,2026-01-11 12:00:00
2176,111,2177,2026-01-11 12:00:00
2177,115,2178,2026-01-11 12:00:00
2178,122,2179,2026-01-11 12:00:00
2179,123,2180,2026-01-11 12:00:00
2180,126,2181,2026-01-11 12:00:00
2181,127,2182,2026-01-11 12:00:00
2182,129,2183,2026-01-11 12:00:00
2183,143,2184,2026-01-11 12:00:00
2184,146,2185,2026-01-11 12:00:00
2185,149,2186,2026-01-11 12:00:00
2186,150,2187,2026-01-11 12:00:00
2187,153,2188,2026-01-11 12:00:00
2188,154,2189,2026-01-11 12:00:00
2189,158,2190,2026-01-11 12:00:00
2190,163,2191,2026-01-11 12:00:00
2191,167,2192,2026-01-11 12:00:00
2192,168,2193,2026-01-11 12:00:00
2193,169,2194,2026-01-11 12:00:00
2194,178,2195,2026-01-11 12:00:00
2195,185,2196,2026-01-11 12:00:00
2196,187,2197,2026-01-11 12:00:00
2197,188,2198,2026-01-11 12:00:00
2198,189,2199,2026-01-11 12:00:00
2199,190,2200,2026-01-11 12:00:00
2200,195,2201,2026-01-11 12:00:00
2201,205,2202,2026-01-11 12:00:00
2202,206,2203,2026-01-11 12:00:00
2203,209,2204,2026-01-11 12:00:00
2204,211,2205,2026-01-11 12:00:00
2205,212,2206,2026-01-11 12:00:00
2206,213,2207,2026-01-11 12:00:00
2207,218,2208,2026-01-11 12:00:00
2208,225,2209,2026-01-11 12:00:00
2209,232,2210,2026-01-11 12:00:00
2210,243,2211,2026-01-11 12:00:00
2211,266,2212,2026-01-11 12:00:00
2212,270,2213,2026-01-11 12:00:00
2213,272,2214,2026-01-11 12:00:00
2214,275,2215,2026-01-11 12:00:00
2215,277,2216,2026-01-11 12:00:00
2216,280,2217,2026-01-11 12:00:00
2217,287,2218,2026-01-11 12:00:00
2218,295,2219,2026-01-11 12:00:00
2219,303,2220,2026-01-11 12:00:00
2220,304,2221,2026-01-11 12:00:00
2221,308,2222,2026-01-11 12:00:00
2222,319,2223,2026-01-11 12:00:00
2223,320,2224,2026-01-11 12:00:00
2224,322,2225,2026-01-11 12:00:00
2225,323,2226,2026-01-11 12:00:00
2226,325,2227,2026-01-11 12:00:00
2227,330,2228,2026-01-11 12:00:00
2228,331,2229,2026-01-11 12:00:00
2229,332,2230,2026-01-11 12:00:00
2230,353,2231,2026-01-11 12:00:00
2231,354,2232,2026-01-11 12:00:00
2232,358,2233,2026-01-11 12:00:00
2233,368,2234,2026-01-11 12:00:00
2234,370,2235,2026-01-11 12:00:00
2235,380,2236,2026-01-11 12:00:00
2236,385,2237,2026-01-11 12:00:00
2237,386,2238,2026-01-11 12:00:00
2238,389,2239,2026-01-11 12:00:00
2239,400,2240,2026-01-11 12:00:00
2240,401,2241,2026-01-11 12:00:00
2241,411,2242,2026-01-11 12:00:00
2242,419,2243,2026-01-11 12:00:00
2243,423,2244,2026-01-11 12:00:00
2244,429,2245,2026-01-11 12:00:00
2245,434,2246,2026-01-11 12:00:00
2246,441,2247,2026-01-11 12:00:00
2247,446,2248,2026-01-11 12:00:00
2248,450,2249,2026-01-11 12:00:00
2249,457,2250,2026-01-11 12:00:00
2250,458,2251,2026-01-11 12:00:00
2251,459,2252,2026-01-11 12:00:00
2252,460,2253,2026-01-11 12:00:00
2253,465,2254,2026-01-11 12:00:00
2254,477,2255,2026-01-11 12:00:00
2255,479,2256,2026-01-11 12:00:00
2256,480,2257,2026-01-11 12:00:00
2257,482,2258,2026-01-11 12:00:00
2258,499,2259,2026-01-11 12:00:00
2259,501,2260,2026-01-11 12:00:00
2260,506,2261,2026-01-11 12:00:00
2261,509,2262,2026-01-11 12:00:00
2262,511,2263,2026-01-11 12:00:00
2263,513,2264,2026-01-11 12:00:00
2264,525,2265,2026-01-11 12:00:00
2265,529,2266,2026-01-11 12:00:00
2266,530,2267,2026-01-11 12:00:00
2267,540,2268,2026-01-11 12:00:00
2268,541,2269,2026-01-11 12:00:00
2269,543,2270,2026-01-11 12:00:00
2270,552,2271,2026-01-11 12:00:00
2271,558,2272,2026-01-11 12:00:00
2272,559,2273,2026-01-11 12:00:00
2273,561,2274,2026-01-11 12:00:00
2274,564,2275,2026-01-11 12:00:00
2275,571,2276,2026-01-11 12:00:00
2276,575,2277,2026-01-11 12:00:00
2277,579,2278,2026-01-11 12:00:00
2278,580,2279,2026-01-11 12:00:00
2279,583,2280,2026-01-11 12:00:00
2280,588,2281,2026-01-11 12:00:00
2281,590,2282,2026-01-11 12:00:00
2282,598,2283,2026-01-11 12:00:00
2283,641,2284,2026-01-11 12:00:00
2284,642,2285,2026-01-11 12:00:00
2285,648,2286,2026-01-11 12:00:00
2286,650,2287,2026-01-11 12:00:00
2287,655,2288,2026-01-11 12:00:00
2288,656,2289,2026-01-11 12:00:00
2289,657,2290,2026-01-11 12:00:00
2290,667,2291,2026-01-11 12:00:00
2291,673,2292,2026-01-11 12:00:00
2292,680,2293,2026-01-11 12:00:00
2293,683,2294,2026-01-11 12:00:00
2294,685,2295,2026-01-11 12:00:00
2295,696,2296,2026-01-11 12:00:00
2296,705,2297,2026-01-11 12:00:00
2297,713,2298,2026-01-11 12:00:00
2298,717,2299,2026-01-11 12:00:00
2299,723,2300,2026-01-11 12:00:00
2300,729,2301,2026-01-11 12:00:00
2301,730,2302,2026-01-11 12:00:00
2302,732,2303,2026-01-11 12:00:00
2303,739,2304,2026-01-11 12:00:00
2304,749,2305,2026-01-11 12:00:00
2305,751,2306,2026-01-11 12:00:00
2306,754,2307,2026-01-11 12:00:00
2307,761,2308,2026-01-11 12:00:00
2308,762,2309,2026-01-11 12:00:00
2309,768,2310,2026-01-11 12:00:00
2310,780,2311,2026-01-11 12:00:00
2311,783,2312,2026-01-11 12:00:00
2312,786,2313,2026-01-11 12:00:00
2313,787,2314,2026-01-11 12:00:00
2314,801,2315,2026-01-11 12:00:00
2315,804,2316,2026-01-11 12:00:00
2316,814,2317,2026-01-11 12:00:00
2317,815,2318,2026-01-11 12:00:00
2318,821,2319,2026-01-11 12:00:00
2319,822,2320,2026-01-11 12:00:00
2320,823,2321,2026-01-11 12:00:00
2321,825,2322,2026-01-11 12:00:00
2322,838,2323,2026-01-11 12:00:00
2323,841,2324,2026-01-11 12:00:00
2324,851,2325,2026-01-11 12:00:00
2325,856,2326,2026-01-11 12:00:00
2326,857,2327,2026-01-11 12:00:00
2327,860,2328,2026-01-11 12:00:00
2328,880,2329,2026-01-11 12:00:00
2329,884,2330,2026-01-11 12:00:00
2330,899,2331,2026-01-11 12:00:00
2331,900,2332,2026-01-11 12:00:00
2332,910,2333,2026-01-11 12:00:00
2333,911,2334,2026-01-11 12:00:00
2334,930,2335,2026-01-11 12:00:00
2335,938,2336,2026-01-11 12:00:00
2336,941,2337,2026-01-11 12:00:00
2337,943,2338,2026-01-11 12:00:00
2338,953,2339,2026-01-11 12:00:00
2339,958,2340,2026-01-11 12:00:00
2340,959,2341,2026-01-11 12:00:00
2341,963,2342,2026-01-11 12:00:00
2342,965,2343,2026-01-11 12:00:00
2343,966,2344,2026-01-11 12:00:00
2344,969,2345,2026-01-11 12:00:00
2345,972,2346,2026-01-11 12:00:00
2346,974,2347,2026-01-11 12:00:00
2347,986,2348,2026-01-11 12:00:00
2348,991,2349,2026-01-11 12:00:00
2349,1005,2350,2026-01-11 12:00:00
2350,1008,2351,2026-01-11 12:00:00
2351,1009,2352,2026-01-11 12:00:00
2352,1022,2353,2026-01-11 12:00:00
2353,1025,2354,2026-01-11 12:00:00
2354,1029,2355,2026-01-11 12:00:00
2355,1034,2356,2026-01-11 12:00:00
2356,1035,2357,2026-01-11 12:00:00
2357,1038,2358,2026-01-11 12:00:00
2358,1052,2359,2026-01-11 12:00:00
2359,1056,2360,2026-01-11 12:00:00
2360,1063,2361,2026-01-11 12:00:00
2361,1065,2362,2026-01-11 12:00:00
2362,1068,2363,2026-01-11 12:00:00
2363,1070,2364,2026-01-11 12:00:00
2364,1074,2365,2026-01-11 12:00:00
2365,1084,2366,2026-01-11 12:00:00
2366,1094,2367,2026-01-11 12:00:00
2367,1100,2368,2026-01-11 12:00:00
2368,1104,2369,2026-01-11 12:00:00
2369,1106,2370,2026-01-11 12:00:00
2370,1125,2371,2026-01-11 12:00:00
2371,1,2372,2026-01-12 12:00:00
2372,2,2373,2026-01-12 12:00:00
2373,3,2374,2026-01-12 12:00:00
2374,4,2375,2026-01-12 12:00:00
2375,7,2376,2026-01-12 12:00:00
2376,10,2377,2026-01-12 12:00:00
2377,21,2378,2026-01-12 12:00:00
2378,27,2379,2026-01-12 12:00:00
2379,34,2380,2026-01-12 12:00:00
2380,42,2381,2026-01-12 12:00:00
2381,46,2382,2026-01-12 12:00:00
2382,57,2383,2026-01-12 12:00:00
2383,60,2384,2026-01-12 12:00:00
2384,61,2385,2026-01-12 12:00:00
2385,64,2386,2026-01-12 12:00:00
2386,84,2387,2026-01-12 12:00:00
2387,85,2388,2026-01-12 12:00:00
2388,107,2389,2026-01-12 12:00:00
2389,108,2390,2026-01-12 12:00:00
2390,118,2391,2026-01-12 12:00:00
2391,120,2392,2026-01-12 12:00:00
2392,125,2393,2026-01-12 12:00:00
2393,126,2394,2026-01-12 12:00:00
2394,127,2395,2026-01-12 12:00:00
2395,139,2396,2026-01-12 12:00:00
2396,140,2397,2026-01-12 12:00:00
2397,142,2398,2026-01-12 12:00:00
2398,145,2399,2026-01-12 12:00:00
2399,149,2400,2026-01-12 12:00:00
2400,152,2401,2026-01-12 12:00:00
2401,158,2402,2026-01-12 12:00:00
2402,161,2403,2026-01-12 12:00:00
2403,166,2404,2026-01-12 12:00:00
2404,175,2405,2026-01-12 12:00:00
2405,183,2406,2026-01-12 12:00:00
2406,195,2407,2026-01-12 12:00:00
2407,218,2408,2026-01-12 12:00:00
2408,220,2409,2026-01-12 12:00:00
2409,222,2410,2026-01-12 12:00:00
2410,234,2411,2026-01-12 12:00:00
2411,235,2412,2026-01-12 12:00:00
2412,238,2413,2026-01-12 12:00:00
2413,246,2414,2026-01-12 12:00:00
2414,247,2415,2026-01-12 12:00:00
2415,257,2416,2026-01-12 12:00:00
2416,260,2417,2026-01-12 12:00:00
2417,275,2418,2026-01-12 12:00:00
2418,277,2419,2026-01-12 12:00:00
2419,283,2420,2026-01-12 12:00:00
2420,301,2421,2026-01-12 12:00:00
2421,304,2422,2026-01-12 12:00:00
2422,309,2423,2026-01-12 12:00:00
2423,312,2424,2026-01-12 12:00:00
2424,313,2425,2026-01-12 12:00:00
2425,319,2426,2026-01-12 12:00:00
2426,322,2427,2026-01-12 12:00:00
2427,323,2428,2026-01-12 12:00:00
2428,328,2429,2026-01-12 12:00:00
2429,337,2430,2026-01-12 12:00:00
2430,338,2431,2026-01-12 12:00:00
2431,345,2432,2026-01-12 12:00:00
2432,349,2433,2026-01-12 12:00:00
2433,350,2434,2026-01-12 12:00:00
2434,352,2435,2026-01-12 12:00:00
2435,355,2436,2026-01-12 12:00:00
2436,362,2437,2026-01-12 12:00:00
2437,365,2438,2026-01-12 12:00:00
2438,368,2439,2026-01-12 12:00:00
2439,375,2440,2026-01-12 12:00:00
2440,376,2441,2026-01-12 12:00:00
2441,382,2442,2026-01-12 12:00:00
2442,384,2443,2026-01-12 12:00:00
2443,388,2444,2026-01-12 12:00:00
2444,389,2445,2026-01-12 12:00:00
2445,390,2446,2026-01-12 12:00:00
2446,401,2447,2026-01-12 12:00:00
2447,412,2448,2026-01-12 12:00:00
2448,426,2449,2026-01-12 12:00:00
2449,431,2450,2026-01-12 12:00:00
2450,436,2451,2026-01-12 12:00:00
2451,445,2452,2026-01-12 12:00:00
2452,447,2453,2026-01-12 12:00:00
2453,448,2454,2026-01-12 12:00:00
2454,451,2455,2026-01-12 12:00:00
2455,461,2456,2026-01-12 12:00:00
2456,463,2457,2026-01-12 12:00:00
2457,468,2458,2026-01-12 12:00:00
2458,469,2459,2026-01-12 12:00:00
2459,470,2460,2026-01-12 12:00:00
2460,473,2461,2026-01-12 12:00:00
2461,481,2462,2026-01-12 12:00:00
2462,497,2463,2026-01-12 12:00:00
2463,503,2464,2026-01-12 12:00:00
2464,505,2465,2026-01-12 12:00:00
2465,512,2466,2026-01-12 12:00:00
2466,513,2467,2026-01-12 12:00:00
2467,514,2468,2026-01-12 12:00:00
2468,520,2469,2026-01-12 12:00:00
2469,524,2470,2026-01-12 12:00:00
2470,526,2471,2026-01-12 12:00:00
2471,529,2472,2026-01-12 12:00:00
2472,534,2473,2026-01-12 12:00:00
2473,536,2474,2026-01-12 12:00:00
2474,543,2475,2026-01-12 12:00:00
2475,544,2476,2026-01-12 12:00:00
2476,548,2477,2026-01-12 12:00:00
2477,553,2478,2026-01-12 12:00:00
2478,554,2479,2026-01-12 12:00:00
2479,566,2480,2026-01-12 12:00:00
2480,569,2481,2026-01-12 12:00:00
2481,583,2482,2026-01-12 12:00:00
2482,586,2483,2026-01-12 12:00:00
2483,588,2484,2026-01-12 12:00:00
2484,593,2485,2026-01-12 12:00:00
2485,596,2486,2026-01-12 12:00:00
2486,601,2487,2026-01-12 12:00:00
2487,602,2488,2026-01-12 12:00:00
2488,608,2489,2026-01-12 12:00:00
2489,611,2490,2026-01-12 12:00:00
2490,613,2491,2026-01-12 12:00:00
2491,615,2492,2026-01-12 12:00:00
2492,617,2493,2026-01-12 12:00:00
2493,619,2494,2026-01-12 12:00:00
2494,624,2495,2026-01-12 12:00:00
2495,631,2496,2026-01-12 12:00:00
2496,633,2497,2026-01-12 12:00:00
2497,638,2498,2026-01-12 12:00:00
2498,640,2499,2026-01-12 12:00:00
2499,648,2500,2026-01-12 12:00:00
2500,649,2501,2026-01-12 12:00:00
2501,653,2502,2026-01-12 12:00:00
2502,657,2503,2026-01-12 12:00:00
2503,661,2504,2026-01-12 12:00:00
2504,673,2505,2026-01-12 12:00:00
2505,679,2506,2026-01-12 12:00:00
2506,682,2507,2026-01-12 12:00:00
2507,686,2508,2026-01-12 12:00:00
2508,692,2509,2026-01-12 12:00:00
2509,708,2510,2026-01-12 12:00:00
2510,709,2511,2026-01-12 12:00:00
2511,712,2512,2026-01-12 12:00:00
2512,714,2513,2026-01-12 12:00:00
2513,720,2514,2026-01-12 12:00:00
2514,723,2515,2026-01-12 12:00:00
2515,728,2516,2026-01-12 12:00:00
2516,733,2517,2026-01-12 12:00:00
2517,739,2518,2026-01-12 12:00:00
2518,757,2519,2026-01-12 12:00:00
2519,762,2520,2026-01-12 12:00:00
2520,764,2521,2026-01-12 12:00:00
2521,771,2522,2026-01-12 12:00:00
2522,773,2523,2026-01-12 12:00:00
2523,775,2524,2026-01-12 12:00:00
2524,776,2525,2026-01-12 12:00:00
2525,779,2526,2026-01-12 12:00:00
2526,780,2527,2026-01-12 12:00:00
2527,785,2528,2026-01-12 12:00:00
2528,787,2529,2026-01-12 12:00:00
2529,813,2530,2026-01-12 12:00:00
2530,836,2531,2026-01-12 12:00:00
2531,839,2532,2026-01-12 12:00:00
2532,841,2533,2026-01-12 12:00:00
2533,844,2534,2026-01-12 12:00:00
2534,849,2535,2026-01-12 12:00:00
2535,854,2536,2026-01-12 12:00:00
2536,861,2537,2026-01-12 12:00:00
2537,864,2538,2026-01-12 12:00:00
2538,874,2539,2026-01-12 12:00:00
2539,880,2540,2026-01-12 12:00:00
2540,881,2541,2026-01-12 12:00:00
2541,882,2542,2026-01-12 12:00:00
2542,883,2543,2026-01-12 12:00:00
2543,886,2544,2026-01-12 12:00:00
2544,888,2545,2026-01-12 12:00:00
2545,889,2546,2026-01-12 12:00:00
2546,892,2547,2026-01-12 12:00:00
2547,901,2548,2026-01-12 12:00:00
2548,919,2549,2026-01-12 12:00:00
2549,931,2550,2026-01-12 12:00:00
2550,941,2551,2026-01-12 12:00:00
2551,945,2552,2026-01-12 12:00:00
2552,952,2553,2026-01-12 12:00:00
2553,955,2554,2026-01-12 12:00:00
2554,957,2555,2026-01-12 12:00:00
2555,972,2556,2026-01-12 12:00:00
2556,979,2557,2026-01-12 12:00:00
2557,983,2558,2026-01-12 12:00:00
2558,989,2559,2026-01-12 12:00:00
2559,993,2560,2026-01-12 12:00:00
2560,997,2561,2026-01-12 12:00:00
2561,999,2562,2026-01-12 12:00:00
2562,1003,2563,2026-01-12 12:00:00
2563,1006,2564,2026-01-12 12:00:00
2564,1007,2565,2026-01-12 12:00:00
2565,1008,2566,2026-01-12 12:00:00
2566,1012,2567,2026-01-12 12:00:00
2567,1017,2568,2026-01-12 12:00:00
2568,1023,2569,2026-01-12 12:00:00
2569,1030,2570,2026-01-12 12:00:00
2570,1031,2571,2026-01-12 12:00:00
2571,1034,2572,2026-01-12 12:00:00
2572,1037,2573,2026-01-12 12:00:00
2573,1039,2574,2026-01-12 12:00:00
2574,1045,2575,2026-01-12 12:00:00
2575,1046,2576,2026-01-12 12:00:00
2576,1048,2577,2026-01-12 12:00:00
2577,1062,2578,2026-01-12 12:00:00
2578,1065,2579,2026-01-12 12:00:00
2579,1072,2580,2026-01-12 12:00:00
2580,1080,2581,2026-01-12 12:00:00
2581,1096,2582,2026-01-12 12:00:00
2582,1097,2583,2026-01-12 12:00:00
2583,1098,2584,2026-01-12 12:00:00
2584,1099,2585,2026-01-12 12:00:00
2585,1101,2586,2026-01-12 12:00:00
2586,1102,2587,2026-01-12 12:00:00
2587,1116,2588,2026-01-12 12:00:00
2588,1122,2589,2026-01-12 12:00:00
2589,1133,2590,2026-01-12 12:00:00
2590,1137,2591,2026-01-12 12:00:00
2591,5,2592,2026-01-13 12:00:00
2592,7,2593,2026-01-13 12:00:00
2593,10,2594,2026-01-13 12:00:00
2594,11,2595,2026-01-13 12:00:00
2595,39,2596,2026-01-13 12:00:00
2596,48,2597,2026-01-13 12:00:00
2597,59,2598,2026-01-13 12:00:00
2598,65,2599,2026-01-13 12:00:00
2599,67,2600,2026-01-13 12:00:00
2600,85,2601,2026-01-13 12:00:00
2601,91,2602,2026-01-13 12:00:00
2602,96,2603,2026-01-13 12:00:00
2603,97,2604,2026-01-13 12:00:00
2604,102,2605,2026-01-13 12:00:00
2605,105,2606,2026-01-13 12:00:00
2606,108,2607,2026-01-13 12:00:00
2607,111,2608,2026-01-13 12:00:00
2608,117,2609,2026-01-13 12:00:00
2609,118,2610,2026-01-13 12:00:00
2610,122,2611,2026-01-13 12:00:00
2611,127,2612,2026-01-13 12:00:00
2612,143,2613,2026-01-13 12:00:00
2613,149,2614,2026-01-13 12:00:00
2614,168,2615,2026-01-13 12:00:00
2615,169,2616,2026-01-13 12:00:00
2616,180,2617,2026-01-13 12:00:00
2617,183,2618,2026-01-13 12:00:00
2618,198,2619,2026-01-13 12:00:00
2619,200,2620,2026-01-13 12:00:00
2620,201,2621,2026-01-13 12:00:00
2621,202,2622,2026-01-13 12:00:00
2622,218,2623,2026-01-13 12:00:00
2623,227,2624,2026-01-13 12:00:00
2624,229,2625,2026-01-13 12:00:00
2625,235,2626,2026-01-13 12:00:00
2626,236,2627,2026-01-13 12:00:00
2627,253,2628,2026-01-13 12:00:00
2628,254,2629,2026-01-13 12:00:00
2629,255,2630,2026-01-13 12:00:00
2630,256,2631,2026-01-13 12:00:00
2631,258,2632,2026-01-13 12:00:00
2632,259,2633,2026-01-13 12:00:00
2633,263,2634,2026-01-13 12:00:00
2634,278,2635,2026-01-13 12:00:00
2635,282,2636,2026-01-13 12:00:00
2636,286,2637,2026-01-13 12:00:00
2637,293,2638,2026-01-13 12:00:00
2638,306,2639,2026-01-13 12:00:00
2639,310,2640,2026-01-13 12:00:00
2640,311,2641,2026-01-13 12:00:00
2641,312,2642,2026-01-13 12:00:00
2642,313,2643,2026-01-13 12:00:00
2643,329,2644,2026-01-13 12:00:00
2644,343,2645,2026-01-13 12:00:00
2645,353,2646,2026-01-13 12:00:00
2646,358,2647,2026-01-13 12:00:00
2647,359,2648,2026-01-13 12:00:00
2648,361,2649,2026-01-13 12:00:00
2649,363,2650,2026-01-13 12:00:00
2650,365,2651,2026-01-13 12:00:00
2651,374,2652,2026-01-13 12:00:00
2652,382,2653,2026-01-13 12:00:00
2653,387,2654,2026-01-13 12:00:00
2654,403,2655,2026-01-13 12:00:00
2655,404,2656,2026-01-13 12:00:00
2656,408,2657,2026-01-13 12:00:00
2657,417,2658,2026-01-13 12:00:00
2658,419,2659,2026-01-13 12:00:00
2659,423,2660,2026-01-13 12:00:00
2660,427,2661,2026-01-13 12:00:00
2661,436,2662,2026-01-13 12:00:00
2662,439,2663,2026-01-13 12:00:00
2663,452,2664,2026-01-13 12:00:00
2664,454,2665,2026-01-13 12:00:00
2665,458,2666,2026-01-13 12:00:00
2666,459,2667,2026-01-13 12:00:00
2667,460,2668,2026-01-13 12:00:00
2668,463,2669,2026-01-13 12:00:00
2669,468,2670,2026-01-13 12:00:00
2670,469,2671,2026-01-13 12:00:00
2671,473,2672,2026-01-13 12:00:00
2672,477,2673,2026-01-13 12:00:00
2673,479,2674,2026-01-13 12:00:00
2674,481,2675,2026-01-13 12:00:00
2675,487,2676,2026-01-13 12:00:00
2676,488,2677,2026-01-13 12:00:00
2677,498,2678,2026-01-13 12:00:00
2678,503,2679,2026-01-13 12:00:00
2679,507,2680,2026-01-13 12:00:00
2680,513,2681,2026-01-13 12:00:00
2681,519,2682,2026-01-13 12:00:00
2682,520,2683,2026-01-13 12:00:00
2683,522,2684,2026-01-13 12:00:00
2684,529,2685,2026-01-13 12:00:00
2685,537,2686,2026-01-13 12:00:00
2686,540,2687,2026-01-13 12:00:00
2687,541,2688,2026-01-13 12:00:00
2688,546,2689,2026-01-13 12:00:00
2689,548,2690,2026-01-13 12:00:00
2690,553,2691,2026-01-13 12:00:00
2691,562,2692,2026-01-13 12:00:00
2692,564,2693,2026-01-13 12:00:00
2693,580,2694,2026-01-13 12:00:00
2694,586,2695,2026-01-13 12:00:00
2695,593,2696,2026-01-13 12:00:00
2696,603,2697,2026-01-13 12:00:00
2697,605,2698,2026-01-13 12:00:00
2698,606,2699,2026-01-13 12:00:00
2699,614,2700,2026-01-13 12:00:00
2700,624,2701,2026-01-13 12:00:00
2701,631,2702,2026-01-13 12:00:00
2702,633,2703,2026-01-13 12:00:00
2703,636,2704,2026-01-13 12:00:00
2704,642,2705,2026-01-13 12:00:00
2705,646,2706,2026-01-13 12:00:00
2706,649,2707,2026-01-13 12:00:00
2707,654,2708,2026-01-13 12:00:00
2708,656,2709,2026-01-13 12:00:00
2709,658,2710,2026-01-13 12:00:00
2710,663,2711,2026-01-13 12:00:00
2711,666,2712,2026-01-13 12:00:00
2712,671,2713,2026-01-13 12:00:00
2713,677,2714,2026-01-13 12:00:00
2714,679,2715,2026-01-13 12:00:00
2715,680,2716,2026-01-13 12:00:00
2716,682,2717,2026-01-13 12:00:00
2717,685,2718,2026-01-13 12:00:00
2718,690,2719,2026-01-13 12:00:00
2719,695,2720,2026-01-13 12:00:00
2720,703,2721,2026-01-13 12:00:00
2721,710,2722,2026-01-13 12:00:00
2722,721,2723,2026-01-13 12:00:00
2723,725,2724,2026-01-13 12:00:00
2724,728,2725,2026-01-13 12:00:00
2725,734,2726,2026-01-13 12:00:00
2726,736,2727,2026-01-13 12:00:00
2727,737,2728,2026-01-13 12:00:00
2728,738,2729,2026-01-13 12:00:00
2729,751,2730,2026-01-13 12:00:00
2730,756,2731,2026-01-13 12:00:00
2731,757,2732,2026-01-13 12:00:00
2732,763,2733,2026-01-13 12:00:00
2733,770,2734,2026-01-13 12:00:00
2734,772,2735,2026-01-13 12:00:00
2735,782,2736,2026-01-13 12:00:00
2736,792,2737,2026-01-13 12:00:00
2737,805,2738,2026-01-13 12:00:00
2738,809,2739,2026-01-13 12:00:00
2739,813,2740,2026-01-13 12:00:00
2740,819,2741,2026-01-13 12:00:00
2741,821,2742,2026-01-13 12:00:00
2742,825,2743,2026-01-13 12:00:00
2743,830,2744,2026-01-13 12:00:00
2744,835,2745,2026-01-13 12:00:00
2745,839,2746,2026-01-13 12:00:00
2746,846,2747,2026-01-13 12:00:00
2747,848,2748,2026-01-13 12:00:00
2748,858,2749,2026-01-13 12:00:00
2749,859,2750,2026-01-13 12:00:00
2750,861,2751,2026-01-13 12:00:00
2751,862,2752,2026-01-13 12:00:00
2752,865,2753,2026-01-13 12:00:00
2753,870,2754,2026-01-13 12:00:00
2754,882,2755,2026-01-13 12:00:00
2755,886,2756,2026-01-13 12:00:00
2756,897,2757,2026-01-13 12:00:00
2757,913,2758,2026-01-13 12:00:00
2758,917,2759,2026-01-13 12:00:00
2759,919,2760,2026-01-13 12:00:00
2760,927,2761,2026-01-13 12:00:00
2761,932,2762,2026-01-13 12:00:00
2762,935,2763,2026-01-13 12:00:00
2763,941,2764,2026-01-13 12:00:00
2764,949,2765,2026-01-13 12:00:00
2765,950,2766,2026-01-13 12:00:00
2766,954,2767,2026-01-13 12:00:00
2767,960,2768,2026-01-13 12:00:00
2768,961,2769,2026-01-13 12:00:00
2769,968,2770,2026-01-13 12:00:00
2770,976,2771,2026-01-13 12:00:00
2771,977,2772,2026-01-13 12:00:00
2772,988,2773,2026-01-13 12:00:00
2773,989,2774,2026-01-13 12:00:00
2774,993,2775,2026-01-13 12:00:00
2775,997,2776,2026-01-13 12:00:00
2776,1006,2777,2026-01-13 12:00:00
2777,1008,2778,2026-01-13 12:00:00
2778,1019,2779,2026-01-13 12:00:00
2779,1025,2780,2026-01-13 12:00:00
2780,1030,2781,2026-01-13 12:00:00
2781,1033,2782,2026-01-13 12:00:00
2782,1038,2783,2026-01-13 12:00:00
2783,1043,2784,2026-01-13 12:00:00
2784,1044,2785,2026-01-13 12:00:00
2785,1046,2786,2026-01-13 12:00:00
2786,1058,2787,2026-01-13 12:00:00
2787,1060,2788,2026-01-13 12:00:00
2788,1061,2789,2026-01-13 12:00:00
2789,1062,2790,2026-01-13 12:00:00
2790,1065,2791,2026-01-13 12:00:00
2791,1071,2792,2026-01-13 12:00:00
2792,1095,2793,2026-01-13 12:00:00
2793,1110,2794,2026-01-13 12:00:00
2794,1114,2795,2026-01-13 12:00:00
2795,1121,2796,2026-01-13 12:00:00
2796,1123,2797,2026-01-13 12:00:00
2797,1126,2798,2026-01-13 12:00:00
2798,1131,2799,2026-01-13 12:00:00
2799,1134,2800,2026-01-13 12:00:00
2800,1137,2801,2026-01-13 12:00:00
2801,1142,2802,2026-01-13 12:00:00
2802,2,2803,2026-01-14 12:00:00
2803,10,2804,2026-01-14 12:00:00
2804,13,2805,2026-01-14 12:00:00
2805,16,2806,2026-01-14 12:00:00
2806,19,2807,2026-01-14 12:00:00
2807,25,2808,2026-01-14 12:00:00
2808,27,2809,2026-01-14 12:00:00
2809,33,2810,2026-01-14 12:00:00
2810,34,2811,2026-01-14 12:00:00
2811,35,2812,2026-01-14 12:00:00
2812,41,2813,2026-01-14 12:00:00
2813,43,2814,2026-01-14 12:00:00
2814,52,2815,2026-01-14 12:00:00
2815,54,2816,2026-01-14 12:00:00
2816,65,2817,2026-01-14 12:00:00
2817,79,2818,2026-01-14 12:00:00
2818,88,2819,2026-01-14 12:00:00
2819,99,2820,2026-01-14 12:00:00
2820,100,2821,2026-01-14 12:00:00
2821,113,2822,2026-01-14 12:00:00
2822,116,2823,2026-01-14 12:00:00
2823,118,2824,2026-01-14 12:00:00
2824,125,2825,2026-01-14 12:00:00
2825,128,2826,2026-01-14 12:00:00
2826,142,2827,2026-01-14 12:00:00
2827,143,2828,2026-01-14 12:00:00
2828,145,2829,2026-01-14 12:00:00
2829,147,2830,2026-01-14 12:00:00
2830,149,2831,2026-01-14 12:00:00
2831,150,2832,2026-01-14 12:00:00
2832,154,2833,2026-01-14 12:00:00
2833,159,2834,2026-01-14 12:00:00
2834,164,2835,2026-01-14 12:00:00
2835,178,2836,2026-01-14 12:00:00
2836,182,2837,2026-01-14 12:00:00
2837,187,2838,2026-01-14 12:00:00
2838,188,2839,2026-01-14 12:00:00
2839,189,2840,2026-01-14 12:00:00
2840,203,2841,2026-01-14 12:00:00
2841,206,2842,2026-01-14 12:00:00
2842,218,2843,2026-01-14 12:00:00
2843,224,2844,2026-01-14 12:00:00
2844,225,2845,2026-01-14 12:00:00
2845,228,2846,2026-01-14 12:00:00
2846,230,2847,2026-01-14 12:00:00
2847,231,2848,2026-01-14 12:00:00
2848,244,2849,2026-01-14 12:00:00
2849,245,2850,2026-01-14 12:00:00
2850,247,2851,2026-01-14 12:00:00
2851,262,2852,2026-01-14 12:00:00
2852,263,2853,2026-01-14 12:00:00
2853,266,2854,2026-01-14 12:00:00
2854,267,2855,2026-01-14 12:00:00
2855,274,2856,2026-01-14 12:00:00
2856,275,2857,2026-01-14 12:00:00
2857,282,2858,2026-01-14 12:00:00
2858,284,2859,2026-01-14 12:00:00
2859,286,2860,2026-01-14 12:00:00
2860,291,2861,2026-01-14 12:00:00
2861,292,2862,2026-01-14 12:00:00
2862,306,2863,2026-01-14 12:00:00
2863,314,2864,2026-01-14 12:00:00
2864,334,2865,2026-01-14 12:00:00
2865,341,2866,2026-01-14 12:00:00
2866,355,2867,2026-01-14 12:00:00
2867,370,2868,2026-01-14 12:00:00
2868,373,2869,2026-01-14 12:00:00
2869,376,2870,2026-01-14 12:00:00
2870,379,2871,2026-01-14 12:00:00
2871,382,2872,2026-01-14 12:00:00
2872,385,2873,2026-01-14 12:00:00
2873,387,2874,2026-01-14 12:00:00
2874,394,2875,2026-01-14 12:00:00
2875,404,2876,2026-01-14 12:00:00
2876,409,2877,2026-01-14 12:00:00
2877,412,2878,2026-01-14 12:00:00
2878,428,2879,2026-01-14 12:00:00
2879,431,2880,2026-01-14 12:00:00
2880,432,2881,2026-01-14 12:00:00
2881,446,2882,2026-01-14 12:00:00
2882,449,2883,2026-01-14 12:00:00
2883,450,2884,2026-01-14 12:00:00
2884,452,2885,2026-01-14 12:00:00
2885,453,2886,2026-01-14 12:00:00
2886,483,2887,2026-01-14 12:00:00
2887,484,2888,2026-01-14 12:00:00
2888,493,2889,2026-01-14 12:00:00
2889,494,2890,2026-01-14 12:00:00
2890,498,2891,2026-01-14 12:00:00
2891,507,2892,2026-01-14 12:00:00
2892,511,2893,2026-01-14 12:00:00
2893,512,2894,2026-01-14 12:00:00
2894,513,2895,2026-01-14 12:00:00
2895,516,2896,2026-01-14 12:00:00
2896,517,2897,2026-01-14 12:00:00
2897,518,2898,2026-01-14 12:00:00
2898,522,2899,2026-01-14 12:00:00
2899,524,2900,2026-01-14 12:00:00
2900,531,2901,2026-01-14 12:00:00
2901,532,2902,2026-01-14 12:00:00
2902,537,2903,2026-01-14 12:00:00
2903,541,2904,2026-01-14 12:00:00
2904,545,2905,2026-01-14 12:00:00
2905,547,2906,2026-01-14 12:00:00
2906,558,2907,2026-01-14 12:00:00
2907,560,2908,2026-01-14 12:00:00
2908,567,2909,2026-01-14 12:00:00
2909,569,2910,2026-01-14 12:00:00
2910,570,2911,2026-01-14 12:00:00
2911,572,2912,2026-01-14 12:00:00
2912,573,2913,2026-01-14 12:00:00
2913,576,2914,2026-01-14 12:00:00
2914,580,2915,2026-01-14 12:00:00
2915,585,2916,2026-01-14 12:00:00
2916,586,2917,2026-01-14 12:00:00
2917,596,2918,2026-01-14 12:00:00
2918,618,2919,2026-01-14 12:00:00
2919,629,2920,2026-01-14 12:00:00
2920,637,2921,2026-01-14 12:00:00
2921,646,2922,2026-01-14 12:00:00
2922,654,2923,2026-01-14 12:00:00
2923,658,2924,2026-01-14 12:00:00
2924,660,2925,2026-01-14 12:00:00
2925,661,2926,2026-01-14 12:00:00
2926,662,2927,2026-01-14 12:00:00
2927,663,2928,2026-01-14 12:00:00
2928,670,2929,2026-01-14 12:00:00
2929,672,2930,2026-01-14 12:00:00
2930,682,2931,2026-01-14 12:00:00
2931,686,2932,2026-01-14 12:00:00
2932,687,2933,2026-01-14 12:00:00
2933,688,2934,2026-01-14 12:00:00
2934,692,2935,2026-01-14 12:00:00
2935,721,2936,2026-01-14 12:00:00
2936,722,2937,2026-01-14 12:00:00
2937,728,2938,2026-01-14 12:00:00
2938,741,2939,2026-01-14 12:00:00
2939,742,2940,2026-01-14 12:00:00
2940,749,2941,2026-01-14 12:00:00
2941,762,2942,2026-01-14 12:00:00
2942,769,2943,2026-01-14 12:00:00
2943,770,2944,2026-01-14 12:00:00
2944,771,2945,2026-01-14 12:00:00
2945,778,2946,2026-01-14 12:00:00
2946,781,2947,2026-01-14 12:00:00
2947,783,2948,2026-01-14 12:00:00
2948,784,2949,2026-01-14 12:00:00
2949,795,2950,2026-01-14 12:00:00
2950,797,2951,2026-01-14 12:00:00
2951,803,2952,2026-01-14 12:00:00
2952,804,2953,2026-01-14 12:00:00
2953,810,2954,2026-01-14 12:00:00
2954,828,2955,2026-01-14 12:00:00
2955,839,2956,2026-01-14 12:00:00
2956,850,2957,2026-01-14 12:00:00
2957,857,2958,2026-01-14 12:00:00
2958,858,2959,2026-01-14 12:00:00
2959,868,2960,2026-01-14 12:00:00
2960,874,2961,2026-01-14 12:00:00
2961,878,2962,2026-01-14 12:00:00
2962,881,2963,2026-01-14 12:00:00
2963,888,2964,2026-01-14 12:00:00
2964,891,2965,2026-01-14 12:00:00
2965,904,2966,2026-01-14 12:00:00
2966,910,2967,2026-01-14 12:00:00
2967,912,2968,2026-01-14 12:00:00
2968,921,2969,2026-01-14 12:00:00
2969,934,2970,2026-01-14 12:00:00
2970,948,2971,2026-01-14 12:00:00
2971,953,2972,2026-01-14 12:00:00
2972,955,2973,2026-01-14 12:00:00
2973,960,2974,2026-01-14 12:00:00
2974,961,2975,2026-01-14 12:00:00
2975,970,2976,2026-01-14 12:00:00
2976,973,2977,2026-01-14 12:00:00
2977,974,2978,2026-01-14 12:00:00
2978,977,2979,2026-01-14 12:00:00
2979,981,2980,2026-01-14 12:00:00
2980,994,2981,2026-01-14 12:00:00
2981,996,2982,2026-01-14 12:00:00
2982,997,2983,2026-01-14 12:00:00
2983,1008,2984,2026-01-14 12:00:00
2984,1009,2985,2026-01-14 12:00:00
2985,1027,2986,2026-01-14 12:00:00
2986,1028,2987,2026-01-14 12:00:00
2987,1030,2988,2026-01-14 12:00:00
2988,1032,2989,2026-01-14 12:00:00
2989,1038,2990,2026-01-14 12:00:00
2990,1044,2991,2026-01-14 12:00:00
2991,1046,2992,2026-01-14 12:00:00
2992,1047,2993,2026-01-14 12:00:00
2993,1050,2994,2026-01-14 12:00:00
2994,1052,2995,2026-01-14 12:00:00
2995,1058,2996,2026-01-14 12:00:00
2996,1059,2997,2026-01-14 12:00:00
2997,1060,2998,2026-01-14 12:00:00
2998,1065,2999,2026-01-14 12:00:00
2999,1074,3000,2026-01-14 12:00:00
3000,1080,3001,2026-01-14 12:00:00
3001,1082,3002,2026-01-14 12:00:00
3002,1099,3003,2026-01-14 12:00:00
3003,1100,3004,2026-01-14 12:00:00
3004,1101,3005,2026-01-14 12:00:00
3005,1109,3006,2026-01-14 12:00:00
3006,1112,3007,2026-01-14 12:00:00
3007,1115,3008,2026-01-14 12:00:00
3008,1116,3009,2026-01-14 12:00:00
3009,1118,3010,2026-01-14 12:00:00
3010,1119,3011,2026-01-14 12:00:00
3011,1130,3012,2026-01-14 12:00:00
3012,1135,3013,2026-01-14 12:00:00
3013,1137,3014,2026-01-14 12:00:00
3014,1143,3015,2026-01-14 12:00:00
3015,1154,3016,2026-01-14 12:00:00
3016,1157,3017,2026-01-14 12:00:00
3017,1162,3018,2026-01-14 12:00:00
3018,1166,3019,2026-01-14 12:00:00
3019,2,3020,2026-01-15 12:00:00
3020,12,3021,2026-01-15 12:00:00
3021,13,3022,2026-01-15 12:00:00
3022,26,3023,2026-01-15 12:00:00
3023,42,3024,2026-01-15 12:00:00
3024,44,3025,2026-01-15 12:00:00
3025,58,3026,2026-01-15 12:00:00
3026,60,3027,2026-01-15 12:00:00
3027,73,3028,2026-01-15 12:00:00
3028,76,3029,2026-01-15 12:00:00
3029,79,3030,2026-01-15 12:00:00
3030,80,3031,2026-01-15 12:00:00
3031,84,3032,2026-01-15 12:00:00
3032,87,3033,2026-01-15 12:00:00
3033,90,3034,2026-01-15 12:00:00
3034,91,3035,2026-01-15 12:00:00
3035,95,3036,2026-01-15 12:00:00
3036,106,3037,2026-01-15 12:00:00
3037,107,3038,2026-01-15 12:00:00
3038,108,3039,2026-01-15 12:00:00
3039,113,3040,2026-01-15 12:00:00
3040,127,3041,2026-01-15 12:00:00
3041,128,3042,2026-01-15 12:00:00
3042,133,3043,2026-01-15 12:00:00
3043,137,3044,2026-01-15 12:00:00
3044,139,3045,2026-01-15 12:00:00
3045,149,3046,2026-01-15 12:00:00
3046,152,3047,2026-01-15 12:00:00
3047,158,3048,2026-01-15 12:00:00
3048,161,3049,2026-01-15 12:00:00
3049,166,3050,2026-01-15 12:00:00
3050,167,3051,2026-01-15 12:00:00
3051,178,3052,2026-01-15 12:00:00
3052,179,3053,2026-01-15 12:00:00
3053,185,3054,2026-01-15 12:00:00
3054,186,3055,2026-01-15 12:00:00
3055,189,3056,2026-01-15 12:00:00
3056,190,3057,2026-01-15 12:00:00
3057,191,3058,2026-01-15 12:00:00
3058,193,3059,2026-01-15 12:00:00
3059,194,3060,2026-01-15 12:00:00
3060,196,3061,2026-01-15 12:00:00
3061,198,3062,2026-01-15 12:00:00
3062,200,3063,2026-01-15 12:00:00
3063,202,3064,2026-01-15 12:00:00
3064,207,3065,2026-01-15 12:00:00
3065,219,3066,2026-01-15 12:00:00
3066,225,3067,2026-01-15 12:00:00
3067,231,3068,2026-01-15 12:00:00
3068,233,3069,2026-01-15 12:00:00
3069,238,3070,2026-01-15 12:00:00
3070,240,3071,2026-01-15 12:00:00
3071,241,3072,2026-01-15 12:00:00
3072,245,3073,2026-01-15 12:00:00
3073,246,3074,2026-01-15 12:00:00
3074,257,3075,2026-01-15 12:00:00
3075,265,3076,2026-01-15 12:00:00
3076,269,3077,2026-01-15 12:00:00
3077,271,3078,2026-01-15 12:00:00
3078,275,3079,2026-01-15 12:00:00
3079,282,3080,2026-01-15 12:00:00
3080,283,3081,2026-01-15 12:00:00
3081,294,3082,2026-01-15 12:00:00
3082,296,3083,2026-01-15 12:00:00
3083,298,3084,2026-01-15 12:00:00
3084,299,3085,2026-01-15 12:00:00
3085,300,3086,2026-01-15 12:00:00
3086,302,3087,2026-01-15 12:00:00
3087,303,3088,2026-01-15 12:00:00
3088,304,3089,2026-01-15 12:00:00
3089,307,3090,2026-01-15 12:00:00
3090,314,3091,2026-01-15 12:00:00
3091,316,3092,2026-01-15 12:00:00
3092,319,3093,2026-01-15 12:00:00
3093,329,3094,2026-01-15 12:00:00
3094,334,3095,2026-01-15 12:00:00
3095,346,3096,2026-01-15 12:00:00
3096,361,3097,2026-01-15 12:00:00
3097,370,3098,2026-01-15 12:00:00
3098,378,3099,2026-01-15 12:00:00
3099,379,3100,2026-01-15 12:00:00
3100,383,3101,2026-01-15 12:00:00
3101,385,3102,2026-01-15 12:00:00
3102,400,3103,2026-01-15 12:00:00
3103,404,3104,2026-01-15 12:00:00
3104,415,3105,2026-01-15 12:00:00
3105,419,3106,2026-01-15 12:00:00
3106,426,3107,2026-01-15 12:00:00
3107,427,3108,2026-01-15 12:00:00
3108,428,3109,2026-01-15 12:00:00
3109,429,3110,2026-01-15 12:00:00
3110,431,3111,2026-01-15 12:00:00
3111,433,3112,2026-01-15 12:00:00
3112,436,3113,2026-01-15 12:00:00
3113,438,3114,2026-01-15 12:00:00
3114,462,3115,2026-01-15 12:00:00
3115,463,3116,2026-01-15 12:00:00
3116,468,3117,2026-01-15 12:00:00
3117,470,3118,2026-01-15 12:00:00
3118,477,3119,2026-01-15 12:00:00
3119,478,3120,2026-01-15 12:00:00
3120,481,3121,2026-01-15 12:00:00
3121,482,3122,2026-01-15 12:00:00
3122,485,3123,2026-01-15 12:00:00
3123,489,3124,2026-01-15 12:00:00
3124,493,3125,2026-01-15 12:00:00
3125,494,3126,2026-01-15 12:00:00
3126,498,3127,2026-01-15 12:00:00
3127,499,3128,2026-01-15 12:00:00
3128,501,3129,2026-01-15 12:00:00
3129,506,3130,2026-01-15 12:00:00
3130,511,3131,2026-01-15 12:00:00
3131,517,3132,2026-01-15 12:00:00
3132,519,3133,2026-01-15 12:00:00
3133,521,3134,2026-01-15 12:00:00
3134,526,3135,2026-01-15 12:00:00
3135,530,3136,2026-01-15 12:00:00
3136,532,3137,2026-01-15 12:00:00
3137,536,3138,2026-01-15 12:00:00
3138,545,3139,2026-01-15 12:00:00
3139,549,3140,2026-01-15 12:00:00
3140,550,3141,2026-01-15 12:00:00
3141,557,3142,2026-01-15 12:00:00
3142,562,3143,2026-01-15 12:00:00
3143,564,3144,2026-01-15 12:00:00
3144,578,3145,2026-01-15 12:00:00
3145,584,3146,2026-01-15 12:00:00
3146,595,3147,2026-01-15 12:00:00
3147,606,3148,2026-01-15 12:00:00
3148,610,3149,2026-01-15 12:00:00
3149,616,3150,2026-01-15 12:00:00
3150,623,3151,2026-01-15 12:00:00
3151,624,3152,2026-01-15 12:00:00
3152,625,3153,2026-01-15 12:00:00
3153,647,3154,2026-01-15 12:00:00
3154,674,3155,2026-01-15 12:00:00
3155,675,3156,2026-01-15 12:00:00
3156,676,3157,2026-01-15 12:00:00
3157,677,3158,2026-01-15 12:00:00
3158,679,3159,2026-01-15 12:00:00
3159,690,3160,2026-01-15 12:00:00
3160,693,3161,2026-01-15 12:00:00
3161,698,3162,2026-01-15 12:00:00
3162,702,3163,2026-01-15 12:00:00
3163,707,3164,2026-01-15 12:00:00
3164,717,3165,2026-01-15 12:00:00
3165,724,3166,2026-01-15 12:00:00
3166,726,3167,2026-01-15 12:00:00
3167,729,3168,2026-01-15 12:00:00
3168,733,3169,2026-01-15 12:00:00
3169,736,3170,2026-01-15 12:00:00
3170,737,3171,2026-01-15 12:00:00
3171,748,3172,2026-01-15 12:00:00
3172,749,3173,2026-01-15 12:00:00
3173,751,3174,2026-01-15 12:00:00
3174,754,3175,2026-01-15 12:00:00
3175,755,3176,2026-01-15 12:00:00
3176,757,3177,2026-01-15 12:00:00
3177,763,3178,2026-01-15 12:00:00
3178,766,3179,2026-01-15 12:00:00
3179,771,3180,2026-01-15 12:00:00
3180,777,3181,2026-01-15 12:00:00
3181,779,3182,2026-01-15 12:00:00
3182,780,3183,2026-01-15 12:00:00
3183,784,3184,2026-01-15 12:00:00
3184,789,3185,2026-01-15 12:00:00
3185,792,3186,2026-01-15 12:00:00
3186,793,3187,2026-01-15 12:00:00
3187,795,3188,2026-01-15 12:00:00
3188,802,3189,2026-01-15 12:00:00
3189,808,3190,2026-01-15 12:00:00
3190,828,3191,2026-01-15 12:00:00
3191,830,3192,2026-01-15 12:00:00
3192,831,3193,2026-01-15 12:00:00
3193,833,3194,2026-01-15 12:00:00
3194,841,3195,2026-01-15 12:00:00
3195,845,3196,2026-01-15 12:00:00
3196,847,3197,2026-01-15 12:00:00
3197,850,3198,2026-01-15 12:00:00
3198,852,3199,2026-01-15 12:00:00
3199,857,3200,2026-01-15 12:00:00
3200,859,3201,2026-01-15 12:00:00
3201,864,3202,2026-01-15 12:00:00
3202,871,3203,2026-01-15 12:00:00
3203,875,3204,2026-01-15 12:00:00
3204,879,3205,2026-01-15 12:00:00
3205,880,3206,2026-01-15 12:00:00
3206,889,3207,2026-01-15 12:00:00
3207,891,3208,2026-01-15 12:00:00
3208,896,3209,2026-01-15 12:00:00
3209,901,3210,2026-01-15 12:00:00
3210,907,3211,2026-01-15 12:00:00
3211,910,3212,2026-01-15 12:00:00
3212,913,3213,2026-01-15 12:00:00
3213,915,3214,2026-01-15 12:00:00
3214,917,3215,2026-01-15 12:00:00
3215,921,3216,2026-01-15 12:00:00
3216,923,3217,2026-01-15 12:00:00
3217,926,3218,2026-01-15 12:00:00
3218,930,3219,2026-01-15 12:00:00
3219,932,3220,2026-01-15 12:00:00
3220,933,3221,2026-01-15 12:00:00
3221,939,3222,2026-01-15 12:00:00
3222,940,3223,2026-01-15 12:00:00
3223,951,3224,2026-01-15 12:00:00
3224,969,3225,2026-01-15 12:00:00
3225,982,3226,2026-01-15 12:00:00
3226,985,3227,2026-01-15 12:00:00
3227,1009,3228,2026-01-15 12:00:00
3228,1021,3229,2026-01-15 12:00:00
3229,1024,3230,2026-01-15 12:00:00
3230,1037,3231,2026-01-15 12:00:00
3231,1053,3232,2026-01-15 12:00:00
3232,1062,3233,2026-01-15 12:00:00
3233,1063,3234,2026-01-15 12:00:00
3234,1089,3235,2026-01-15 12:00:00
3235,1106,3236,2026-01-15 12:00:00
3236,1107,3237,2026-01-15 12:00:00
3237,1108,3238,2026-01-15 12:00:00
3238,1113,3239,2026-01-15 12:00:00
3239,1118,3240,2026-01-15 12:00:00
3240,1125,3241,2026-01-15 12:00:00
3241,1126,3242,2026-01-15 12:00:00
3242,1129,3243,2026-01-15 12:00:00
3243,1130,3244,2026-01-15 12:00:00
3244,1134,3245,2026-01-15 12:00:00
3245,1138,3246,2026-01-15 12:00:00
3246,1140,3247,2026-01-15 12:00:00
3247,1146,3248,2026-01-15 12:00:00
3248,1168,3249,2026-01-15 12:00:00
3249,1175,3250,2026-01-15 12:00:00
3250,1178,3251,2026-01-15 12:00:00
3251,1,3252,2026-01-16 12:00:00
3252,3,3253,2026-01-16 12:00:00
3253,19,3254,2026-01-16 12:00:00
3254,26,3255,2026-01-16 12:00:00
3255,40,3256,2026-01-16 12:00:00
3256,41,3257,2026-01-16 12:00:00
3257,42,3258,2026-01-16 12:00:00
3258,53,3259,2026-01-16 12:00:00
3259,54,3260,2026-01-16 12:00:00
3260,65,3261,2026-01-16 12:00:00
3261,70,3262,2026-01-16 12:00:00
3262,76,3263,2026-01-16 12:00:00
3263,79,3264,2026-01-16 12:00:00
3264,84,3265,2026-01-16 12:00:00
3265,85,3266,2026-01-16 12:00:00
3266,87,3267,2026-01-16 12:00:00
3267,94,3268,2026-01-16 12:00:00
3268,97,3269,2026-01-16 12:00:00
3269,102,3270,2026-01-16 12:00:00
3270,105,3271,2026-01-16 12:00:00
3271,107,3272,2026-01-16 12:00:00
3272,111,3273,2026-01-16 12:00:00
3273,117,3274,2026-01-16 12:00:00
3274,127,3275,2026-01-16 12:00:00
3275,130,3276,2026-01-16 12:00:00
3276,136,3277,2026-01-16 12:00:00
3277,137,3278,2026-01-16 12:00:00
3278,145,3279,2026-01-16 12:00:00
3279,157,3280,2026-01-16 12:00:00
3280,160,3281,2026-01-16 12:00:00
3281,164,3282,2026-01-16 12:00:00
3282,168,3283,2026-01-16 12:00:00
3283,169,3284,2026-01-16 12:00:00
3284,177,3285,2026-01-16 12:00:00
3285,187,3286,2026-01-16 12:00:00
3286,192,3287,2026-01-16 12:00:00
3287,195,3288,2026-01-16 12:00:00
3288,198,3289,2026-01-16 12:00:00
3289,208,3290,2026-01-16 12:00:00
3290,210,3291,2026-01-16 12:00:00
3291,213,3292,2026-01-16 12:00:00
3292,214,3293,2026-01-16 12:00:00
3293,216,3294,2026-01-16 12:00:00
3294,219,3295,2026-01-16 12:00:00
3295,224,3296,2026-01-16 12:00:00
3296,232,3297,2026-01-16 12:00:00
3297,238,3298,2026-01-16 12:00:00
3298,239,3299,2026-01-16 12:00:00
3299,243,3300,2026-01-16 12:00:00
3300,245,3301,2026-01-16 12:00:00
3301,247,3302,2026-01-16 12:00:00
3302,250,3303,2026-01-16 12:00:00
3303,265,3304,2026-01-16 12:00:00
3304,269,3305,2026-01-16 12:00:00
3305,273,3306,2026-01-16 12:00:00
3306,275,3307,2026-01-16 12:00:00
3307,276,3308,2026-01-16 12:00:00
3308,291,3309,2026-01-16 12:00:00
3309,296,3310,2026-01-16 12:00:00
3310,298,3311,2026-01-16 12:00:00
3311,306,3312,2026-01-16 12:00:00
3312,312,3313,2026-01-16 12:00:00
3313,316,3314,2026-01-16 12:00:00
3314,322,3315,2026-01-16 12:00:00
3315,323,3316,2026-01-16 12:00:00
3316,330,3317,2026-01-16 12:00:00
3317,356,3318,2026-01-16 12:00:00
3318,364,3319,2026-01-16 12:00:00
3319,379,3320,2026-01-16 12:00:00
3320,381,3321,2026-01-16 12:00:00
3321,384,3322,2026-01-16 12:00:00
3322,387,3323,2026-01-16 12:00:00
3323,390,3324,2026-01-16 12:00:00
3324,400,3325,2026-01-16 12:00:00
3325,407,3326,2026-01-16 12:00:00
3326,410,3327,2026-01-16 12:00:00
3327,414,3328,2026-01-16 12:00:00
3328,415,3329,2026-01-16 12:00:00
3329,431,3330,2026-01-16 12:00:00
3330,435,3331,2026-01-16 12:00:00
3331,437,3332,2026-01-16 12:00:00
3332,439,3333,2026-01-16 12:00:00
3333,442,3334,2026-01-16 12:00:00
3334,443,3335,2026-01-16 12:00:00
3335,444,3336,2026-01-16 12:00:00
3336,445,3337,2026-01-16 12:00:00
3337,448,3338,2026-01-16 12:00:00
3338,450,3339,2026-01-16 12:00:00
3339,451,3340,2026-01-16 12:00:00
3340,460,3341,2026-01-16 12:00:00
3341,470,3342,2026-01-16 12:00:00
3342,472,3343,2026-01-16 12:00:00
3343,478,3344,2026-01-16 12:00:00
3344,480,3345,2026-01-16 12:00:00
3345,481,3346,2026-01-16 12:00:00
3346,482,3347,2026-01-16 12:00:00
3347,489,3348,2026-01-16 12:00:00
3348,491,3349,2026-01-16 12:00:00
3349,505,3350,2026-01-16 12:00:00
3350,509,3351,2026-01-16 12:00:00
3351,517,3352,2026-01-16 12:00:00
3352,518,3353,2026-01-16 12:00:00
3353,522,3354,2026-01-16 12:00:00
3354,527,3355,2026-01-16 12:00:00
3355,529,3356,2026-01-16 12:00:00
3356,530,3357,2026-01-16 12:00:00
3357,531,3358,2026-01-16 12:00:00
3358,532,3359,2026-01-16 12:00:00
3359,534,3360,2026-01-16 12:00:00
3360,539,3361,2026-01-16 12:00:00
3361,552,3362,2026-01-16 12:00:00
3362,557,3363,2026-01-16 12:00:00
3363,559,3364,2026-01-16 12:00:00
3364,560,3365,2026-01-16 12:00:00
3365,570,3366,2026-01-16 12:00:00
3366,574,3367,2026-01-16 12:00:00
3367,575,3368,2026-01-16 12:00:00
3368,579,3369,2026-01-16 12:00:00
3369,583,3370,2026-01-16 12:00:00
3370,594,3371,2026-01-16 12:00:00
3371,595,3372,2026-01-16 12:00:00
3372,604,3373,2026-01-16 12:00:00
3373,606,3374,2026-01-16 12:00:00
3374,617,3375,2026-01-16 12:00:00
3375,619,3376,2026-01-16 12:00:00
3376,642,3377,2026-01-16 12:00:00
3377,647,3378,2026-01-16 12:00:00
3378,649,3379,2026-01-16 12:00:00
3379,658,3380,2026-01-16 12:00:00
3380,664,3381,2026-01-16 12:00:00
3381,667,3382,2026-01-16 12:00:00
3382,670,3383,2026-01-16 12:00:00
3383,684,3384,2026-01-16 12:00:00
3384,706,3385,2026-01-16 12:00:00
3385,709,3386,2026-01-16 12:00:00
3386,713,3387,2026-01-16 12:00:00
3387,720,3388,2026-01-16 12:00:00
3388,722,3389,2026-01-16 12:00:00
3389,723,3390,2026-01-16 12:00:00
3390,728,3391,2026-01-16 12:00:00
3391,733,3392,2026-01-16 12:00:00
3392,735,3393,2026-01-16 12:00:00
3393,744,3394,2026-01-16 12:00:00
3394,751,3395,2026-01-16 12:00:00
3395,758,3396,2026-01-16 12:00:00
3396,760,3397,2026-01-16 12:00:00
3397,764,3398,2026-01-16 12:00:00
3398,767,3399,2026-01-16 12:00:00
3399,776,3400,2026-01-16 12:00:00
3400,782,3401,2026-01-16 12:00:00
3401,792,3402,2026-01-16 12:00:00
3402,798,3403,2026-01-16 12:00:00
3403,799,3404,2026-01-16 12:00:00
3404,809,3405,2026-01-16 12:00:00
3405,815,3406,2026-01-16 12:00:00
3406,816,3407,2026-01-16 12:00:00
3407,826,3408,2026-01-16 12:00:00
3408,827,3409,2026-01-16 12:00:00
3409,832,3410,2026-01-16 12:00:00
3410,847,3411,2026-01-16 12:00:00
3411,848,3412,2026-01-16 12:00:00
3412,853,3413,2026-01-16 12:00:00
3413,855,3414,2026-01-16 12:00:00
3414,857,3415,2026-01-16 12:00:00
3415,858,3416,2026-01-16 12:00:00
3416,868,3417,2026-01-16 12:00:00
3417,881,3418,2026-01-16 12:00:00
3418,884,3419,2026-01-16 12:00:00
3419,885,3420,2026-01-16 12:00:00
3420,901,3421,2026-01-16 12:00:00
3421,907,3422,2026-01-16 12:00:00
3422,916,3423,2026-01-16 12:00:00
3423,922,3424,2026-01-16 12:00:00
3424,923,3425,2026-01-16 12:00:00
3425,930,3426,2026-01-16 12:00:00
3426,939,3427,2026-01-16 12:00:00
3427,941,3428,2026-01-16 12:00:00
3428,946,3429,2026-01-16 12:00:00
3429,948,3430,2026-01-16 12:00:00
3430,950,3431,2026-01-16 12:00:00
3431,951,3432,2026-01-16 12:00:00
3432,969,3433,2026-01-16 12:00:00
3433,975,3434,2026-01-16 12:00:00
3434,982,3435,2026-01-16 12:00:00
3435,984,3436,2026-01-16 12:00:00
3436,990,3437,2026-01-16 12:00:00
3437,998,3438,2026-01-16 12:00:00
3438,1004,3439,2026-01-16 12:00:00
3439,1005,3440,2026-01-16 12:00:00
3440,1006,3441,2026-01-16 12:00:00
3441,1007,3442,2026-01-16 12:00:00
3442,1015,3443,2026-01-16 12:00:00
3443,1034,3444,2026-01-16 12:00:00
3444,1036,3445,2026-01-16 12:00:00
3445,1049,3446,2026-01-16 12:00:00
3446,1060,3447,2026-01-16 12:00:00
3447,1061,3448,2026-01-16 12:00:00
3448,1068,3449,2026-01-16 12:00:00
3449,1074,3450,2026-01-16 12:00:00
3450,1076,3451,2026-01-16 12:00:00
3451,1079,3452,2026-01-16 12:00:00
3452,1080,3453,2026-01-16 12:00:00
3453,1088,3454,2026-01-16 12:00:00
3454,1091,3455,2026-01-16 12:00:00
3455,1093,3456,2026-01-16 12:00:00
3456,1094,3457,2026-01-16 12:00:00
3457,1103,3458,2026-01-16 12:00:00
3458,1106,3459,2026-01-16 12:00:00
3459,1108,3460,2026-01-16 12:00:00
3460,1111,3461,2026-01-16 12:00:00
3461,1112,3462,2026-01-16 12:00:00
3462,1116,3463,2026-01-16 12:00:00
3463,1117,3464,2026-01-16 12:00:00
3464,1121,3465,2026-01-16 12:00:00
3465,1122,3466,2026-01-16 12:00:00
3466,1123,3467,2026-01-16 12:00:00
3467,1126,3468,2026-01-16 12:00:00
3468,1127,3469,2026-01-16 12:00:00
3469,1130,3470,2026-01-16 12:00:00
3470,1134,3471,2026-01-16 12:00:00
3471,1142,3472,2026-01-16 12:00:00
3472,1144,3473,2026-01-16 12:00:00
3473,1149,3474,2026-01-16 12:00:00
3474,1167,3475,2026-01-16 12:00:00
3475,1171,3476,2026-01-16 12:00:00
3476,1172,3477,2026-01-16 12:00:00
3477,1181,3478,2026-01-16 12:00:00
3478,1183,3479,2026-01-16 12:00:00
3479,1184,3480,2026-01-16 12:00:00
3480,1186,3481,2026-01-16 12:00:00
3481,1190,3482,2026-01-16 12:00:00
3482,1195,3483,2026-01-16 12:00:00
3483,1196,3484,2026-01-16 12:00:00
3484,7,3485,2026-01-17 12:00:00
3485,18,3486,2026-01-17 12:00:00
3486,21,3487,2026-01-17 12:00:00
3487,44,3488,2026-01-17 12:00:00
3488,45,3489,2026-01-17 12:00:00
3489,53,3490,2026-01-17 12:00:00
3490,55,3491,2026-01-17 12:00:00
3491,60,3492,2026-01-17 12:00:00
3492,62,3493,2026-01-17 12:00:00
3493,64,3494,2026-01-17 12:00:00
3494,71,3495,2026-01-17 12:00:00
3495,82,3496,2026-01-17 12:00:00
3496,83,3497,2026-01-17 12:00:00
3497,94,3498,2026-01-17 12:00:00
3498,98,3499,2026-01-17 12:00:00
3499,102,3500,2026-01-17 12:00:00
3500,105,3501,2026-01-17 12:00:00
3501,124,3502,2026-01-17 12:00:00
3502,125,3503,2026-01-17 12:00:00
3503,134,3504,2026-01-17 12:00:00
3504,135,3505,2026-01-17 12:00:00
3505,137,3506,2026-01-17 12:00:00
3506,140,3507,2026-01-17 12:00:00
3507,145,3508,2026-01-17 12:00:00
3508,159,3509,2026-01-17 12:00:00
3509,160,3510,2026-01-17 12:00:00
3510,162,3511,2026-01-17 12:00:00
3511,164,3512,2026-01-17 12:00:00
3512,187,3513,2026-01-17 12:00:00
3513,190,3514,2026-01-17 12:00:00
3514,195,3515,2026-01-17 12:00:00
3515,197,3516,2026-01-17 12:00:00
3516,198,3517,2026-01-17 12:00:00
3517,200,3518,2026-01-17 12:00:00
3518,203,3519,2026-01-17 12:00:00
3519,210,3520,2026-01-17 12:00:00
3520,212,3521,2026-01-17 12:00:00
3521,220,3522,2026-01-17 12:00:00
3522,238,3523,2026-01-17 12:00:00
3523,242,3524,2026-01-17 12:00:00
3524,243,3525,2026-01-17 12:00:00
3525,245,3526,2026-01-17 12:00:00
3526,248,3527,2026-01-17 12:00:00
3527,252,3528,2026-01-17 12:00:00
3528,272,3529,2026-01-17 12:00:00
3529,279,3530,2026-01-17 12:00:00
3530,282,3531,2026-01-17 12:00:00
3531,285,3532,2026-01-17 12:00:00
3532,291,3533,2026-01-17 12:00:00
3533,296,3534,2026-01-17 12:00:00
3534,310,3535,2026-01-17 12:00:00
3535,317,3536,2026-01-17 12:00:00
3536,319,3537,2026-01-17 12:00:00
3537,324,3538,2026-01-17 12:00:00
3538,330,3539,2026-01-17 12:00:00
3539,334,3540,2026-01-17 12:00:00
3540,350,3541,2026-01-17 12:00:00
3541,353,3542,2026-01-17 12:00:00
3542,356,3543,2026-01-17 12:00:00
3543,358,3544,2026-01-17 12:00:00
3544,359,3545,2026-01-17 12:00:00
3545,362,3546,2026-01-17 12:00:00
3546,364,3547,2026-01-17 12:00:00
3547,367,3548,2026-01-17 12:00:00
3548,373,3549,2026-01-17 12:00:00
3549,374,3550,2026-01-17 12:00:00
3550,379,3551,2026-01-17 12:00:00
3551,381,3552,2026-01-17 12:00:00
3552,392,3553,2026-01-17 12:00:00
3553,405,3554,2026-01-17 12:00:00
3554,412,3555,2026-01-17 12:00:00
3555,414,3556,2026-01-17 12:00:00
3556,417,3557,2026-01-17 12:00:00
3557,428,3558,2026-01-17 12:00:00
3558,431,3559,2026-01-17 12:00:00
3559,434,3560,2026-01-17 12:00:00
3560,439,3561,2026-01-17 12:00:00
3561,444,3562,2026-01-17 12:00:00
3562,445,3563,2026-01-17 12:00:00
3563,446,3564,2026-01-17 12:00:00
3564,452,3565,2026-01-17 12:00:00
3565,455,3566,2026-01-17 12:00:00
3566,461,3567,2026-01-17 12:00:00
3567,463,3568,2026-01-17 12:00:00
3568,464,3569,2026-01-17 12:00:00
3569,465,3570,2026-01-17 12:00:00
3570,470,3571,2026-01-17 12:00:00
3571,474,3572,2026-01-17 12:00:00
3572,475,3573,2026-01-17 12:00:00
3573,508,3574,2026-01-17 12:00:00
3574,510,3575,2026-01-17 12:00:00
3575,520,3576,2026-01-17 12:00:00
3576,525,3577,2026-01-17 12:00:00
3577,527,3578,2026-01-17 12:00:00
3578,531,3579,2026-01-17 12:00:00
3579,539,3580,2026-01-17 12:00:00
3580,541,3581,2026-01-17 12:00:00
3581,550,3582,2026-01-17 12:00:00
3582,552,3583,2026-01-17 12:00:00
3583,559,3584,2026-01-17 12:00:00
3584,562,3585,2026-01-17 12:00:00
3585,563,3586,2026-01-17 12:00:00
3586,565,3587,2026-01-17 12:00:00
3587,566,3588,2026-01-17 12:00:00
3588,567,3589,2026-01-17 12:00:00
3589,570,3590,2026-01-17 12:00:00
3590,571,3591,2026-01-17 12:00:00
3591,575,3592,2026-01-17 12:00:00
3592,576,3593,2026-01-17 12:00:00
3593,579,3594,2026-01-17 12:00:00
3594,582,3595,2026-01-17 12:00:00
3595,590,3596,2026-01-17 12:00:00
3596,591,3597,2026-01-17 12:00:00
3597,599,3598,2026-01-17 12:00:00
3598,600,3599,2026-01-17 12:00:00
3599,613,3600,2026-01-17 12:00:00
3600,614,3601,2026-01-17 12:00:00
3601,619,3602,2026-01-17 12:00:00
3602,620,3603,2026-01-17 12:00:00
3603,621,3604,2026-01-17 12:00:00
3604,630,3605,2026-01-17 12:00:00
3605,639,3606,2026-01-17 12:00:00
3606,641,3607,2026-01-17 12:00:00
3607,642,3608,2026-01-17 12:00:00
3608,657,3609,2026-01-17 12:00:00
3609,658,3610,2026-01-17 12:00:00
3610,664,3611,2026-01-17 12:00:00
3611,668,3612,2026-01-17 12:00:00
3612,671,3613,2026-01-17 12:00:00
3613,674,3614,2026-01-17 12:00:00
3614,680,3615,2026-01-17 12:00:00
3615,687,3616,2026-01-17 12:00:00
3616,694,3617,2026-01-17 12:00:00
3617,700,3618,2026-01-17 12:00:00
3618,702,3619,2026-01-17 12:00:00
3619,710,3620,2026-01-17 12:00:00
3620,713,3621,2026-01-17 12:00:00
3621,726,3622,2026-01-17 12:00:00
3622,755,3623,2026-01-17 12:00:00
3623,757,3624,2026-01-17 12:00:00
3624,759,3625,2026-01-17 12:00:00
3625,763,3626,2026-01-17 12:00:00
3626,764,3627,2026-01-17 12:00:00
3627,776,3628,2026-01-17 12:00:00
3628,780,3629,2026-01-17 12:00:00
3629,785,3630,2026-01-17 12:00:00
3630,788,3631,2026-01-17 12:00:00
3631,791,3632,2026-01-17 12:00:00
3632,805,3633,2026-01-17 12:00:00
3633,810,3634,2026-01-17 12:00:00
3634,812,3635,2026-01-17 12:00:00
3635,831,3636,2026-01-17 12:00:00
3636,834,3637,2026-01-17 12:00:00
3637,840,3638,2026-01-17 12:00:00
3638,841,3639,2026-01-17 12:00:00
3639,846,3640,2026-01-17 12:00:00
3640,848,3641,2026-01-17 12:00:00
3641,865,3642,2026-01-17 12:00:00
3642,870,3643,2026-01-17 12:00:00
3643,875,3644,2026-01-17 12:00:00
3644,884,3645,2026-01-17 12:00:00
3645,887,3646,2026-01-17 12:00:00
3646,893,3647,2026-01-17 12:00:00
3647,894,3648,2026-01-17 12:00:00
3648,910,3649,2026-01-17 12:00:00
3649,915,3650,2026-01-17 12:00:00
3650,929,3651,2026-01-17 12:00:00
3651,934,3652,2026-01-17 12:00:00
3652,938,3653,2026-01-17 12:00:00
3653,939,3654,2026-01-17 12:00:00
3654,940,3655,2026-01-17 12:00:00
3655,945,3656,2026-01-17 12:00:00
3656,946,3657,2026-01-17 12:00:00
3657,947,3658,2026-01-17 12:00:00
3658,963,3659,2026-01-17 12:00:00
3659,970,3660,2026-01-17 12:00:00
3660,973,3661,2026-01-17 12:00:00
3661,987,3662,2026-01-17 12:00:00
3662,992,3663,2026-01-17 12:00:00
3663,1013,3664,2026-01-17 12:00:00
3664,1020,3665,2026-01-17 12:00:00
3665,1032,3666,2026-01-17 12:00:00
3666,1033,3667,2026-01-17 12:00:00
3667,1034,3668,2026-01-17 12:00:00
3668,1037,3669,2026-01-17 12:00:00
3669,1053,3670,2026-01-17 12:00:00
3670,1059,3671,2026-01-17 12:00:00
3671,1061,3672,2026-01-17 12:00:00
3672,1063,3673,2026-01-17 12:00:00
3673,1067,3674,2026-01-17 12:00:00
3674,1070,3675,2026-01-17 12:00:00
3675,1075,3676,2026-01-17 12:00:00
3676,1077,3677,2026-01-17 12:00:00
3677,1078,3678,2026-01-17 12:00:00
3678,1080,3679,2026-01-17 12:00:00
3679,1086,3680,2026-01-17 12:00:00
3680,1088,3681,2026-01-17 12:00:00
3681,1100,3682,2026-01-17 12:00:00
3682,1106,3683,2026-01-17 12:00:00
3683,1116,3684,2026-01-17 12:00:00
3684,1118,3685,2026-01-17 12:00:00
3685,1122,3686,2026-01-17 12:00:00
3686,1132,3687,2026-01-17 12:00:00
3687,1138,3688,2026-01-17 12:00:00
3688,1140,3689,2026-01-17 12:00:00
3689,1146,3690,2026-01-17 12:00:00
3690,1158,3691,2026-01-17 12:00:00
3691,1160,3692,2026-01-17 12:00:00
3692,1162,3693,2026-01-17 12:00:00
3693,1163,3694,2026-01-17 12:00:00
3694,1166,3695,2026-01-17 12:00:00
3695,1167,3696,2026-01-17 12:00:00
3696,1174,3697,2026-01-17 12:00:00
3697,1176,3698,2026-01-17 12:00:00
3698,1179,3699,2026-01-17 12:00:00
3699,1188,3700,2026-01-17 12:00:00
3700,1191,3701,2026-01-17 12:00:00
3701,1198,3702,2026-01-17 12:00:00
3702,1210,3703,2026-01-17 12:00:00
3703,1211,3704,2026-01-17 12:00:00
3704,1,3705,2026-01-18 12:00:00
3705,6,3706,2026-01-18 12:00:00
3706,12,3707,2026-01-18 12:00:00
3707,17,3708,2026-01-18 12:00:00
3708,22,3709,2026-01-18 12:00:00
3709,25,3710,2026-01-18 12:00:00
3710,26,3711,2026-01-18 12:00:00
3711,28,3712,2026-01-18 12:00:00
3712,31,3713,2026-01-18 12:00:00
3713,35,3714,2026-01-18 12:00:00
3714,36,3715,2026-01-18 12:00:00
3715,42,3716,2026-01-18 12:00:00
3716,44,3717,2026-01-18 12:00:00
3717,46,3718,2026-01-18 12:00:00
3718,47,3719,2026-01-18 12:00:00
3719,50,3720,2026-01-18 12:00:00
3720,52,3721,2026-01-18 12:00:00
3721,55,3722,2026-01-18 12:00:00
3722,56,3723,2026-01-18 12:00:00
3723,59,3724,2026-01-18 12:00:00
3724,65,3725,2026-01-18 12:00:00
3725,70,3726,2026-01-18 12:00:00
3726,72,3727,2026-01-18 12:00:00
3727,78,3728,2026-01-18 12:00:00
3728,79,3729,2026-01-18 12:00:00
3729,83,3730,2026-01-18 12:00:00
3730,91,3731,2026-01-18 12:00:00
3731,99,3732,2026-01-18 12:00:00
3732,108,3733,2026-01-18 12:00:00
3733,113,3734,2026-01-18 12:00:00
3734,118,3735,2026-01-18 12:00:00
3735,121,3736,2026-01-18 12:00:00
3736,122,3737,2026-01-18 12:00:00
3737,129,3738,2026-01-18 12:00:00
3738,132,3739,2026-01-18 12:00:00
3739,134,3740,2026-01-18 12:00:00
3740,144,3741,2026-01-18 12:00:00
3741,145,3742,2026-01-18 12:00:00
3742,146,3743,2026-01-18 12:00:00
3743,150,3744,2026-01-18 12:00:00
3744,154,3745,2026-01-18 12:00:00
3745,161,3746,2026-01-18 12:00:00
3746,165,3747,2026-01-18 12:00:00
3747,170,3748,2026-01-18 12:00:00
3748,173,3749,2026-01-18 12:00:00
3749,177,3750,2026-01-18 12:00:00
3750,178,3751,2026-01-18 12:00:00
3751,181,3752,2026-01-18 12:00:00
3752,182,3753,2026-01-18 12:00:00
3753,193,3754,2026-01-18 12:00:00
3754,194,3755,2026-01-18 12:00:00
3755,198,3756,2026-01-18 12:00:00
3756,206,3757,2026-01-18 12:00:00
3757,214,3758,2026-01-18 12:00:00
3758,217,3759,2026-01-18 12:00:00
3759,219,3760,2026-01-18 12:00:00
3760,227,3761,2026-01-18 12:00:00
3761,228,3762,2026-01-18 12:00:00
3762,248,3763,2026-01-18 12:00:00
3763,249,3764,2026-01-18 12:00:00
3764,253,3765,2026-01-18 12:00:00
3765,258,3766,2026-01-18 12:00:00
3766,263,3767,2026-01-18 12:00:00
3767,264,3768,2026-01-18 12:00:00
3768,267,3769,2026-01-18 12:00:00
3769,276,3770,2026-01-18 12:00:00
3770,277,3771,2026-01-18 12:00:00
3771,285,3772,2026-01-18 12:00:00
3772,287,3773,2026-01-18 12:00:00
3773,291,3774,2026-01-18 12:00:00
3774,299,3775,2026-01-18 12:00:00
3775,301,3776,2026-01-18 12:00:00
3776,302,3777,2026-01-18 12:00:00
3777,313,3778,2026-01-18 12:00:00
3778,317,3779,2026-01-18 12:00:00
3779,321,3780,2026-01-18 12:00:00
3780,324,3781,2026-01-18 12:00:00
3781,327,3782,2026-01-18 12:00:00
3782,330,3783,2026-01-18 12:00:00
3783,345,3784,2026-01-18 12:00:00
3784,353,3785,2026-01-18 12:00:00
3785,354,3786,2026-01-18 12:00:00
3786,361,3787,2026-01-18 12:00:00
3787,363,3788,2026-01-18 12:00:00
3788,368,3789,2026-01-18 12:00:00
3789,373,3790,2026-01-18 12:00:00
3790,378,3791,2026-01-18 12:00:00
3791,379,3792,2026-01-18 12:00:00
3792,383,3793,2026-01-18 12:00:00
3793,384,3794,2026-01-18 12:00:00
3794,386,3795,2026-01-18 12:00:00
3795,398,3796,2026-01-18 12:00:00
3796,399,3797,2026-01-18 12:00:00
3797,409,3798,2026-01-18 12:00:00
3798,412,3799,2026-01-18 12:00:00
3799,418,3800,2026-01-18 12:00:00
3800,431,3801,2026-01-18 12:00:00
3801,435,3802,2026-01-18 12:00:00
3802,446,3803,2026-01-18 12:00:00
3803,449,3804,2026-01-18 12:00:00
3804,455,3805,2026-01-18 12:00:00
3805,456,3806,2026-01-18 12:00:00
3806,459,3807,2026-01-18 12:00:00
3807,460,3808,2026-01-18 12:00:00
3808,463,3809,2026-01-18 12:00:00
3809,464,3810,2026-01-18 12:00:00
3810,481,3811,2026-01-18 12:00:00
3811,482,3812,2026-01-18 12:00:00
3812,484,3813,2026-01-18 12:00:00
3813,507,3814,2026-01-18 12:00:00
3814,511,3815,2026-01-18 12:00:00
3815,512,3816,2026-01-18 12:00:00
3816,513,3817,2026-01-18 12:00:00
3817,516,3818,2026-01-18 12:00:00
3818,525,3819,2026-01-18 12:00:00
3819,532,3820,2026-01-18 12:00:00
3820,536,3821,2026-01-18 12:00:00
3821,547,3822,2026-01-18 12:00:00
3822,550,3823,2026-01-18 12:00:00
3823,556,3824,2026-01-18 12:00:00
3824,569,3825,2026-01-18 12:00:00
3825,572,3826,2026-01-18 12:00:00
3826,576,3827,2026-01-18 12:00:00
3827,580,3828,2026-01-18 12:00:00
3828,584,3829,2026-01-18 12:00:00
3829,605,3830,2026-01-18 12:00:00
3830,606,3831,2026-01-18 12:00:00
3831,607,3832,2026-01-18 12:00:00
3832,619,3833,2026-01-18 12:00:00
3833,621,3834,2026-01-18 12:00:00
3834,622,3835,2026-01-18 12:00:00
3835,629,3836,2026-01-18 12:00:00
3836,634,3837,2026-01-18 12:00:00
3837,639,3838,2026-01-18 12:00:00
3838,641,3839,2026-01-18 12:00:00
3839,642,3840,2026-01-18 12:00:00
3840,644,3841,2026-01-18 12:00:00
3841,648,3842,2026-01-18 12:00:00
3842,663,3843,2026-01-18 12:00:00
3843,672,3844,2026-01-18 12:00:00
3844,676,3845,2026-01-18 12:00:00
3845,683,3846,2026-01-18 12:00:00
3846,687,3847,2026-01-18 12:00:00
3847,690,3848,2026-01-18 12:00:00
3848,695,3849,2026-01-18 12:00:00
3849,697,3850,2026-01-18 12:00:00
3850,703,3851,2026-01-18 12:00:00
3851,707,3852,2026-01-18 12:00:00
3852,720,3853,2026-01-18 12:00:00
3853,722,3854,2026-01-18 12:00:00
3854,727,3855,2026-01-18 12:00:00
3855,728,3856,2026-01-18 12:00:00
3856,737,3857,2026-01-18 12:00:00
3857,741,3858,2026-01-18 12:00:00
3858,746,3859,2026-01-18 12:00:00
3859,747,3860,2026-01-18 12:00:00
3860,752,3861,2026-01-18 12:00:00
3861,756,3862,2026-01-18 12:00:00
3862,766,3863,2026-01-18 12:00:00
3863,767,3864,2026-01-18 12:00:00
3864,770,3865,2026-01-18 12:00:00
3865,772,3866,2026-01-18 12:00:00
3866,774,3867,2026-01-18 12:00:00
3867,779,3868,2026-01-18 12:00:00
3868,780,3869,2026-01-18 12:00:00
3869,782,3870,2026-01-18 12:00:00
3870,784,3871,2026-01-18 12:00:00
3871,789,3872,2026-01-18 12:00:00
3872,795,3873,2026-01-18 12:00:00
3873,805,3874,2026-01-18 12:00:00
3874,810,3875,2026-01-18 12:00:00
3875,817,3876,2026-01-18 12:00:00
3876,818,3877,2026-01-18 12:00:00
3877,821,3878,2026-01-18 12:00:00
3878,822,3879,2026-01-18 12:00:00
3879,824,3880,2026-01-18 12:00:00
3880,834,3881,2026-01-18 12:00:00
3881,835,3882,2026-01-18 12:00:00
3882,836,3883,2026-01-18 12:00:00
3883,837,3884,2026-01-18 12:00:00
3884,839,3885,2026-01-18 12:00:00
3885,842,3886,2026-01-18 12:00:00
3886,851,3887,2026-01-18 12:00:00
3887,852,3888,2026-01-18 12:00:00
3888,876,3889,2026-01-18 12:00:00
3889,883,3890,2026-01-18 12:00:00
3890,898,3891,2026-01-18 12:00:00
3891,906,3892,2026-01-18 12:00:00
3892,914,3893,2026-01-18 12:00:00
3893,915,3894,2026-01-18 12:00:00
3894,917,3895,2026-01-18 12:00:00
3895,920,3896,2026-01-18 12:00:00
3896,921,3897,2026-01-18 12:00:00
3897,923,3898,2026-01-18 12:00:00
3898,924,3899,2026-01-18 12:00:00
3899,930,3900,2026-01-18 12:00:00
3900,931,3901,2026-01-18 12:00:00
3901,933,3902,2026-01-18 12:00:00
3902,934,3903,2026-01-18 12:00:00
3903,935,3904,2026-01-18 12:00:00
3904,936,3905,2026-01-18 12:00:00
3905,941,3906,2026-01-18 12:00:00
3906,942,3907,2026-01-18 12:00:00
3907,943,3908,2026-01-18 12:00:00
3908,951,3909,2026-01-18 12:00:00
3909,957,3910,2026-01-18 12:00:00
3910,958,3911,2026-01-18 12:00:00
3911,961,3912,2026-01-18 12:00:00
3912,965,3913,2026-01-18 12:00:00
3913,968,3914,2026-01-18 12:00:00
3914,972,3915,2026-01-18 12:00:00
3915,975,3916,2026-01-18 12:00:00
3916,981,3917,2026-01-18 12:00:00
3917,986,3918,2026-01-18 12:00:00
3918,988,3919,2026-01-18 12:00:00
3919,998,3920,2026-01-18 12:00:00
3920,999,3921,2026-01-18 12:00:00
3921,1003,3922,2026-01-18 12:00:00
3922,1018,3923,2026-01-18 12:00:00
3923,1025,3924,2026-01-18 12:00:00
3924,1030,3925,2026-01-18 12:00:00
3925,1031,3926,2026-01-18 12:00:00
3926,1037,3927,2026-01-18 12:00:00
3927,1038,3928,2026-01-18 12:00:00
3928,1042,3929,2026-01-18 12:00:00
3929,1044,3930,2026-01-18 12:00:00
3930,1047,3931,2026-01-18 12:00:00
3931,1054,3932,2026-01-18 12:00:00
3932,1056,3933,2026-01-18 12:00:00
3933,1061,3934,2026-01-18 12:00:00
3934,1069,3935,2026-01-18 12:00:00
3935,1070,3936,2026-01-18 12:00:00
3936,1071,3937,2026-01-18 12:00:00
3937,1073,3938,2026-01-18 12:00:00
3938,1076,3939,2026-01-18 12:00:00
3939,1083,3940,2026-01-18 12:00:00
3940,1084,3941,2026-01-18 12:00:00
3941,1087,3942,2026-01-18 12:00:00
3942,1091,3943,2026-01-18 12:00:00
3943,1098,3944,2026-01-18 12:00:00
3944,1103,3945,2026-01-18 12:00:00
3945,1105,3946,2026-01-18 12:00:00
3946,1108,3947,2026-01-18 12:00:00
3947,1110,3948,2026-01-18 12:00:00
3948,1116,3949,2026-01-18 12:00:00
3949,1120,3950,2026-01-18 12:00:00
3950,1124,3951,2026-01-18 12:00:00
3951,1125,3952,2026-01-18 12:00:00
3952,1126,3953,2026-01-18 12:00:00
3953,1147,3954,2026-01-18 12:00:00
3954,1153,3955,2026-01-18 12:00:00
3955,1162,3956,2026-01-18 12:00:00
3956,1167,3957,2026-01-18 12:00:00
3957,1187,3958,2026-01-18 12:00:00
3958,1189,3959,2026-01-18 12:00:00
3959,1198,3960,2026-01-18 12:00:00
3960,1204,3961,2026-01-18 12:00:00
3961,1213,3962,2026-01-18 12:00:00
3962,1220,3963,2026-01-18 12:00:00
3963,1,3964,2026-01-19 12:00:00
3964,3,3965,2026-01-19 12:00:00
3965,5,3966,2026-01-19 12:00:00
3966,7,3967,2026-01-19 12:00:00
3967,19,3968,2026-01-19 12:00:00
3968,20,3969,2026-01-19 12:00:00
3969,21,3970,2026-01-19 12:00:00
3970,23,3971,2026-01-19 12:00:00
3971,24,3972,2026-01-19 12:00:00
3972,31,3973,2026-01-19 12:00:00
3973,32,3974,2026-01-19 12:00:00
3974,33,3975,2026-01-19 12:00:00
3975,35,3976,2026-01-19 12:00:00
3976,37,3977,2026-01-19 12:00:00
3977,40,3978,2026-01-19 12:00:00
3978,41,3979,2026-01-19 12:00:00
3979,45,3980,2026-01-19 12:00:00
3980,48,3981,2026-01-19 12:00:00
3981,51,3982,2026-01-19 12:00:00
3982,54,3983,2026-01-19 12:00:00
3983,55,3984,2026-01-19 12:00:00
3984,58,3985,2026-01-19 12:00:00
3985,62,3986,2026-01-19 12:00:00
3986,63,3987,2026-01-19 12:00:00
3987,65,3988,2026-01-19 12:00:00
3988,74,3989,2026-01-19 12:00:00
3989,85,3990,2026-01-19 12:00:00
3990,86,3991,2026-01-19 12:00:00
3991,87,3992,2026-01-19 12:00:00
3992,92,3993,2026-01-19 12:00:00
3993,98,3994,2026-01-19 12:00:00
3994,99,3995,2026-01-19 12:00:00
3995,102,3996,2026-01-19 12:00:00
3996,104,3997,2026-01-19 12:00:00
3997,107,3998,2026-01-19 12:00:00
3998,112,3999,2026-01-19 12:00:00
3999,118,4000,2026-01-19 12:00:00
4000,120,4001,2026-01-19 12:00:00
4001,124,4002,2026-01-19 12:00:00
4002,133,4003,2026-01-19 12:00:00
4003,134,4004,2026-01-19 12:00:00
4004,135,4005,2026-01-19 12:00:00
4005,143,4006,2026-01-19 12:00:00
4006,153,4007,2026-01-19 12:00:00
4007,159,4008,2026-01-19 12:00:00
4008,163,4009,2026-01-19 12:00:00
4009,165,4010,2026-01-19 12:00:00
4010,168,4011,2026-01-19 12:00:00
4011,172,4012,2026-01-19 12:00:00
4012,176,4013,2026-01-19 12:00:00
4013,179,4014,2026-01-19 12:00:00
4014,181,4015,2026-01-19 12:00:00
4015,182,4016,2026-01-19 12:00:00
4016,195,4017,2026-01-19 12:00:00
4017,196,4018,2026-01-19 12:00:00
4018,206,4019,2026-01-19 12:00:00
4019,209,4020,2026-01-19 12:00:00
4020,215,4021,2026-01-19 12:00:00
4021,216,4022,2026-01-19 12:00:00
4022,218,4023,2026-01-19 12:00:00
4023,220,4024,2026-01-19 12:00:00
4024,231,4025,2026-01-19 12:00:00
4025,232,4026,2026-01-19 12:00:00
4026,238,4027,2026-01-19 12:00:00
4027,240,4028,2026-01-19 12:00:00
4028,242,4029,2026-01-19 12:00:00
4029,248,4030,2026-01-19 12:00:00
4030,251,4031,2026-01-19 12:00:00
4031,256,4032,2026-01-19 12:00:00
4032,266,4033,2026-01-19 12:00:00
4033,274,4034,2026-01-19 12:00:00
4034,282,4035,2026-01-19 12:00:00
4035,283,4036,2026-01-19 12:00:00
4036,287,4037,2026-01-19 12:00:00
4037,297,4038,2026-01-19 12:00:00
4038,304,4039,2026-01-19 12:00:00
4039,306,4040,2026-01-19 12:00:00
4040,319,4041,2026-01-19 12:00:00
4041,323,4042,2026-01-19 12:00:00
4042,326,4043,2026-01-19 12:00:00
4043,328,4044,2026-01-19 12:00:00
4044,337,4045,2026-01-19 12:00:00
4045,340,4046,2026-01-19 12:00:00
4046,345,4047,2026-01-19 12:00:00
4047,346,4048,2026-01-19 12:00:00
4048,351,4049,2026-01-19 12:00:00
4049,358,4050,2026-01-19 12:00:00
4050,360,4051,2026-01-19 12:00:00
4051,363,4052,2026-01-19 12:00:00
4052,365,4053,2026-01-19 12:00:00
4053,367,4054,2026-01-19 12:00:00
4054,372,4055,2026-01-19 12:00:00
4055,374,4056,2026-01-19 12:00:00
4056,382,4057,2026-01-19 12:00:00
4057,386,4058,2026-01-19 12:00:00
4058,390,4059,2026-01-19 12:00:00
4059,399,4060,2026-01-19 12:00:00
4060,401,4061,2026-01-19 12:00:00
4061,405,4062,2026-01-19 12:00:00
4062,407,4063,2026-01-19 12:00:00
4063,409,4064,2026-01-19 12:00:00
4064,411,4065,2026-01-19 12:00:00
4065,413,4066,2026-01-19 12:00:00
4066,414,4067,2026-01-19 12:00:00
4067,415,4068,2026-01-19 12:00:00
4068,420,4069,2026-01-19 12:00:00
4069,421,4070,2026-01-19 12:00:00
4070,423,4071,2026-01-19 12:00:00
4071,425,4072,2026-01-19 12:00:00
4072,430,4073,2026-01-19 12:00:00
4073,434,4074,2026-01-19 12:00:00
4074,435,4075,2026-01-19 12:00:00
4075,438,4076,2026-01-19 12:00:00
4076,441,4077,2026-01-19 12:00:00
4077,443,4078,2026-01-19 12:00:00
4078,448,4079,2026-01-19 12:00:00
4079,452,4080,2026-01-19 12:00:00
4080,459,4081,2026-01-19 12:00:00
4081,461,4082,2026-01-19 12:00:00
4082,467,4083,2026-01-19 12:00:00
4083,472,4084,2026-01-19 12:00:00
4084,479,4085,2026-01-19 12:00:00
4085,480,4086,2026-01-19 12:00:00
4086,486,4087,2026-01-19 12:00:00
4087,493,4088,2026-01-19 12:00:00
4088,497,4089,2026-01-19 12:00:00
4089,502,4090,2026-01-19 12:00:00
4090,503,4091,2026-01-19 12:00:00
4091,508,4092,2026-01-19 12:00:00
4092,510,4093,2026-01-19 12:00:00
4093,514,4094,2026-01-19 12:00:00
4094,515,4095,2026-01-19 12:00:00
4095,527,4096,2026-01-19 12:00:00
4096,532,4097,2026-01-19 12:00:00
4097,536,4098,2026-01-19 12:00:00
4098,543,4099,2026-01-19 12:00:00
4099,544,4100,2026-01-19 12:00:00
4100,549,4101,2026-01-19 12:00:00
4101,550,4102,2026-01-19 12:00:00
4102,553,4103,2026-01-19 12:00:00
4103,555,4104,2026-01-19 12:00:00
4104,561,4105,2026-01-19 12:00:00
4105,562,4106,2026-01-19 12:00:00
4106,563,4107,2026-01-19 12:00:00
4107,575,4108,2026-01-19 12:00:00
4108,580,4109,2026-01-19 12:00:00
4109,585,4110,2026-01-19 12:00:00
4110,590,4111,2026-01-19 12:00:00
4111,592,4112,2026-01-19 12:00:00
4112,595,4113,2026-01-19 12:00:00
4113,599,4114,2026-01-19 12:00:00
4114,611,4115,2026-01-19 12:00:00
4115,613,4116,2026-01-19 12:00:00
4116,631,4117,2026-01-19 12:00:00
4117,638,4118,2026-01-19 12:00:00
4118,643,4119,2026-01-19 12:00:00
4119,653,4120,2026-01-19 12:00:00
4120,676,4121,2026-01-19 12:00:00
4121,682,4122,2026-01-19 12:00:00
4122,686,4123,2026-01-19 12:00:00
4123,688,4124,2026-01-19 12:00:00
4124,697,4125,2026-01-19 12:00:00
4125,699,4126,2026-01-19 12:00:00
4126,700,4127,2026-01-19 12:00:00
4127,701,4128,2026-01-19 12:00:00
4128,711,4129,2026-01-19 12:00:00
4129,712,4130,2026-01-19 12:00:00
4130,717,4131,2026-01-19 12:00:00
4131,718,4132,2026-01-19 12:00:00
4132,721,4133,2026-01-19 12:00:00
4133,723,4134,2026-01-19 12:00:00
4134,729,4135,2026-01-19 12:00:00
4135,732,4136,2026-01-19 12:00:00
4136,736,4137,2026-01-19 12:00:00
4137,742,4138,2026-01-19 12:00:00
4138,751,4139,2026-01-19 12:00:00
4139,752,4140,2026-01-19 12:00:00
4140,758,4141,2026-01-19 12:00:00
4141,759,4142,2026-01-19 12:00:00
4142,760,4143,2026-01-19 12:00:00
4143,765,4144,2026-01-19 12:00:00
4144,767,4145,2026-01-19 12:00:00
4145,773,4146,2026-01-19 12:00:00
4146,775,4147,2026-01-19 12:00:00
4147,781,4148,2026-01-19 12:00:00
4148,784,4149,2026-01-19 12:00:00
4149,793,4150,2026-01-19 12:00:00
4150,796,4151,2026-01-19 12:00:00
4151,802,4152,2026-01-19 12:00:00
4152,804,4153,2026-01-19 12:00:00
4153,812,4154,2026-01-19 12:00:00
4154,813,4155,2026-01-19 12:00:00
4155,815,4156,2026-01-19 12:00:00
4156,818,4157,2026-01-19 12:00:00
4157,820,4158,2026-01-19 12:00:00
4158,823,4159,2026-01-19 12:00:00
4159,825,4160,2026-01-19 12:00:00
4160,831,4161,2026-01-19 12:00:00
4161,837,4162,2026-01-19 12:00:00
4162,838,4163,2026-01-19 12:00:00
4163,841,4164,2026-01-19 12:00:00
4164,845,4165,2026-01-19 12:00:00
4165,847,4166,2026-01-19 12:00:00
4166,850,4167,2026-01-19 12:00:00
4167,855,4168,2026-01-19 12:00:00
4168,856,4169,2026-01-19 12:00:00
4169,867,4170,2026-01-19 12:00:00
4170,868,4171,2026-01-19 12:00:00
4171,870,4172,2026-01-19 12:00:00
4172,875,4173,2026-01-19 12:00:00
4173,877,4174,2026-01-19 12:00:00
4174,880,4175,2026-01-19 12:00:00
4175,884,4176,2026-01-19 12:00:00
4176,885,4177,2026-01-19 12:00:00
4177,893,4178,2026-01-19 12:00:00
4178,895,4179,2026-01-19 12:00:00
4179,907,4180,2026-01-19 12:00:00
4180,910,4181,2026-01-19 12:00:00
4181,911,4182,2026-01-19 12:00:00
4182,915,4183,2026-01-19 12:00:00
4183,920,4184,2026-01-19 12:00:00
4184,927,4185,2026-01-19 12:00:00
4185,933,4186,2026-01-19 12:00:00
4186,934,4187,2026-01-19 12:00:00
4187,940,4188,2026-01-19 12:00:00
4188,943,4189,2026-01-19 12:00:00
4189,946,4190,2026-01-19 12:00:00
4190,963,4191,2026-01-19 12:00:00
4191,966,4192,2026-01-19 12:00:00
4192,969,4193,2026-01-19 12:00:00
4193,977,4194,2026-01-19 12:00:00
4194,980,4195,2026-01-19 12:00:00
4195,985,4196,2026-01-19 12:00:00
4196,997,4197,2026-01-19 12:00:00
4197,1002,4198,2026-01-19 12:00:00
4198,1016,4199,2026-01-19 12:00:00
4199,1017,4200,2026-01-19 12:00:00
4200,1019,4201,2026-01-19 12:00:00
4201,1024,4202,2026-01-19 12:00:00
4202,1030,4203,2026-01-19 12:00:00
4203,1039,4204,2026-01-19 12:00:00
4204,1041,4205,2026-01-19 12:00:00
4205,1044,4206,2026-01-19 12:00:00
4206,1050,4207,2026-01-19 12:00:00
4207,1054,4208,2026-01-19 12:00:00
4208,1057,4209,2026-01-19 12:00:00
4209,1060,4210,2026-01-19 12:00:00
4210,1061,4211,2026-01-19 12:00:00
4211,1066,4212,2026-01-19 12:00:00
4212,1074,4213,2026-01-19 12:00:00
4213,1077,4214,2026-01-19 12:00:00
4214,1083,4215,2026-01-19 12:00:00
4215,1092,4216,2026-01-19 12:00:00
4216,1099,4217,2026-01-19 12:00:00
4217,1105,4218,2026-01-19 12:00:00
4218,1107,4219,2026-01-19 12:00:00
4219,1113,4220,2026-01-19 12:00:00
4220,1117,4221,2026-01-19 12:00:00
4221,1118,4222,2026-01-19 12:00:00
4222,1121,4223,2026-01-19 12:00:00
4223,1136,4224,2026-01-19 12:00:00
4224,1140,4225,2026-01-19 12:00:00
4225,1147,4226,2026-01-19 12:00:00
4226,1152,4227,2026-01-19 12:00:00
4227,1161,4228,2026-01-19 12:00:00
4228,1168,4229,2026-01-19 12:00:00
4229,1173,4230,2026-01-19 12:00:00
4230,1182,4231,2026-01-19 12:00:00
4231,1193,4232,2026-01-19 12:00:00
4232,1199,4233,2026-01-19 12:00:00
4233,1200,4234,2026-01-19 12:00:00
4234,1206,4235,2026-01-19 12:00:00
4235,1213,4236,2026-01-19 12:00:00
4236,1216,4237,2026-01-19 12:00:00
4237,1218,4238,2026-01-19 12:00:00
4238,1220,4239,2026-01-19 12:00:00
4239,1225,4240,2026-01-19 12:00:00
4240,1226,4241,2026-01-19 12:00:00
4241,1228,4242,2026-01-19 12:00:00
4242,1236,4243,2026-01-19 12:00:00
4243,1238,4244,2026-01-19 12:00:00
4244,4,4245,2026-01-20 12:00:00
4245,6,4246,2026-01-20 12:00:00
4246,11,4247,2026-01-20 12:00:00
4247,21,4248,2026-01-20 12:00:00
4248,24,4249,2026-01-20 12:00:00
4249,25,4250,2026-01-20 12:00:00
4250,26,4251,2026-01-20 12:00:00
4251,48,4252,2026-01-20 12:00:00
4252,49,4253,2026-01-20 12:00:00
4253,61,4254,2026-01-20 12:00:00
4254,77,4255,2026-01-20 12:00:00
4255,83,4256,2026-01-20 12:00:00
4256,86,4257,2026-01-20 12:00:00
4257,88,4258,2026-01-20 12:00:00
4258,106,4259,2026-01-20 12:00:00
4259,117,4260,2026-01-20 12:00:00
4260,128,4261,2026-01-20 12:00:00
4261,142,4262,2026-01-20 12:00:00
4262,152,4263,2026-01-20 12:00:00
4263,158,4264,2026-01-20 12:00:00
4264,168,4265,2026-01-20 12:00:00
4265,171,4266,2026-01-20 12:00:00
4266,176,4267,2026-01-20 12:00:00
4267,184,4268,2026-01-20 12:00:00
4268,190,4269,2026-01-20 12:00:00
4269,193,4270,2026-01-20 12:00:00
4270,203,4271,2026-01-20 12:00:00
4271,206,4272,2026-01-20 12:00:00
4272,207,4273,2026-01-20 12:00:00
4273,211,4274,2026-01-20 12:00:00
4274,212,4275,2026-01-20 12:00:00
4275,216,4276,2026-01-20 12:00:00
4276,219,4277,2026-01-20 12:00:00
4277,224,4278,2026-01-20 12:00:00
4278,226,4279,2026-01-20 12:00:00
4279,233,4280,2026-01-20 12:00:00
4280,235,4281,2026-01-20 12:00:00
4281,240,4282,2026-01-20 12:00:00
4282,265,4283,2026-01-20 12:00:00
4283,269,4284,2026-01-20 12:00:00
4284,274,4285,2026-01-20 12:00:00
4285,275,4286,2026-01-20 12:00:00
4286,278,4287,2026-01-20 12:00:00
4287,289,4288,2026-01-20 12:00:00
4288,291,4289,2026-01-20 12:00:00
4289,298,4290,2026-01-20 12:00:00
4290,300,4291,2026-01-20 12:00:00
4291,306,4292,2026-01-20 12:00:00
4292,309,4293,2026-01-20 12:00:00
4293,319,4294,2026-01-20 12:00:00
4294,322,4295,2026-01-20 12:00:00
4295,323,4296,2026-01-20 12:00:00
4296,325,4297,2026-01-20 12:00:00
4297,327,4298,2026-01-20 12:00:00
4298,334,4299,2026-01-20 12:00:00
4299,341,4300,2026-01-20 12:00:00
4300,349,4301,2026-01-20 12:00:00
4301,356,4302,2026-01-20 12:00:00
4302,359,4303,2026-01-20 12:00:00
4303,366,4304,2026-01-20 12:00:00
4304,373,4305,2026-01-20 12:00:00
4305,374,4306,2026-01-20 12:00:00
4306,377,4307,2026-01-20 12:00:00
4307,379,4308,2026-01-20 12:00:00
4308,380,4309,2026-01-20 12:00:00
4309,383,4310,2026-01-20 12:00:00
4310,388,4311,2026-01-20 12:00:00
4311,394,4312,2026-01-20 12:00:00
4312,395,4313,2026-01-20 12:00:00
4313,398,4314,2026-01-20 12:00:00
4314,404,4315,2026-01-20 12:00:00
4315,406,4316,2026-01-20 12:00:00
4316,407,4317,2026-01-20 12:00:00
4317,408,4318,2026-01-20 12:00:00
4318,413,4319,2026-01-20 12:00:00
4319,414,4320,2026-01-20 12:00:00
4320,418,4321,2026-01-20 12:00:00
4321,421,4322,2026-01-20 12:00:00
4322,425,4323,2026-01-20 12:00:00
4323,428,4324,2026-01-20 12:00:00
4324,431,4325,2026-01-20 12:00:00
4325,434,4326,2026-01-20 12:00:00
4326,435,4327,2026-01-20 12:00:00
4327,437,4328,2026-01-20 12:00:00
4328,438,4329,2026-01-20 12:00:00
4329,439,4330,2026-01-20 12:00:00
4330,445,4331,2026-01-20 12:00:00
4331,446,4332,2026-01-20 12:00:00
4332,454,4333,2026-01-20 12:00:00
4333,460,4334,2026-01-20 12:00:00
4334,463,4335,2026-01-20 12:00:00
4335,465,4336,2026-01-20 12:00:00
4336,466,4337,2026-01-20 12:00:00
4337,481,4338,2026-01-20 12:00:00
4338,483,4339,2026-01-20 12:00:00
4339,486,4340,2026-01-20 12:00:00
4340,499,4341,2026-01-20 12:00:00
4341,504,4342,2026-01-20 12:00:00
4342,505,4343,2026-01-20 12:00:00
4343,506,4344,2026-01-20 12:00:00
4344,511,4345,2026-01-20 12:00:00
4345,515,4346,2026-01-20 12:00:00
4346,519,4347,2026-01-20 12:00:00
4347,520,4348,2026-01-20 12:00:00
4348,521,4349,2026-01-20 12:00:00
4349,522,4350,2026-01-20 12:00:00
4350,526,4351,2026-01-20 12:00:00
4351,530,4352,2026-01-20 12:00:00
4352,545,4353,2026-01-20 12:00:00
4353,547,4354,2026-01-20 12:00:00
4354,549,4355,2026-01-20 12:00:00
4355,558,4356,2026-01-20 12:00:00
4356,559,4357,2026-01-20 12:00:00
4357,564,4358,2026-01-20 12:00:00
4358,567,4359,2026-01-20 12:00:00
4359,570,4360,2026-01-20 12:00:00
4360,571,4361,2026-01-20 12:00:00
4361,572,4362,2026-01-20 12:00:00
4362,575,4363,2026-01-20 12:00:00
4363,577,4364,2026-01-20 12:00:00
4364,587,4365,2026-01-20 12:00:00
4365,599,4366,2026-01-20 12:00:00
4366,600,4367,2026-01-20 12:00:00
4367,602,4368,2026-01-20 12:00:00
4368,604,4369,2026-01-20 12:00:00
4369,606,4370,2026-01-20 12:00:00
4370,617,4371,2026-01-20 12:00:00
4371,626,4372,2026-01-20 12:00:00
4372,632,4373,2026-01-20 12:00:00
4373,641,4374,2026-01-20 12:00:00
4374,653,4375,2026-01-20 12:00:00
4375,680,4376,2026-01-20 12:00:00
4376,686,4377,2026-01-20 12:00:00
4377,691,4378,2026-01-20 12:00:00
4378,693,4379,2026-01-20 12:00:00
4379,702,4380,2026-01-20 12:00:00
4380,706,4381,2026-01-20 12:00:00
4381,712,4382,2026-01-20 12:00:00
4382,717,4383,2026-01-20 12:00:00
4383,719,4384,2026-01-20 12:00:00
4384,720,4385,2026-01-20 12:00:00
4385,721,4386,2026-01-20 12:00:00
4386,739,4387,2026-01-20 12:00:00
4387,753,4388,2026-01-20 12:00:00
4388,755,4389,2026-01-20 12:00:00
4389,760,4390,2026-01-20 12:00:00
4390,766,4391,2026-01-20 12:00:00
4391,767,4392,2026-01-20 12:00:00
4392,771,4393,2026-01-20 12:00:00
4393,786,4394,2026-01-20 12:00:00
4394,794,4395,2026-01-20 12:00:00
4395,817,4396,2026-01-20 12:00:00
4396,818,4397,2026-01-20 12:00:00
4397,822,4398,2026-01-20 12:00:00
4398,825,4399,2026-01-20 12:00:00
4399,827,4400,2026-01-20 12:00:00
4400,830,4401,2026-01-20 12:00:00
4401,835,4402,2026-01-20 12:00:00
4402,837,4403,2026-01-20 12:00:00
4403,847,4404,2026-01-20 12:00:00
4404,850,4405,2026-01-20 12:00:00
4405,857,4406,2026-01-20 12:00:00
4406,866,4407,2026-01-20 12:00:00
4407,867,4408,2026-01-20 12:00:00
4408,874,4409,2026-01-20 12:00:00
4409,878,4410,2026-01-20 12:00:00
4410,884,4411,2026-01-20 12:00:00
4411,894,4412,2026-01-20 12:00:00
4412,898,4413,2026-01-20 12:00:00
4413,899,4414,2026-01-20 12:00:00
4414,900,4415,2026-01-20 12:00:00
4415,904,4416,2026-01-20 12:00:00
4416,911,4417,2026-01-20 12:00:00
4417,929,4418,2026-01-20 12:00:00
4418,932,4419,2026-01-20 12:00:00
4419,933,4420,2026-01-20 12:00:00
4420,935,4421,2026-01-20 12:00:00
4421,937,4422,2026-01-20 12:00:00
4422,938,4423,2026-01-20 12:00:00
4423,941,4424,2026-01-20 12:00:00
4424,945,4425,2026-01-20 12:00:00
4425,947,4426,2026-01-20 12:00:00
4426,948,4427,2026-01-20 12:00:00
4427,955,4428,2026-01-20 12:00:00
4428,959,4429,2026-01-20 12:00:00
4429,960,4430,2026-01-20 12:00:00
4430,967,4431,2026-01-20 12:00:00
4431,968,4432,2026-01-20 12:00:00
4432,980,4433,2026-01-20 12:00:00
4433,981,4434,2026-01-20 12:00:00
4434,986,4435,2026-01-20 12:00:00
4435,993,4436,2026-01-20 12:00:00
4436,1001,4437,2026-01-20 12:00:00
4437,1004,4438,2026-01-20 12:00:00
4438,1010,4439,2026-01-20 12:00:00
4439,1011,4440,2026-01-20 12:00:00
4440,1013,4441,2026-01-20 12:00:00
4441,1018,4442,2026-01-20 12:00:00
4442,1019,4443,2026-01-20 12:00:00
4443,1020,4444,2026-01-20 12:00:00
4444,1021,4445,2026-01-20 12:00:00
4445,1023,4446,2026-01-20 12:00:00
4446,1025,4447,2026-01-20 12:00:00
4447,1034,4448,2026-01-20 12:00:00
4448,1042,4449,2026-01-20 12:00:00
4449,1046,4450,2026-01-20 12:00:00
4450,1050,4451,2026-01-20 12:00:00
4451,1068,4452,2026-01-20 12:00:00
4452,1080,4453,2026-01-20 12:00:00
4453,1081,4454,2026-01-20 12:00:00
4454,1086,4455,2026-01-20 12:00:00
4455,1087,4456,2026-01-20 12:00:00
4456,1088,4457,2026-01-20 12:00:00
4457,1100,4458,2026-01-20 12:00:00
4458,1102,4459,2026-01-20 12:00:00
4459,1105,4460,2026-01-20 12:00:00
4460,1106,4461,2026-01-20 12:00:00
4461,1107,4462,2026-01-20 12:00:00
4462,1112,4463,2026-01-20 12:00:00
4463,1125,4464,2026-01-20 12:00:00
4464,1136,4465,2026-01-20 12:00:00
4465,1140,4466,2026-01-20 12:00:00
4466,1142,4467,2026-01-20 12:00:00
4467,1146,4468,2026-01-20 12:00:00
4468,1148,4469,2026-01-20 12:00:00
4469,1149,4470,2026-01-20 12:00:00
4470,1151,4471,2026-01-20 12:00:00
4471,1162,4472,2026-01-20 12:00:00
4472,1178,4473,2026-01-20 12:00:00
4473,1179,4474,2026-01-20 12:00:00
4474,1182,4475,2026-01-20 12:00:00
4475,1188,4476,2026-01-20 12:00:00
4476,1203,4477,2026-01-20 12:00:00
4477,1206,4478,2026-01-20 12:00:00
4478,1208,4479,2026-01-20 12:00:00
4479,1210,4480,2026-01-20 12:00:00
4480,1214,4481,2026-01-20 12:00:00
4481,1227,4482,2026-01-20 12:00:00
4482,1229,4483,2026-01-20 12:00:00
4483,1235,4484,2026-01-20 12:00:00
4484,1236,4485,2026-01-20 12:00:00
4485,1241,4486,2026-01-20 12:00:00
4486,1246,4487,2026-01-20 12:00:00
4487,1,4488,2026-01-21 12:00:00
4488,12,4489,2026-01-21 12:00:00
4489,21,4490,2026-01-21 12:00:00
4490,30,4491,2026-01-21 12:00:00
4491,31,4492,2026-01-21 12:00:00
4492,39,4493,2026-01-21 12:00:00
4493,43,4494,2026-01-21 12:00:00
4494,50,4495,2026-01-21 12:00:00
4495,63,4496,2026-01-21 12:00:00
4496,69,4497,2026-01-21 12:00:00
4497,70,4498,2026-01-21 12:00:00
4498,71,4499,2026-01-21 12:00:00
4499,74,4500,2026-01-21 12:00:00
4500,84,4501,2026-01-21 12:00:00
4501,86,4502,2026-01-21 12:00:00
4502,87,4503,2026-01-21 12:00:00
4503,91,4504,2026-01-21 12:00:00
4504,106,4505,2026-01-21 12:00:00
4505,108,4506,2026-01-21 12:00:00
4506,116,4507,2026-01-21 12:00:00
4507,122,4508,2026-01-21 12:00:00
4508,129,4509,2026-01-21 12:00:00
4509,132,4510,2026-01-21 12:00:00
4510,134,4511,2026-01-21 12:00:00
4511,135,4512,2026-01-21 12:00:00
4512,138,4513,2026-01-21 12:00:00
4513,143,4514,2026-01-21 12:00:00
4514,155,4515,2026-01-21 12:00:00
4515,159,4516,2026-01-21 12:00:00
4516,165,4517,2026-01-21 12:00:00
4517,172,4518,2026-01-21 12:00:00
4518,178,4519,2026-01-21 12:00:00
4519,179,4520,2026-01-21 12:00:00
4520,190,4521,2026-01-21 12:00:00
4521,193,4522,2026-01-21 12:00:00
4522,198,4523,2026-01-21 12:00:00
4523,203,4524,2026-01-21 12:00:00
4524,204,4525,2026-01-21 12:00:00
4525,212,4526,2026-01-21 12:00:00
4526,217,4527,2026-01-21 12:00:00
4527,229,4528,2026-01-21 12:00:00
4528,234,4529,2026-01-21 12:00:00
4529,240,4530,2026-01-21 12:00:00
4530,245,4531,2026-01-21 12:00:00
4531,250,4532,2026-01-21 12:00:00
4532,252,4533,2026-01-21 12:00:00
4533,265,4534,2026-01-21 12:00:00
4534,273,4535,2026-01-21 12:00:00
4535,277,4536,2026-01-21 12:00:00
4536,281,4537,2026-01-21 12:00:00
4537,283,4538,2026-01-21 12:00:00
4538,288,4539,2026-01-21 12:00:00
4539,292,4540,2026-01-21 12:00:00
4540,300,4541,2026-01-21 12:00:00
4541,304,4542,2026-01-21 12:00:00
4542,307,4543,2026-01-21 12:00:00
4543,310,4544,2026-01-21 12:00:00
4544,312,4545,2026-01-21 12:00:00
4545,313,4546,2026-01-21 12:00:00
4546,319,4547,2026-01-21 12:00:00
4547,320,4548,2026-01-21 12:00:00
4548,321,4549,2026-01-21 12:00:00
4549,325,4550,2026-01-21 12:00:00
4550,326,4551,2026-01-21 12:00:00
4551,329,4552,2026-01-21 12:00:00
4552,337,4553,2026-01-21 12:00:00
4553,343,4554,2026-01-21 12:00:00
4554,346,4555,2026-01-21 12:00:00
4555,350,4556,2026-01-21 12:00:00
4556,358,4557,2026-01-21 12:00:00
4557,362,4558,2026-01-21 12:00:00
4558,363,4559,2026-01-21 12:00:00
4559,370,4560,2026-01-21 12:00:00
4560,375,4561,2026-01-21 12:00:00
4561,378,4562,2026-01-21 12:00:00
4562,386,4563,2026-01-21 12:00:00
4563,388,4564,2026-01-21 12:00:00
4564,390,4565,2026-01-21 12:00:00
4565,392,4566,2026-01-21 12:00:00
4566,401,4567,2026-01-21 12:00:00
4567,402,4568,2026-01-21 12:00:00
4568,403,4569,2026-01-21 12:00:00
4569,407,4570,2026-01-21 12:00:00
4570,408,4571,2026-01-21 12:00:00
4571,413,4572,2026-01-21 12:00:00
4572,418,4573,2026-01-21 12:00:00
4573,420,4574,2026-01-21 12:00:00
4574,424,4575,2026-01-21 12:00:00
4575,426,4576,2026-01-21 12:00:00
4576,428,4577,2026-01-21 12:00:00
4577,432,4578,2026-01-21 12:00:00
4578,437,4579,2026-01-21 12:00:00
4579,441,4580,2026-01-21 12:00:00
4580,443,4581,2026-01-21 12:00:00
4581,446,4582,2026-01-21 12:00:00
4582,448,4583,2026-01-21 12:00:00
4583,458,4584,2026-01-21 12:00:00
4584,465,4585,2026-01-21 12:00:00
4585,466,4586,2026-01-21 12:00:00
4586,469,4587,2026-01-21 12:00:00
4587,472,4588,2026-01-21 12:00:00
4588,473,4589,2026-01-21 12:00:00
4589,479,4590,2026-01-21 12:00:00
4590,480,4591,2026-01-21 12:00:00
4591,481,4592,2026-01-21 12:00:00
4592,485,4593,2026-01-21 12:00:00
4593,499,4594,2026-01-21 12:00:00
4594,511,4595,2026-01-21 12:00:00
4595,521,4596,2026-01-21 12:00:00
4596,522,4597,2026-01-21 12:00:00
4597,526,4598,2026-01-21 12:00:00
4598,543,4599,2026-01-21 12:00:00
4599,545,4600,2026-01-21 12:00:00
4600,554,4601,2026-01-21 12:00:00
4601,556,4602,2026-01-21 12:00:00
4602,559,4603,2026-01-21 12:00:00
4603,561,4604,2026-01-21 12:00:00
4604,567,4605,2026-01-21 12:00:00
4605,569,4606,2026-01-21 12:00:00
4606,570,4607,2026-01-21 12:00:00
4607,583,4608,2026-01-21 12:00:00
4608,584,4609,2026-01-21 12:00:00
4609,585,4610,2026-01-21 12:00:00
4610,599,4611,2026-01-21 12:00:00
4611,602,4612,2026-01-21 12:00:00
4612,605,4613,2026-01-21 12:00:00
4613,606,4614,2026-01-21 12:00:00
4614,610,4615,2026-01-21 12:00:00
4615,613,4616,2026-01-21 12:00:00
4616,618,4617,2026-01-21 12:00:00
4617,638,4618,2026-01-21 12:00:00
4618,640,4619,2026-01-21 12:00:00
4619,643,4620,2026-01-21 12:00:00
4620,654,4621,2026-01-21 12:00:00
4621,662,4622,2026-01-21 12:00:00
4622,668,4623,2026-01-21 12:00:00
4623,678,4624,2026-01-21 12:00:00
4624,683,4625,2026-01-21 12:00:00
4625,693,4626,2026-01-21 12:00:00
4626,696,4627,2026-01-21 12:00:00
4627,708,4628,2026-01-21 12:00:00
4628,720,4629,2026-01-21 12:00:00
4629,722,4630,2026-01-21 12:00:00
4630,723,4631,2026-01-21 12:00:00
4631,726,4632,2026-01-21 12:00:00
4632,727,4633,2026-01-21 12:00:00
4633,730,4634,2026-01-21 12:00:00
4634,731,4635,2026-01-21 12:00:00
4635,739,4636,2026-01-21 12:00:00
4636,746,4637,2026-01-21 12:00:00
4637,751,4638,2026-01-21 12:00:00
4638,752,4639,2026-01-21 12:00:00
4639,758,4640,2026-01-21 12:00:00
4640,759,4641,2026-01-21 12:00:00
4641,775,4642,2026-01-21 12:00:00
4642,779,4643,2026-01-21 12:00:00
4643,790,4644,2026-01-21 12:00:00
4644,796,4645,2026-01-21 12:00:00
4645,798,4646,2026-01-21 12:00:00
4646,800,4647,2026-01-21 12:00:00
4647,803,4648,2026-01-21 12:00:00
4648,804,4649,2026-01-21 12:00:00
4649,806,4650,2026-01-21 12:00:00
4650,807,4651,2026-01-21 12:00:00
4651,808,4652,2026-01-21 12:00:00
4652,811,4653,2026-01-21 12:00:00
4653,812,4654,2026-01-21 12:00:00
4654,813,4655,2026-01-21 12:00:00
4655,822,4656,2026-01-21 12:00:00
4656,825,4657,2026-01-21 12:00:00
4657,833,4658,2026-01-21 12:00:00
4658,839,4659,2026-01-21 12:00:00
4659,843,4660,2026-01-21 12:00:00
4660,844,4661,2026-01-21 12:00:00
4661,847,4662,2026-01-21 12:00:00
4662,864,4663,2026-01-21 12:00:00
4663,865,4664,2026-01-21 12:00:00
4664,867,4665,2026-01-21 12:00:00
4665,870,4666,2026-01-21 12:00:00
4666,871,4667,2026-01-21 12:00:00
4667,874,4668,2026-01-21 12:00:00
4668,881,4669,2026-01-21 12:00:00
4669,885,4670,2026-01-21 12:00:00
4670,906,4671,2026-01-21 12:00:00
4671,910,4672,2026-01-21 12:00:00
4672,913,4673,2026-01-21 12:00:00
4673,918,4674,2026-01-21 12:00:00
4674,925,4675,2026-01-21 12:00:00
4675,930,4676,2026-01-21 12:00:00
4676,933,4677,2026-01-21 12:00:00
4677,937,4678,2026-01-21 12:00:00
4678,939,4679,2026-01-21 12:00:00
4679,947,4680,2026-01-21 12:00:00
4680,948,4681,2026-01-21 12:00:00
4681,952,4682,2026-01-21 12:00:00
4682,956,4683,2026-01-21 12:00:00
4683,957,4684,2026-01-21 12:00:00
4684,960,4685,2026-01-21 12:00:00
4685,963,4686,2026-01-21 12:00:00
4686,967,4687,2026-01-21 12:00:00
4687,970,4688,2026-01-21 12:00:00
4688,980,4689,2026-01-21 12:00:00
4689,993,4690,2026-01-21 12:00:00
4690,1003,4691,2026-01-21 12:00:00
4691,1007,4692,2026-01-21 12:00:00
4692,1009,4693,2026-01-21 12:00:00
4693,1012,4694,2026-01-21 12:00:00
4694,1017,4695,2026-01-21 12:00:00
4695,1028,4696,2026-01-21 12:00:00
4696,1029,4697,2026-01-21 12:00:00
4697,1034,4698,2026-01-21 12:00:00
4698,1045,4699,2026-01-21 12:00:00
4699,1060,4700,2026-01-21 12:00:00
4700,1065,4701,2026-01-21 12:00:00
4701,1068,4702,2026-01-21 12:00:00
4702,1079,4703,2026-01-21 12:00:00
4703,1090,4704,2026-01-21 12:00:00
4704,1100,4705,2026-01-21 12:00:00
4705,1104,4706,2026-01-21 12:00:00
4706,1114,4707,2026-01-21 12:00:00
4707,1116,4708,2026-01-21 12:00:00
4708,1117,4709,2026-01-21 12:00:00
4709,1118,4710,2026-01-21 12:00:00
4710,1128,4711,2026-01-21 12:00:00
4711,1129,4712,2026-01-21 12:00:00
4712,1133,4713,2026-01-21 12:00:00
4713,1134,4714,2026-01-21 12:00:00
4714,1138,4715,2026-01-21 12:00:00
4715,1149,4716,2026-01-21 12:00:00
4716,1150,4717,2026-01-21 12:00:00
4717,1151,4718,2026-01-21 12:00:00
4718,1152,4719,2026-01-21 12:00:00
4719,1159,4720,2026-01-21 12:00:00
4720,1161,4721,2026-01-21 12:00:00
4721,1171,4722,2026-01-21 12:00:00
4722,1174,4723,2026-01-21 12:00:00
4723,1179,4724,2026-01-21 12:00:00
4724,1182,4725,2026-01-21 12:00:00
4725,1183,4726,2026-01-21 12:00:00
4726,1185,4727,2026-01-21 12:00:00
4727,1187,4728,2026-01-21 12:00:00
4728,1192,4729,2026-01-21 12:00:00
4729,1198,4730,2026-01-21 12:00:00
4730,1216,4731,2026-01-21 12:00:00
4731,1221,4732,2026-01-21 12:00:00
4732,1223,4733,2026-01-21 12:00:00
4733,1229,4734,2026-01-21 12:00:00
4734,1239,4735,2026-01-21 12:00:00
4735,1240,4736,2026-01-21 12:00:00
4736,1243,4737,2026-01-21 12:00:00
4737,1247,4738,2026-01-21 12:00:00
4738,1257,4739,2026-01-21 12:00:00
4739,1258,4740,2026-01-21 12:00:00
4740,1262,4741,2026-01-21 12:00:00
4741,1265,4742,2026-01-21 12:00:00
4742,15,4743,2026-01-22 12:00:00
4743,17,4744,2026-01-22 12:00:00
4744,23,4745,2026-01-22 12:00:00
4745,25,4746,2026-01-22 12:00:00
4746,27,4747,2026-01-22 12:00:00
4747,33,4748,2026-01-22 12:00:00
4748,38,4749,2026-01-22 12:00:00
4749,40,4750,2026-01-22 12:00:00
4750,41,4751,2026-01-22 12:00:00
4751,43,4752,2026-01-22 12:00:00
4752,46,4753,2026-01-22 12:00:00
4753,49,4754,2026-01-22 12:00:00
4754,55,4755,2026-01-22 12:00:00
4755,58,4756,2026-01-22 12:00:00
4756,61,4757,2026-01-22 12:00:00
4757,68,4758,2026-01-22 12:00:00
4758,70,4759,2026-01-22 12:00:00
4759,71,4760,2026-01-22 12:00:00
4760,72,4761,2026-01-22 12:00:00
4761,73,4762,2026-01-22 12:00:00
4762,74,4763,2026-01-22 12:00:00
4763,78,4764,2026-01-22 12:00:00
4764,93,4765,2026-01-22 12:00:00
4765,98,4766,2026-01-22 12:00:00
4766,105,4767,2026-01-22 12:00:00
4767,116,4768,2026-01-22 12:00:00
4768,121,4769,2026-01-22 12:00:00
4769,141,4770,2026-01-22 12:00:00
4770,142,4771,2026-01-22 12:00:00
4771,143,4772,2026-01-22 12:00:00
4772,150,4773,2026-01-22 12:00:00
4773,151,4774,2026-01-22 12:00:00
4774,157,4775,2026-01-22 12:00:00
4775,159,4776,2026-01-22 12:00:00
4776,160,4777,2026-01-22 12:00:00
4777,161,4778,2026-01-22 12:00:00
4778,173,4779,2026-01-22 12:00:00
4779,188,4780,2026-01-22 12:00:00
4780,191,4781,2026-01-22 12:00:00
4781,194,4782,2026-01-22 12:00:00
4782,197,4783,2026-01-22 12:00:00
4783,207,4784,2026-01-22 12:00:00
4784,224,4785,2026-01-22 12:00:00
4785,226,4786,2026-01-22 12:00:00
4786,229,4787,2026-01-22 12:00:00
4787,230,4788,2026-01-22 12:00:00
4788,234,4789,2026-01-22 12:00:00
4789,236,4790,2026-01-22 12:00:00
4790,238,4791,2026-01-22 12:00:00
4791,240,4792,2026-01-22 12:00:00
4792,241,4793,2026-01-22 12:00:00
4793,245,4794,2026-01-22 12:00:00
4794,247,4795,2026-01-22 12:00:00
4795,252,4796,2026-01-22 12:00:00
4796,253,4797,2026-01-22 12:00:00
4797,262,4798,2026-01-22 12:00:00
4798,271,4799,2026-01-22 12:00:00
4799,283,4800,2026-01-22 12:00:00
4800,284,4801,2026-01-22 12:00:00
4801,294,4802,2026-01-22 12:00:00
4802,301,4803,2026-01-22 12:00:00
4803,306,4804,2026-01-22 12:00:00
4804,312,4805,2026-01-22 12:00:00
4805,315,4806,2026-01-22 12:00:00
4806,322,4807,2026-01-22 12:00:00
4807,327,4808,2026-01-22 12:00:00
4808,337,4809,2026-01-22 12:00:00
4809,339,4810,2026-01-22 12:00:00
4810,344,4811,2026-01-22 12:00:00
4811,345,4812,2026-01-22 12:00:00
4812,348,4813,2026-01-22 12:00:00
4813,349,4814,2026-01-22 12:00:00
4814,352,4815,2026-01-22 12:00:00
4815,358,4816,2026-01-22 12:00:00
4816,360,4817,2026-01-22 12:00:00
4817,368,4818,2026-01-22 12:00:00
4818,369,4819,2026-01-22 12:00:00
4819,373,4820,2026-01-22 12:00:00
4820,376,4821,2026-01-22 12:00:00
4821,377,4822,2026-01-22 12:00:00
4822,388,4823,2026-01-22 12:00:00
4823,390,4824,2026-01-22 12:00:00
4824,402,4825,2026-01-22 12:00:00
4825,403,4826,2026-01-22 12:00:00
4826,405,4827,2026-01-22 12:00:00
4827,408,4828,2026-01-22 12:00:00
4828,411,4829,2026-01-22 12:00:00
4829,429,4830,2026-01-22 12:00:00
4830,435,4831,2026-01-22 12:00:00
4831,438,4832,2026-01-22 12:00:00
4832,442,4833,2026-01-22 12:00:00
4833,443,4834,2026-01-22 12:00:00
4834,446,4835,2026-01-22 12:00:00
4835,458,4836,2026-01-22 12:00:00
4836,465,4837,2026-01-22 12:00:00
4837,470,4838,2026-01-22 12:00:00
4838,472,4839,2026-01-22 12:00:00
4839,476,4840,2026-01-22 12:00:00
4840,487,4841,2026-01-22 12:00:00
4841,504,4842,2026-01-22 12:00:00
4842,511,4843,2026-01-22 12:00:00
4843,524,4844,2026-01-22 12:00:00
4844,527,4845,2026-01-22 12:00:00
4845,528,4846,2026-01-22 12:00:00
4846,533,4847,2026-01-22 12:00:00
4847,535,4848,2026-01-22 12:00:00
4848,544,4849,2026-01-22 12:00:00
4849,545,4850,2026-01-22 12:00:00
4850,546,4851,2026-01-22 12:00:00
4851,549,4852,2026-01-22 12:00:00
4852,554,4853,2026-01-22 12:00:00
4853,556,4854,2026-01-22 12:00:00
4854,558,4855,2026-01-22 12:00:00
4855,560,4856,2026-01-22 12:00:00
4856,562,4857,2026-01-22 12:00:00
4857,566,4858,2026-01-22 12:00:00
4858,575,4859,2026-01-22 12:00:00
4859,581,4860,2026-01-22 12:00:00
4860,583,4861,2026-01-22 12:00:00
4861,588,4862,2026-01-22 12:00:00
4862,591,4863,2026-01-22 12:00:00
4863,592,4864,2026-01-22 12:00:00
4864,596,4865,2026-01-22 12:00:00
4865,601,4866,2026-01-22 12:00:00
4866,604,4867,2026-01-22 12:00:00
4867,610,4868,2026-01-22 12:00:00
4868,612,4869,2026-01-22 12:00:00
4869,613,4870,2026-01-22 12:00:00
4870,616,4871,2026-01-22 12:00:00
4871,623,4872,2026-01-22 12:00:00
4872,629,4873,2026-01-22 12:00:00
4873,630,4874,2026-01-22 12:00:00
4874,631,4875,2026-01-22 12:00:00
4875,635,4876,2026-01-22 12:00:00
4876,638,4877,2026-01-22 12:00:00
4877,647,4878,2026-01-22 12:00:00
4878,651,4879,2026-01-22 12:00:00
4879,658,4880,2026-01-22 12:00:00
4880,666,4881,2026-01-22 12:00:00
4881,672,4882,2026-01-22 12:00:00
4882,677,4883,2026-01-22 12:00:00
4883,683,4884,2026-01-22 12:00:00
4884,686,4885,2026-01-22 12:00:00
4885,697,4886,2026-01-22 12:00:00
4886,702,4887,2026-01-22 12:00:00
4887,707,4888,2026-01-22 12:00:00
4888,710,4889,2026-01-22 12:00:00
4889,719,4890,2026-01-22 12:00:00
4890,726,4891,2026-01-22 12:00:00
4891,729,4892,2026-01-22 12:00:00
4892,731,4893,2026-01-22 12:00:00
4893,735,4894,2026-01-22 12:00:00
4894,736,4895,2026-01-22 12:00:00
4895,739,4896,2026-01-22 12:00:00
4896,744,4897,2026-01-22 12:00:00
4897,759,4898,2026-01-22 12:00:00
4898,769,4899,2026-01-22 12:00:00
4899,775,4900,2026-01-22 12:00:00
4900,777,4901,2026-01-22 12:00:00
4901,783,4902,2026-01-22 12:00:00
4902,800,4903,2026-01-22 12:00:00
4903,801,4904,2026-01-22 12:00:00
4904,807,4905,2026-01-22 12:00:00
4905,811,4906,2026-01-22 12:00:00
4906,816,4907,2026-01-22 12:00:00
4907,820,4908,2026-01-22 12:00:00
4908,821,4909,2026-01-22 12:00:00
4909,823,4910,2026-01-22 12:00:00
4910,825,4911,2026-01-22 12:00:00
4911,835,4912,2026-01-22 12:00:00
4912,838,4913,2026-01-22 12:00:00
4913,839,4914,2026-01-22 12:00:00
4914,847,4915,2026-01-22 12:00:00
4915,860,4916,2026-01-22 12:00:00
4916,864,4917,2026-01-22 12:00:00
4917,865,4918,2026-01-22 12:00:00
4918,868,4919,2026-01-22 12:00:00
4919,870,4920,2026-01-22 12:00:00
4920,872,4921,2026-01-22 12:00:00
4921,874,4922,2026-01-22 12:00:00
4922,877,4923,2026-01-22 12:00:00
4923,883,4924,2026-01-22 12:00:00
4924,901,4925,2026-01-22 12:00:00
4925,903,4926,2026-01-22 12:00:00
4926,905,4927,2026-01-22 12:00:00
4927,912,4928,2026-01-22 12:00:00
4928,928,4929,2026-01-22 12:00:00
4929,932,4930,2026-01-22 12:00:00
4930,940,4931,2026-01-22 12:00:00
4931,962,4932,2026-01-22 12:00:00
4932,968,4933,2026-01-22 12:00:00
4933,972,4934,2026-01-22 12:00:00
4934,975,4935,2026-01-22 12:00:00
4935,980,4936,2026-01-22 12:00:00
4936,985,4937,2026-01-22 12:00:00
4937,998,4938,2026-01-22 12:00:00
4938,1004,4939,2026-01-22 12:00:00
4939,1012,4940,2026-01-22 12:00:00
4940,1013,4941,2026-01-22 12:00:00
4941,1036,4942,2026-01-22 12:00:00
4942,1044,4943,2026-01-22 12:00:00
4943,1046,4944,2026-01-22 12:00:00
4944,1050,4945,2026-01-22 12:00:00
4945,1051,4946,2026-01-22 12:00:00
4946,1057,4947,2026-01-22 12:00:00
4947,1059,4948,2026-01-22 12:00:00
4948,1070,4949,2026-01-22 12:00:00
4949,1071,4950,2026-01-22 12:00:00
4950,1073,4951,2026-01-22 12:00:00
4951,1077,4952,2026-01-22 12:00:00
4952,1078,4953,2026-01-22 12:00:00
4953,1081,4954,2026-01-22 12:00:00
4954,1082,4955,2026-01-22 12:00:00
4955,1089,4956,2026-01-22 12:00:00
4956,1101,4957,2026-01-22 12:00:00
4957,1105,4958,2026-01-22 12:00:00
4958,1106,4959,2026-01-22 12:00:00
4959,1118,4960,2026-01-22 12:00:00
4960,1121,4961,2026-01-22 12:00:00
4961,1124,4962,2026-01-22 12:00:00
4962,1125,4963,2026-01-22 12:00:00
4963,1126,4964,2026-01-22 12:00:00
4964,1127,4965,2026-01-22 12:00:00
4965,1129,4966,2026-01-22 12:00:00
4966,1136,4967,2026-01-22 12:00:00
4967,1141,4968,2026-01-22 12:00:00
4968,1145,4969,2026-01-22 12:00:00
4969,1147,4970,2026-01-22 12:00:00
4970,1152,4971,2026-01-22 12:00:00
4971,1158,4972,2026-01-22 12:00:00
4972,1162,4973,2026-01-22 12:00:00
4973,1168,4974,2026-01-22 12:00:00
4974,1175,4975,2026-01-22 12:00:00
4975,1179,4976,2026-01-22 12:00:00
4976,1186,4977,2026-01-22 12:00:00
4977,1203,4978,2026-01-22 12:00:00
4978,1205,4979,2026-01-22 12:00:00
4979,1212,4980,2026-01-22 12:00:00
4980,1216,4981,2026-01-22 12:00:00
4981,1218,4982,2026-01-22 12:00:00
4982,1227,4983,2026-01-22 12:00:00
4983,1229,4984,2026-01-22 12:00:00
4984,1239,4985,2026-01-22 12:00:00
4985,1244,4986,2026-01-22 12:00:00
4986,1248,4987,2026-01-22 12:00:00
4987,1258,4988,2026-01-22 12:00:00
4988,1259,4989,2026-01-22 12:00:00
4989,1262,4990,2026-01-22 12:00:00
4990,1264,4991,2026-01-22 12:00:00
4991,1267,4992,2026-01-22 12:00:00
4992,1273,4993,2026-01-22 12:00:00
4993,1275,4994,2026-01-22 12:00:00
4994,1277,4995,2026-01-22 12:00:00
4995,1,4996,2026-01-23 12:00:00
4996,2,4997,2026-01-23 12:00:00
4997,17,4998,2026-01-23 12:00:00
4998,28,4999,2026-01-23 12:00:00
4999,31,5000,2026-01-23 12:00:00
5000,39,5001,2026-01-23 12:00:00
5001,41,5002,2026-01-23 12:00:00
5002,42,5003,2026-01-23 12:00:00
5003,46,5004,2026-01-23 12:00:00
5004,47,5005,2026-01-23 12:00:00
5005,52,5006,2026-01-23 12:00:00
5006,54,5007,2026-01-23 12:00:00
5007,58,5008,2026-01-23 12:00:00
5008,66,5009,2026-01-23 12:00:00
5009,67,5010,2026-01-23 12:00:00
5010,68,5011,2026-01-23 12:00:00
5011,70,5012,2026-01-23 12:00:00
5012,71,5013,2026-01-23 12:00:00
5013,82,5014,2026-01-23 12:00:00
5014,84,5015,2026-01-23 12:00:00
5015,90,5016,2026-01-23 12:00:00
5016,104,5017,2026-01-23 12:00:00
5017,109,5018,2026-01-23 12:00:00
5018,116,5019,2026-01-23 12:00:00
5019,118,5020,2026-01-23 12:00:00
5020,131,5021,2026-01-23 12:00:00
5021,134,5022,2026-01-23 12:00:00
5022,135,5023,2026-01-23 12:00:00
5023,139,5024,2026-01-23 12:00:00
5024,143,5025,2026-01-23 12:00:00
5025,148,5026,2026-01-23 12:00:00
5026,152,5027,2026-01-23 12:00:00
5027,154,5028,2026-01-23 12:00:00
5028,159,5029,2026-01-23 12:00:00
5029,168,5030,2026-01-23 12:00:00
5030,176,5031,2026-01-23 12:00:00
5031,179,5032,2026-01-23 12:00:00
5032,181,5033,2026-01-23 12:00:00
5033,182,5034,2026-01-23 12:00:00
5034,188,5035,2026-01-23 12:00:00
5035,189,5036,2026-01-23 12:00:00
5036,190,5037,2026-01-23 12:00:00
5037,198,5038,2026-01-23 12:00:00
5038,216,5039,2026-01-23 12:00:00
5039,218,5040,2026-01-23 12:00:00
5040,222,5041,2026-01-23 12:00:00
5041,224,5042,2026-01-23 12:00:00
5042,228,5043,2026-01-23 12:00:00
5043,240,5044,2026-01-23 12:00:00
5044,241,5045,2026-01-23 12:00:00
5045,243,5046,2026-01-23 12:00:00
5046,244,5047,2026-01-23 12:00:00
5047,255,5048,2026-01-23 12:00:00
5048,256,5049,2026-01-23 12:00:00
5049,259,5050,2026-01-23 12:00:00
5050,260,5051,2026-01-23 12:00:00
5051,262,5052,2026-01-23 12:00:00
5052,263,5053,2026-01-23 12:00:00
5053,268,5054,2026-01-23 12:00:00
5054,270,5055,2026-01-23 12:00:00
5055,271,5056,2026-01-23 12:00:00
5056,277,5057,2026-01-23 12:00:00
5057,288,5058,2026-01-23 12:00:00
5058,290,5059,2026-01-23 12:00:00
5059,297,5060,2026-01-23 12:00:00
5060,298,5061,2026-01-23 12:00:00
5061,301,5062,2026-01-23 12:00:00
5062,303,5063,2026-01-23 12:00:00
5063,305,5064,2026-01-23 12:00:00
5064,307,5065,2026-01-23 12:00:00
5065,309,5066,2026-01-23 12:00:00
5066,310,5067,2026-01-23 12:00:00
5067,311,5068,2026-01-23 12:00:00
5068,332,5069,2026-01-23 12:00:00
5069,339,5070,2026-01-23 12:00:00
5070,343,5071,2026-01-23 12:00:00
5071,348,5072,2026-01-23 12:00:00
5072,349,5073,2026-01-23 12:00:00
5073,352,5074,2026-01-23 12:00:00
5074,356,5075,2026-01-23 12:00:00
5075,363,5076,2026-01-23 12:00:00
5076,374,5077,2026-01-23 12:00:00
5077,384,5078,2026-01-23 12:00:00
5078,387,5079,2026-01-23 12:00:00
5079,388,5080,2026-01-23 12:00:00
5080,390,5081,2026-01-23 12:00:00
5081,393,5082,2026-01-23 12:00:00
5082,401,5083,2026-01-23 12:00:00
5083,413,5084,2026-01-23 12:00:00
5084,414,5085,2026-01-23 12:00:00
5085,420,5086,2026-01-23 12:00:00
5086,431,5087,2026-01-23 12:00:00
5087,445,5088,2026-01-23 12:00:00
5088,452,5089,2026-01-23 12:00:00
5089,455,5090,2026-01-23 12:00:00
5090,460,5091,2026-01-23 12:00:00
5091,464,5092,2026-01-23 12:00:00
5092,465,5093,2026-01-23 12:00:00
5093,467,5094,2026-01-23 12:00:00
5094,468,5095,2026-01-23 12:00:00
5095,477,5096,2026-01-23 12:00:00
5096,497,5097,2026-01-23 12:00:00
5097,500,5098,2026-01-23 12:00:00
5098,507,5099,2026-01-23 12:00:00
5099,508,5100,2026-01-23 12:00:00
5100,509,5101,2026-01-23 12:00:00
5101,513,5102,2026-01-23 12:00:00
5102,515,5103,2026-01-23 12:00:00
5103,517,5104,2026-01-23 12:00:00
5104,519,5105,2026-01-23 12:00:00
5105,527,5106,2026-01-23 12:00:00
5106,535,5107,2026-01-23 12:00:00
5107,540,5108,2026-01-23 12:00:00
5108,544,5109,2026-01-23 12:00:00
5109,550,5110,2026-01-23 12:00:00
5110,551,5111,2026-01-23 12:00:00
5111,561,5112,2026-01-23 12:00:00
5112,563,5113,2026-01-23 12:00:00
5113,566,5114,2026-01-23 12:00:00
5114,574,5115,2026-01-23 12:00:00
5115,582,5116,2026-01-23 12:00:00
5116,586,5117,2026-01-23 12:00:00
5117,587,5118,2026-01-23 12:00:00
5118,593,5119,2026-01-23 12:00:00
5119,597,5120,2026-01-23 12:00:00
5120,602,5121,2026-01-23 12:00:00
5121,603,5122,2026-01-23 12:00:00
5122,607,5123,2026-01-23 12:00:00
5123,612,5124,2026-01-23 12:00:00
5124,613,5125,2026-01-23 12:00:00
5125,617,5126,2026-01-23 12:00:00
5126,622,5127,2026-01-23 12:00:00
5127,629,5128,2026-01-23 12:00:00
5128,634,5129,2026-01-23 12:00:00
5129,635,5130,2026-01-23 12:00:00
5130,642,5131,2026-01-23 12:00:00
5131,645,5132,2026-01-23 12:00:00
5132,646,5133,2026-01-23 12:00:00
5133,650,5134,2026-01-23 12:00:00
5134,655,5135,2026-01-23 12:00:00
5135,658,5136,2026-01-23 12:00:00
5136,659,5137,2026-01-23 12:00:00
5137,664,5138,2026-01-23 12:00:00
5138,669,5139,2026-01-23 12:00:00
5139,673,5140,2026-01-23 12:00:00
5140,684,5141,2026-01-23 12:00:00
5141,688,5142,2026-01-23 12:00:00
5142,694,5143,2026-01-23 12:00:00
5143,702,5144,2026-01-23 12:00:00
5144,704,5145,2026-01-23 12:00:00
5145,706,5146,2026-01-23 12:00:00
5146,707,5147,2026-01-23 12:00:00
5147,712,5148,2026-01-23 12:00:00
5148,717,5149,2026-01-23 12:00:00
5149,722,5150,2026-01-23 12:00:00
5150,736,5151,2026-01-23 12:00:00
5151,739,5152,2026-01-23 12:00:00
5152,740,5153,2026-01-23 12:00:00
5153,741,5154,2026-01-23 12:00:00
5154,742,5155,2026-01-23 12:00:00
5155,746,5156,2026-01-23 12:00:00
5156,749,5157,2026-01-23 12:00:00
5157,758,5158,2026-01-23 12:00:00
5158,762,5159,2026-01-23 12:00:00
5159,765,5160,2026-01-23 12:00:00
5160,777,5161,2026-01-23 12:00:00
5161,783,5162,2026-01-23 12:00:00
5162,784,5163,2026-01-23 12:00:00
5163,788,5164,2026-01-23 12:00:00
5164,794,5165,2026-01-23 12:00:00
5165,795,5166,2026-01-23 12:00:00
5166,796,5167,2026-01-23 12:00:00
5167,804,5168,2026-01-23 12:00:00
5168,808,5169,2026-01-23 12:00:00
5169,813,5170,2026-01-23 12:00:00
5170,814,5171,2026-01-23 12:00:00
5171,815,5172,2026-01-23 12:00:00
5172,820,5173,2026-01-23 12:00:00
5173,831,5174,2026-01-23 12:00:00
5174,839,5175,2026-01-23 12:00:00
5175,845,5176,2026-01-23 12:00:00
5176,848,5177,2026-01-23 12:00:00
5177,855,5178,2026-01-23 12:00:00
5178,857,5179,2026-01-23 12:00:00
5179,858,5180,2026-01-23 12:00:00
5180,863,5181,2026-01-23 12:00:00
5181,878,5182,2026-01-23 12:00:00
5182,879,5183,2026-01-23 12:00:00
5183,881,5184,2026-01-23 12:00:00
5184,888,5185,2026-01-23 12:00:00
5185,891,5186,2026-01-23 12:00:00
5186,897,5187,2026-01-23 12:00:00
5187,907,5188,2026-01-23 12:00:00
5188,915,5189,2026-01-23 12:00:00
5189,923,5190,2026-01-23 12:00:00
5190,925,5191,2026-01-23 12:00:00
5191,927,5192,2026-01-23 12:00:00
5192,928,5193,2026-01-23 12:00:00
5193,934,5194,2026-01-23 12:00:00
5194,938,5195,2026-01-23 12:00:00
5195,939,5196,2026-01-23 12:00:00
5196,943,5197,2026-01-23 12:00:00
5197,958,5198,2026-01-23 12:00:00
5198,963,5199,2026-01-23 12:00:00
5199,966,5200,2026-01-23 12:00:00
5200,968,5201,2026-01-23 12:00:00
5201,971,5202,2026-01-23 12:00:00
5202,972,5203,2026-01-23 12:00:00
5203,983,5204,2026-01-23 12:00:00
5204,984,5205,2026-01-23 12:00:00
5205,1004,5206,2026-01-23 12:00:00
5206,1007,5207,2026-01-23 12:00:00
5207,1015,5208,2026-01-23 12:00:00
5208,1025,5209,2026-01-23 12:00:00
5209,1027,5210,2026-01-23 12:00:00
5210,1035,5211,2026-01-23 12:00:00
5211,1036,5212,2026-01-23 12:00:00
5212,1043,5213,2026-01-23 12:00:00
5213,1044,5214,2026-01-23 12:00:00
5214,1050,5215,2026-01-23 12:00:00
5215,1052,5216,2026-01-23 12:00:00
5216,1054,5217,2026-01-23 12:00:00
5217,1056,5218,2026-01-23 12:00:00
5218,1061,5219,2026-01-23 12:00:00
5219,1065,5220,2026-01-23 12:00:00
5220,1068,5221,2026-01-23 12:00:00
5221,1070,5222,2026-01-23 12:00:00
5222,1076,5223,2026-01-23 12:00:00
5223,1087,5224,2026-01-23 12:00:00
5224,1089,5225,2026-01-23 12:00:00
5225,1095,5226,2026-01-23 12:00:00
5226,1110,5227,2026-01-23 12:00:00
5227,1119,5228,2026-01-23 12:00:00
5228,1120,5229,2026-01-23 12:00:00
5229,1121,5230,2026-01-23 12:00:00
5230,1124,5231,2026-01-23 12:00:00
5231,1127,5232,2026-01-23 12:00:00
5232,1135,5233,2026-01-23 12:00:00
5233,1137,5234,2026-01-23 12:00:00
5234,1139,5235,2026-01-23 12:00:00
5235,1142,5236,2026-01-23 12:00:00
5236,1143,5237,2026-01-23 12:00:00
5237,1146,5238,2026-01-23 12:00:00
5238,1166,5239,2026-01-23 12:00:00
5239,1169,5240,2026-01-23 12:00:00
5240,1178,5241,2026-01-23 12:00:00
5241,1186,5242,2026-01-23 12:00:00
5242,1196,5243,2026-01-23 12:00:00
5243,1206,5244,2026-01-23 12:00:00
5244,1211,5245,2026-01-23 12:00:00
5245,1215,5246,2026-01-23 12:00:00
5246,1227,5247,2026-01-23 12:00:00
5247,1232,5248,2026-01-23 12:00:00
5248,1243,5249,2026-01-23 12:00:00
5249,1244,5250,2026-01-23 12:00:00
5250,1257,5251,2026-01-23 12:00:00
5251,1278,5252,2026-01-23 12:00:00
5252,1282,5253,2026-01-23 12:00:00
5253,1287,5254,2026-01-23 12:00:00
5254,1290,5255,2026-01-23 12:00:00
5255,4,5256,2026-01-24 12:00:00
5256,7,5257,2026-01-24 12:00:00
5257,15,5258,2026-01-24 12:00:00
5258,17,5259,2026-01-24 12:00:00
5259,22,5260,2026-01-24 12:00:00
5260,25,5261,2026-01-24 12:00:00
5261,31,5262,2026-01-24 12:00:00
5262,41,5263,2026-01-24 12:00:00
5263,46,5264,2026-01-24 12:00:00
5264,48,5265,2026-01-24 12:00:00
5265,50,5266,2026-01-24 12:00:00
5266,53,5267,2026-01-24 12:00:00
5267,59,5268,2026-01-24 12:00:00
5268,61,5269,2026-01-24 12:00:00
5269,68,5270,2026-01-24 12:00:00
5270,69,5271,2026-01-24 12:00:00
5271,71,5272,2026-01-24 12:00:00
5272,75,5273,2026-01-24 12:00:00
5273,79,5274,2026-01-24 12:00:00
5274,83,5275,2026-01-24 12:00:00
5275,87,5276,2026-01-24 12:00:00
5276,90,5277,2026-01-24 12:00:00
5277,91,5278,2026-01-24 12:00:00
5278,92,5279,2026-01-24 12:00:00
5279,94,5280,2026-01-24 12:00:00
5280,102,5281,2026-01-24 12:00:00
5281,117,5282,2026-01-24 12:00:00
5282,118,5283,2026-01-24 12:00:00
5283,131,5284,2026-01-24 12:00:00
5284,136,5285,2026-01-24 12:00:00
5285,137,5286,2026-01-24 12:00:00
5286,146,5287,2026-01-24 12:00:00
5287,151,5288,2026-01-24 12:00:00
5288,152,5289,2026-01-24 12:00:00
5289,170,5290,2026-01-24 12:00:00
5290,172,5291,2026-01-24 12:00:00
5291,175,5292,2026-01-24 12:00:00
5292,177,5293,2026-01-24 12:00:00
5293,181,5294,2026-01-24 12:00:00
5294,185,5295,2026-01-24 12:00:00
5295,186,5296,2026-01-24 12:00:00
5296,189,5297,2026-01-24 12:00:00
5297,190,5298,2026-01-24 12:00:00
5298,195,5299,2026-01-24 12:00:00
5299,203,5300,2026-01-24 12:00:00
5300,207,5301,2026-01-24 12:00:00
5301,213,5302,2026-01-24 12:00:00
5302,214,5303,2026-01-24 12:00:00
5303,215,5304,2026-01-24 12:00:00
5304,217,5305,2026-01-24 12:00:00
5305,221,5306,2026-01-24 12:00:00
5306,230,5307,2026-01-24 12:00:00
5307,231,5308,2026-01-24 12:00:00
5308,237,5309,2026-01-24 12:00:00
5309,238,5310,2026-01-24 12:00:00
5310,243,5311,2026-01-24 12:00:00
5311,247,5312,2026-01-24 12:00:00
5312,248,5313,2026-01-24 12:00:00
5313,255,5314,2026-01-24 12:00:00
5314,256,5315,2026-01-24 12:00:00
5315,261,5316,2026-01-24 12:00:00
5316,267,5317,2026-01-24 12:00:00
5317,270,5318,2026-01-24 12:00:00
5318,275,5319,2026-01-24 12:00:00
5319,276,5320,2026-01-24 12:00:00
5320,282,5321,2026-01-24 12:00:00
5321,290,5322,2026-01-24 12:00:00
5322,292,5323,2026-01-24 12:00:00
5323,298,5324,2026-01-24 12:00:00
5324,304,5325,2026-01-24 12:00:00
5325,306,5326,2026-01-24 12:00:00
5326,312,5327,2026-01-24 12:00:00
5327,317,5328,2026-01-24 12:00:00
5328,319,5329,2026-01-24 12:00:00
5329,326,5330,2026-01-24 12:00:00
5330,327,5331,2026-01-24 12:00:00
5331,330,5332,2026-01-24 12:00:00
5332,332,5333,2026-01-24 12:00:00
5333,345,5334,2026-01-24 12:00:00
5334,349,5335,2026-01-24 12:00:00
5335,365,5336,2026-01-24 12:00:00
5336,372,5337,2026-01-24 12:00:00
5337,377,5338,2026-01-24 12:00:00
5338,379,5339,2026-01-24 12:00:00
5339,381,5340,2026-01-24 12:00:00
5340,386,5341,2026-01-24 12:00:00
5341,387,5342,2026-01-24 12:00:00
5342,390,5343,2026-01-24 12:00:00
5343,392,5344,2026-01-24 12:00:00
5344,393,5345,2026-01-24 12:00:00
5345,406,5346,2026-01-24 12:00:00
5346,415,5347,2026-01-24 12:00:00
5347,419,5348,2026-01-24 12:00:00
5348,421,5349,2026-01-24 12:00:00
5349,436,5350,2026-01-24 12:00:00
5350,439,5351,2026-01-24 12:00:00
5351,441,5352,2026-01-24 12:00:00
5352,447,5353,2026-01-24 12:00:00
5353,449,5354,2026-01-24 12:00:00
5354,455,5355,2026-01-24 12:00:00
5355,463,5356,2026-01-24 12:00:00
5356,464,5357,2026-01-24 12:00:00
5357,471,5358,2026-01-24 12:00:00
5358,476,5359,2026-01-24 12:00:00
5359,480,5360,2026-01-24 12:00:00
5360,481,5361,2026-01-24 12:00:00
5361,486,5362,2026-01-24 12:00:00
5362,489,5363,2026-01-24 12:00:00
5363,491,5364,2026-01-24 12:00:00
5364,500,5365,2026-01-24 12:00:00
5365,508,5366,2026-01-24 12:00:00
5366,510,5367,2026-01-24 12:00:00
5367,519,5368,2026-01-24 12:00:00
5368,522,5369,2026-01-24 12:00:00
5369,523,5370,2026-01-24 12:00:00
5370,532,5371,2026-01-24 12:00:00
5371,535,5372,2026-01-24 12:00:00
5372,543,5373,2026-01-24 12:00:00
5373,550,5374,2026-01-24 12:00:00
5374,554,5375,2026-01-24 12:00:00
5375,557,5376,2026-01-24 12:00:00
5376,559,5377,2026-01-24 12:00:00
5377,561,5378,2026-01-24 12:00:00
5378,564,5379,2026-01-24 12:00:00
5379,569,5380,2026-01-24 12:00:00
5380,576,5381,2026-01-24 12:00:00
5381,578,5382,2026-01-24 12:00:00
5382,584,5383,2026-01-24 12:00:00
5383,589,5384,2026-01-24 12:00:00
5384,592,5385,2026-01-24 12:00:00
5385,607,5386,2026-01-24 12:00:00
5386,610,5387,2026-01-24 12:00:00
5387,614,5388,2026-01-24 12:00:00
5388,617,5389,2026-01-24 12:00:00
5389,618,5390,2026-01-24 12:00:00
5390,621,5391,2026-01-24 12:00:00
5391,622,5392,2026-01-24 12:00:00
5392,625,5393,2026-01-24 12:00:00
5393,629,5394,2026-01-24 12:00:00
5394,635,5395,2026-01-24 12:00:00
5395,638,5396,2026-01-24 12:00:00
5396,642,5397,2026-01-24 12:00:00
5397,655,5398,2026-01-24 12:00:00
5398,659,5399,2026-01-24 12:00:00
5399,662,5400,2026-01-24 12:00:00
5400,665,5401,2026-01-24 12:00:00
5401,668,5402,2026-01-24 12:00:00
5402,669,5403,2026-01-24 12:00:00
5403,685,5404,2026-01-24 12:00:00
5404,691,5405,2026-01-24 12:00:00
5405,694,5406,2026-01-24 12:00:00
5406,702,5407,2026-01-24 12:00:00
5407,710,5408,2026-01-24 12:00:00
5408,713,5409,2026-01-24 12:00:00
5409,714,5410,2026-01-24 12:00:00
5410,721,5411,2026-01-24 12:00:00
5411,722,5412,2026-01-24 12:00:00
5412,727,5413,2026-01-24 12:00:00
5413,731,5414,2026-01-24 12:00:00
5414,733,5415,2026-01-24 12:00:00
5415,734,5416,2026-01-24 12:00:00
5416,735,5417,2026-01-24 12:00:00
5417,737,5418,2026-01-24 12:00:00
5418,740,5419,2026-01-24 12:00:00
5419,748,5420,2026-01-24 12:00:00
5420,749,5421,2026-01-24 12:00:00
5421,750,5422,2026-01-24 12:00:00
5422,751,5423,2026-01-24 12:00:00
5423,752,5424,2026-01-24 12:00:00
5424,753,5425,2026-01-24 12:00:00
5425,758,5426,2026-01-24 12:00:00
5426,763,5427,2026-01-24 12:00:00
5427,766,5428,2026-01-24 12:00:00
5428,770,5429,2026-01-24 12:00:00
5429,775,5430,2026-01-24 12:00:00
5430,794,5431,2026-01-24 12:00:00
5431,799,5432,2026-01-24 12:00:00
5432,815,5433,2026-01-24 12:00:00
5433,818,5434,2026-01-24 12:00:00
5434,822,5435,2026-01-24 12:00:00
5435,825,5436,2026-01-24 12:00:00
5436,835,5437,2026-01-24 12:00:00
5437,838,5438,2026-01-24 12:00:00
5438,853,5439,2026-01-24 12:00:00
5439,860,5440,2026-01-24 12:00:00
5440,871,5441,2026-01-24 12:00:00
5441,874,5442,2026-01-24 12:00:00
5442,878,5443,2026-01-24 12:00:00
5443,879,5444,2026-01-24 12:00:00
5444,898,5445,2026-01-24 12:00:00
5445,901,5446,2026-01-24 12:00:00
5446,908,5447,2026-01-24 12:00:00
5447,910,5448,2026-01-24 12:00:00
5448,914,5449,2026-01-24 12:00:00
5449,922,5450,2026-01-24 12:00:00
5450,925,5451,2026-01-24 12:00:00
5451,928,5452,2026-01-24 12:00:00
5452,932,5453,2026-01-24 12:00:00
5453,934,5454,2026-01-24 12:00:00
5454,938,5455,2026-01-24 12:00:00
5455,940,5456,2026-01-24 12:00:00
5456,967,5457,2026-01-24 12:00:00
5457,969,5458,2026-01-24 12:00:00
5458,979,5459,2026-01-24 12:00:00
5459,981,5460,2026-01-24 12:00:00
5460,991,5461,2026-01-24 12:00:00
5461,996,5462,2026-01-24 12:00:00
5462,998,5463,2026-01-24 12:00:00
5463,1025,5464,2026-01-24 12:00:00
5464,1029,5465,2026-01-24 12:00:00
5465,1040,5466,2026-01-24 12:00:00
5466,1044,5467,2026-01-24 12:00:00
5467,1048,5468,2026-01-24 12:00:00
5468,1052,5469,2026-01-24 12:00:00
5469,1061,5470,2026-01-24 12:00:00
5470,1063,5471,2026-01-24 12:00:00
5471,1065,5472,2026-01-24 12:00:00
5472,1070,5473,2026-01-24 12:00:00
5473,1073,5474,2026-01-24 12:00:00
5474,1080,5475,2026-01-24 12:00:00
5475,1088,5476,2026-01-24 12:00:00
5476,1094,5477,2026-01-24 12:00:00
5477,1095,5478,2026-01-24 12:00:00
5478,1098,5479,2026-01-24 12:00:00
5479,1100,5480,2026-01-24 12:00:00
5480,1106,5481,2026-01-24 12:00:00
5481,1115,5482,2026-01-24 12:00:00
5482,1116,5483,2026-01-24 12:00:00
5483,1125,5484,2026-01-24 12:00:00
5484,1127,5485,2026-01-24 12:00:00
5485,1140,5486,2026-01-24 12:00:00
5486,1143,5487,2026-01-24 12:00:00
5487,1145,5488,2026-01-24 12:00:00
5488,1146,5489,2026-01-24 12:00:00
5489,1157,5490,2026-01-24 12:00:00
5490,1163,5491,2026-01-24 12:00:00
5491,1165,5492,2026-01-24 12:00:00
5492,1173,5493,2026-01-24 12:00:00
5493,1174,5494,2026-01-24 12:00:00
5494,1175,5495,2026-01-24 12:00:00
5495,1185,5496,2026-01-24 12:00:00
5496,1193,5497,2026-01-24 12:00:00
5497,1194,5498,2026-01-24 12:00:00
5498,1215,5499,2026-01-24 12:00:00
5499,1218,5500,2026-01-24 12:00:00
5500,1223,5501,2026-01-24 12:00:00
5501,1228,5502,2026-01-24 12:00:00
5502,1229,5503,2026-01-24 12:00:00
5503,1235,5504,2026-01-24 12:00:00
5504,1242,5505,2026-01-24 12:00:00
5505,1244,5506,2026-01-24 12:00:00
5506,1248,5507,2026-01-24 12:00:00
5507,1252,5508,2026-01-24 12:00:00
5508,1258,5509,2026-01-24 12:00:00
5509,1259,5510,2026-01-24 12:00:00
5510,1261,5511,2026-01-24 12:00:00
5511,1265,5512,2026-01-24 12:00:00
5512,1274,5513,2026-01-24 12:00:00
5513,1276,5514,2026-01-24 12:00:00
5514,1278,5515,2026-01-24 12:00:00
5515,1279,5516,2026-01-24 12:00:00
5516,1283,5517,2026-01-24 12:00:00
5517,1285,5518,2026-01-24 12:00:00
5518,1295,5519,2026-01-24 12:00:00
5519,1298,5520,2026-01-24 12:00:00
5520,1305,5521,2026-01-24 12:00:00
5521,1314,5522,2026-01-24 12:00:00
5522,1316,5523,2026-01-24 12:00:00
5523,2,5524,2026-01-25 12:00:00
5524,6,5525,2026-01-25 12:00:00
5525,12,5526,2026-01-25 12:00:00
5526,14,5527,2026-01-25 12:00:00
5527,20,5528,2026-01-25 12:00:00
5528,24,5529,2026-01-25 12:00:00
5529,27,5530,2026-01-25 12:00:00
5530,36,5531,2026-01-25 12:00:00
5531,39,5532,2026-01-25 12:00:00
5532,42,5533,2026-01-25 12:00:00
5533,43,5534,2026-01-25 12:00:00
5534,44,5535,2026-01-25 12:00:00
5535,49,5536,2026-01-25 12:00:00
5536,60,5537,2026-01-25 12:00:00
5537,65,5538,2026-01-25 12:00:00
5538,69,5539,2026-01-25 12:00:00
5539,74,5540,2026-01-25 12:00:00
5540,81,5541,2026-01-25 12:00:00
5541,86,5542,2026-01-25 12:00:00
5542,88,5543,2026-01-25 12:00:00
5543,90,5544,2026-01-25 12:00:00
5544,92,5545,2026-01-25 12:00:00
5545,95,5546,2026-01-25 12:00:00
5546,105,5547,2026-01-25 12:00:00
5547,107,5548,2026-01-25 12:00:00
5548,113,5549,2026-01-25 12:00:00
5549,120,5550,2026-01-25 12:00:00
5550,121,5551,2026-01-25 12:00:00
5551,126,5552,2026-01-25 12:00:00
5552,130,5553,2026-01-25 12:00:00
5553,136,5554,2026-01-25 12:00:00
5554,137,5555,2026-01-25 12:00:00
5555,140,5556,2026-01-25 12:00:00
5556,142,5557,2026-01-25 12:00:00
5557,146,5558,2026-01-25 12:00:00
5558,154,5559,2026-01-25 12:00:00
5559,155,5560,2026-01-25 12:00:00
5560,158,5561,2026-01-25 12:00:00
5561,164,5562,2026-01-25 12:00:00
5562,168,5563,2026-01-25 12:00:00
5563,169,5564,2026-01-25 12:00:00
5564,170,5565,2026-01-25 12:00:00
5565,171,5566,2026-01-25 12:00:00
5566,173,5567,2026-01-25 12:00:00
5567,178,5568,2026-01-25 12:00:00
5568,183,5569,2026-01-25 12:00:00
5569,193,5570,2026-01-25 12:00:00
5570,194,5571,2026-01-25 12:00:00
5571,202,5572,2026-01-25 12:00:00
5572,217,5573,2026-01-25 12:00:00
5573,227,5574,2026-01-25 12:00:00
5574,239,5575,2026-01-25 12:00:00
5575,240,5576,2026-01-25 12:00:00
5576,242,5577,2026-01-25 12:00:00
5577,247,5578,2026-01-25 12:00:00
5578,270,5579,2026-01-25 12:00:00
5579,274,5580,2026-01-25 12:00:00
5580,286,5581,2026-01-25 12:00:00
5581,289,5582,2026-01-25 12:00:00
5582,294,5583,2026-01-25 12:00:00
5583,303,5584,2026-01-25 12:00:00
5584,312,5585,2026-01-25 12:00:00
5585,313,5586,2026-01-25 12:00:00
5586,314,5587,2026-01-25 12:00:00
5587,322,5588,2026-01-25 12:00:00
5588,328,5589,2026-01-25 12:00:00
5589,329,5590,2026-01-25 12:00:00
5590,330,5591,2026-01-25 12:00:00
5591,339,5592,2026-01-25 12:00:00
5592,345,5593,2026-01-25 12:00:00
5593,346,5594,2026-01-25 12:00:00
5594,353,5595,2026-01-25 12:00:00
5595,363,5596,2026-01-25 12:00:00
5596,364,5597,2026-01-25 12:00:00
5597,375,5598,2026-01-25 12:00:00
5598,377,5599,2026-01-25 12:00:00
5599,383,5600,2026-01-25 12:00:00
5600,386,5601,2026-01-25 12:00:00
5601,387,5602,2026-01-25 12:00:00
5602,402,5603,2026-01-25 12:00:00
5603,408,5604,2026-01-25 12:00:00
5604,424,5605,2026-01-25 12:00:00
5605,425,5606,2026-01-25 12:00:00
5606,429,5607,2026-01-25 12:00:00
5607,433,5608,2026-01-25 12:00:00
5608,443,5609,2026-01-25 12:00:00
5609,445,5610,2026-01-25 12:00:00
5610,451,5611,2026-01-25 12:00:00
5611,455,5612,2026-01-25 12:00:00
5612,459,5613,2026-01-25 12:00:00
5613,467,5614,2026-01-25 12:00:00
5614,473,5615,2026-01-25 12:00:00
5615,480,5616,2026-01-25 12:00:00
5616,491,5617,2026-01-25 12:00:00
5617,495,5618,2026-01-25 12:00:00
5618,509,5619,2026-01-25 12:00:00
5619,519,5620,2026-01-25 12:00:00
5620,521,5621,2026-01-25 12:00:00
5621,527,5622,2026-01-25 12:00:00
5622,538,5623,2026-01-25 12:00:00
5623,539,5624,2026-01-25 12:00:00
5624,544,5625,2026-01-25 12:00:00
5625,551,5626,2026-01-25 12:00:00
5626,560,5627,2026-01-25 12:00:00
5627,561,5628,2026-01-25 12:00:00
5628,571,5629,2026-01-25 12:00:00
5629,578,5630,2026-01-25 12:00:00
5630,581,5631,2026-01-25 12:00:00
5631,598,5632,2026-01-25 12:00:00
5632,602,5633,2026-01-25 12:00:00
5633,603,5634,2026-01-25 12:00:00
5634,605,5635,2026-01-25 12:00:00
5635,616,5636,2026-01-25 12:00:00
5636,627,5637,2026-01-25 12:00:00
5637,632,5638,2026-01-25 12:00:00
5638,634,5639,2026-01-25 12:00:00
5639,636,5640,2026-01-25 12:00:00
5640,640,5641,2026-01-25 12:00:00
5641,652,5642,2026-01-25 12:00:00
5642,653,5643,2026-01-25 12:00:00
5643,655,5644,2026-01-25 12:00:00
5644,657,5645,2026-01-25 12:00:00
5645,659,5646,2026-01-25 12:00:00
5646,665,5647,2026-01-25 12:00:00
5647,666,5648,2026-01-25 12:00:00
5648,672,5649,2026-01-25 12:00:00
5649,686,5650,2026-01-25 12:00:00
5650,687,5651,2026-01-25 12:00:00
5651,706,5652,2026-01-25 12:00:00
5652,707,5653,2026-01-25 12:00:00
5653,712,5654,2026-01-25 12:00:00
5654,725,5655,2026-01-25 12:00:00
5655,732,5656,2026-01-25 12:00:00
5656,739,5657,2026-01-25 12:00:00
5657,740,5658,2026-01-25 12:00:00
5658,741,5659,2026-01-25 12:00:00
5659,742,5660,2026-01-25 12:00:00
5660,746,5661,2026-01-25 12:00:00
5661,753,5662,2026-01-25 12:00:00
5662,763,5663,2026-01-25 12:00:00
5663,765,5664,2026-01-25 12:00:00
5664,767,5665,2026-01-25 12:00:00
5665,783,5666,2026-01-25 12:00:00
5666,789,5667,2026-01-25 12:00:00
5667,804,5668,2026-01-25 12:00:00
5668,807,5669,2026-01-25 12:00:00
5669,809,5670,2026-01-25 12:00:00
5670,814,5671,2026-01-25 12:00:00
5671,826,5672,2026-01-25 12:00:00
5672,827,5673,2026-01-25 12:00:00
5673,831,5674,2026-01-25 12:00:00
5674,835,5675,2026-01-25 12:00:00
5675,845,5676,2026-01-25 12:00:00
5676,846,5677,2026-01-25 12:00:00
5677,850,5678,2026-01-25 12:00:00
5678,852,5679,2026-01-25 12:00:00
5679,858,5680,2026-01-25 12:00:00
5680,862,5681,2026-01-25 12:00:00
5681,865,5682,2026-01-25 12:00:00
5682,870,5683,2026-01-25 12:00:00
5683,872,5684,2026-01-25 12:00:00
5684,885,5685,2026-01-25 12:00:00
5685,886,5686,2026-01-25 12:00:00
5686,898,5687,2026-01-25 12:00:00
5687,901,5688,2026-01-25 12:00:00
5688,907,5689,2026-01-25 12:00:00
5689,913,5690,2026-01-25 12:00:00
5690,917,5691,2026-01-25 12:00:00
5691,931,5692,2026-01-25 12:00:00
5692,933,5693,2026-01-25 12:00:00
5693,938,5694,2026-01-25 12:00:00
5694,944,5695,2026-01-25 12:00:00
5695,946,5696,2026-01-25 12:00:00
5696,955,5697,2026-01-25 12:00:00
5697,957,5698,2026-01-25 12:00:00
5698,958,5699,2026-01-25 12:00:00
5699,968,5700,2026-01-25 12:00:00
5700,971,5701,2026-01-25 12:00:00
5701,975,5702,2026-01-25 12:00:00
5702,977,5703,2026-01-25 12:00:00
5703,983,5704,2026-01-25 12:00:00
5704,984,5705,2026-01-25 12:00:00
5705,986,5706,2026-01-25 12:00:00
5706,989,5707,2026-01-25 12:00:00
5707,992,5708,2026-01-25 12:00:00
5708,994,5709,2026-01-25 12:00:00
5709,997,5710,2026-01-25 12:00:00
5710,1001,5711,2026-01-25 12:00:00
5711,1004,5712,2026-01-25 12:00:00
5712,1020,5713,2026-01-25 12:00:00
5713,1022,5714,2026-01-25 12:00:00
5714,1032,5715,2026-01-25 12:00:00
5715,1040,5716,2026-01-25 12:00:00
5716,1042,5717,2026-01-25 12:00:00
5717,1044,5718,2026-01-25 12:00:00
5718,1047,5719,2026-01-25 12:00:00
5719,1050,5720,2026-01-25 12:00:00
5720,1058,5721,2026-01-25 12:00:00
5721,1061,5722,2026-01-25 12:00:00
5722,1067,5723,2026-01-25 12:00:00
5723,1068,5724,2026-01-25 12:00:00
5724,1070,5725,2026-01-25 12:00:00
5725,1073,5726,2026-01-25 12:00:00
5726,1075,5727,2026-01-25 12:00:00
5727,1084,5728,2026-01-25 12:00:00
5728,1093,5729,2026-01-25 12:00:00
5729,1094,5730,2026-01-25 12:00:00
5730,1097,5731,2026-01-25 12:00:00
5731,1101,5732,2026-01-25 12:00:00
5732,1122,5733,2026-01-25 12:00:00
5733,1124,5734,2026-01-25 12:00:00
5734,1129,5735,2026-01-25 12:00:00
5735,1131,5736,2026-01-25 12:00:00
5736,1148,5737,2026-01-25 12:00:00
5737,1151,5738,2026-01-25 12:00:00
5738,1166,5739,2026-01-25 12:00:00
5739,1170,5740,2026-01-25 12:00:00
5740,1172,5741,2026-01-25 12:00:00
5741,1183,5742,2026-01-25 12:00:00
5742,1185,5743,2026-01-25 12:00:00
5743,1191,5744,2026-01-25 12:00:00
5744,1192,5745,2026-01-25 12:00:00
5745,1199,5746,2026-01-25 12:00:00
5746,1203,5747,2026-01-25 12:00:00
5747,1219,5748,2026-01-25 12:00:00
5748,1227,5749,2026-01-25 12:00:00
5749,1230,5750,2026-01-25 12:00:00
5750,1242,5751,2026-01-25 12:00:00
5751,1246,5752,2026-01-25 12:00:00
5752,1254,5753,2026-01-25 12:00:00
5753,1259,5754,2026-01-25 12:00:00
5754,1260,5755,2026-01-25 12:00:00
5755,1267,5756,2026-01-25 12:00:00
5756,1269,5757,2026-01-25 12:00:00
5757,1275,5758,2026-01-25 12:00:00
5758,1282,5759,2026-01-25 12:00:00
5759,1283,5760,2026-01-25 12:00:00
5760,1284,5761,2026-01-25 12:00:00
5761,1289,5762,2026-01-25 12:00:00
5762,1290,5763,2026-01-25 12:00:00
5763,1294,5764,2026-01-25 12:00:00
5764,1298,5765,2026-01-25 12:00:00
5765,1300,5766,2026-01-25 12:00:00
5766,1310,5767,2026-01-25 12:00:00
5767,1319,5768,2026-01-25 12:00:00
5768,1320,5769,2026-01-25 12:00:00
5769,1327,5770,2026-01-25 12:00:00
5770,1331,5771,2026-01-25 12:00:00
5771,1334,5772,2026-01-25 12:00:00
5772,1335,5773,2026-01-25 12:00:00
5773,6,5774,2026-01-26 12:00:00
5774,14,5775,2026-01-26 12:00:00
5775,15,5776,2026-01-26 12:00:00
5776,16,5777,2026-01-26 12:00:00
5777,18,5778,2026-01-26 12:00:00
5778,39,5779,2026-01-26 12:00:00
5779,47,5780,2026-01-26 12:00:00
5780,52,5781,2026-01-26 12:00:00
5781,54,5782,2026-01-26 12:00:00
5782,55,5783,2026-01-26 12:00:00
5783,63,5784,2026-01-26 12:00:00
5784,67,5785,2026-01-26 12:00:00
5785,69,5786,2026-01-26 12:00:00
5786,76,5787,2026-01-26 12:00:00
5787,79,5788,2026-01-26 12:00:00
5788,81,5789,2026-01-26 12:00:00
5789,82,5790,2026-01-26 12:00:00
5790,87,5791,2026-01-26 12:00:00
5791,88,5792,2026-01-26 12:00:00
5792,96,5793,2026-01-26 12:00:00
5793,98,5794,2026-01-26 12:00:00
5794,100,5795,2026-01-26 12:00:00
5795,105,5796,2026-01-26 12:00:00
5796,111,5797,2026-01-26 12:00:00
5797,119,5798,2026-01-26 12:00:00
5798,122,5799,2026-01-26 12:00:00
5799,127,5800,2026-01-26 12:00:00
5800,141,5801,2026-01-26 12:00:00
5801,152,5802,2026-01-26 12:00:00
5802,155,5803,2026-01-26 12:00:00
5803,175,5804,2026-01-26 12:00:00
5804,181,5805,2026-01-26 12:00:00
5805,187,5806,2026-01-26 12:00:00
5806,188,5807,2026-01-26 12:00:00
5807,189,5808,2026-01-26 12:00:00
5808,191,5809,2026-01-26 12:00:00
5809,200,5810,2026-01-26 12:00:00
5810,205,5811,2026-01-26 12:00:00
5811,206,5812,2026-01-26 12:00:00
5812,209,5813,2026-01-26 12:00:00
5813,214,5814,2026-01-26 12:00:00
5814,216,5815,2026-01-26 12:00:00
5815,217,5816,2026-01-26 12:00:00
5816,218,5817,2026-01-26 12:00:00
5817,227,5818,2026-01-26 12:00:00
5818,230,5819,2026-01-26 12:00:00
5819,231,5820,2026-01-26 12:00:00
5820,233,5821,2026-01-26 12:00:00
5821,239,5822,2026-01-26 12:00:00
5822,241,5823,2026-01-26 12:00:00
5823,243,5824,2026-01-26 12:00:00
5824,244,5825,2026-01-26 12:00:00
5825,246,5826,2026-01-26 12:00:00
5826,260,5827,2026-01-26 12:00:00
5827,261,5828,2026-01-26 12:00:00
5828,266,5829,2026-01-26 12:00:00
5829,269,5830,2026-01-26 12:00:00
5830,271,5831,2026-01-26 12:00:00
5831,276,5832,2026-01-26 12:00:00
5832,277,5833,2026-01-26 12:00:00
5833,279,5834,2026-01-26 12:00:00
5834,280,5835,2026-01-26 12:00:00
5835,282,5836,2026-01-26 12:00:00
5836,305,5837,2026-01-26 12:00:00
5837,309,5838,2026-01-26 12:00:00
5838,313,5839,2026-01-26 12:00:00
5839,315,5840,2026-01-26 12:00:00
5840,323,5841,2026-01-26 12:00:00
5841,329,5842,2026-01-26 12:00:00
5842,331,5843,2026-01-26 12:00:00
5843,336,5844,2026-01-26 12:00:00
5844,344,5845,2026-01-26 12:00:00
5845,349,5846,2026-01-26 12:00:00
5846,353,5847,2026-01-26 12:00:00
5847,356,5848,2026-01-26 12:00:00
5848,359,5849,2026-01-26 12:00:00
5849,370,5850,2026-01-26 12:00:00
5850,388,5851,2026-01-26 12:00:00
5851,396,5852,2026-01-26 12:00:00
5852,405,5853,2026-01-26 12:00:00
5853,408,5854,2026-01-26 12:00:00
5854,412,5855,2026-01-26 12:00:00
5855,430,5856,2026-01-26 12:00:00
5856,444,5857,2026-01-26 12:00:00
5857,448,5858,2026-01-26 12:00:00
5858,463,5859,2026-01-26 12:00:00
5859,465,5860,2026-01-26 12:00:00
5860,474,5861,2026-01-26 12:00:00
5861,475,5862,2026-01-26 12:00:00
5862,478,5863,2026-01-26 12:00:00
5863,481,5864,2026-01-26 12:00:00
5864,486,5865,2026-01-26 12:00:00
5865,487,5866,2026-01-26 12:00:00
5866,488,5867,2026-01-26 12:00:00
5867,490,5868,2026-01-26 12:00:00
5868,492,5869,2026-01-26 12:00:00
5869,501,5870,2026-01-26 12:00:00
5870,503,5871,2026-01-26 12:00:00
5871,514,5872,2026-01-26 12:00:00
5872,519,5873,2026-01-26 12:00:00
5873,523,5874,2026-01-26 12:00:00
5874,530,5875,2026-01-26 12:00:00
5875,531,5876,2026-01-26 12:00:00
5876,533,5877,2026-01-26 12:00:00
5877,542,5878,2026-01-26 12:00:00
5878,544,5879,2026-01-26 12:00:00
5879,548,5880,2026-01-26 12:00:00
5880,550,5881,2026-01-26 12:00:00
5881,563,5882,2026-01-26 12:00:00
5882,570,5883,2026-01-26 12:00:00
5883,576,5884,2026-01-26 12:00:00
5884,579,5885,2026-01-26 12:00:00
5885,587,5886,2026-01-26 12:00:00
5886,591,5887,2026-01-26 12:00:00
5887,593,5888,2026-01-26 12:00:00
5888,595,5889,2026-01-26 12:00:00
5889,602,5890,2026-01-26 12:00:00
5890,611,5891,2026-01-26 12:00:00
5891,623,5892,2026-01-26 12:00:00
5892,632,5893,2026-01-26 12:00:00
5893,638,5894,2026-01-26 12:00:00
5894,641,5895,2026-01-26 12:00:00
5895,642,5896,2026-01-26 12:00:00
5896,643,5897,2026-01-26 12:00:00
5897,649,5898,2026-01-26 12:00:00
5898,650,5899,2026-01-26 12:00:00
5899,653,5900,2026-01-26 12:00:00
5900,657,5901,2026-01-26 12:00:00
5901,658,5902,2026-01-26 12:00:00
5902,666,5903,2026-01-26 12:00:00
5903,671,5904,2026-01-26 12:00:00
5904,672,5905,2026-01-26 12:00:00
5905,675,5906,2026-01-26 12:00:00
5906,678,5907,2026-01-26 12:00:00
5907,683,5908,2026-01-26 12:00:00
5908,685,5909,2026-01-26 12:00:00
5909,690,5910,2026-01-26 12:00:00
5910,692,5911,2026-01-26 12:00:00
5911,700,5912,2026-01-26 12:00:00
5912,702,5913,2026-01-26 12:00:00
5913,714,5914,2026-01-26 12:00:00
5914,719,5915,2026-01-26 12:00:00
5915,722,5916,2026-01-26 12:00:00
5916,724,5917,2026-01-26 12:00:00
5917,729,5918,2026-01-26 12:00:00
5918,740,5919,2026-01-26 12:00:00
5919,742,5920,2026-01-26 12:00:00
5920,753,5921,2026-01-26 12:00:00
5921,762,5922,2026-01-26 12:00:00
5922,763,5923,2026-01-26 12:00:00
5923,775,5924,2026-01-26 12:00:00
5924,779,5925,2026-01-26 12:00:00
5925,780,5926,2026-01-26 12:00:00
5926,784,5927,2026-01-26 12:00:00
5927,790,5928,2026-01-26 12:00:00
5928,793,5929,2026-01-26 12:00:00
5929,800,5930,2026-01-26 12:00:00
5930,802,5931,2026-01-26 12:00:00
5931,803,5932,2026-01-26 12:00:00
5932,813,5933,2026-01-26 12:00:00
5933,815,5934,2026-01-26 12:00:00
5934,817,5935,2026-01-26 12:00:00
5935,822,5936,2026-01-26 12:00:00
5936,826,5937,2026-01-26 12:00:00
5937,834,5938,2026-01-26 12:00:00
5938,846,5939,2026-01-26 12:00:00
5939,850,5940,2026-01-26 12:00:00
5940,851,5941,2026-01-26 12:00:00
5941,852,5942,2026-01-26 12:00:00
5942,862,5943,2026-01-26 12:00:00
5943,871,5944,2026-01-26 12:00:00
5944,873,5945,2026-01-26 12:00:00
5945,878,5946,2026-01-26 12:00:00
5946,917,5947,2026-01-26 12:00:00
5947,935,5948,2026-01-26 12:00:00
5948,936,5949,2026-01-26 12:00:00
5949,938,5950,2026-01-26 12:00:00
5950,944,5951,2026-01-26 12:00:00
5951,946,5952,2026-01-26 12:00:00
5952,950,5953,2026-01-26 12:00:00
5953,952,5954,2026-01-26 12:00:00
5954,954,5955,2026-01-26 12:00:00
5955,957,5956,2026-01-26 12:00:00
5956,968,5957,2026-01-26 12:00:00
5957,970,5958,2026-01-26 12:00:00
5958,973,5959,2026-01-26 12:00:00
5959,974,5960,2026-01-26 12:00:00
5960,979,5961,2026-01-26 12:00:00
5961,984,5962,2026-01-26 12:00:00
5962,989,5963,2026-01-26 12:00:00
5963,990,5964,2026-01-26 12:00:00
5964,995,5965,2026-01-26 12:00:00
5965,996,5966,2026-01-26 12:00:00
5966,1007,5967,2026-01-26 12:00:00
5967,1008,5968,2026-01-26 12:00:00
5968,1009,5969,2026-01-26 12:00:00
5969,1016,5970,2026-01-26 12:00:00
5970,1017,5971,2026-01-26 12:00:00
5971,1031,5972,2026-01-26 12:00:00
5972,1033,5973,2026-01-26 12:00:00
5973,1037,5974,2026-01-26 12:00:00
5974,1042,5975,2026-01-26 12:00:00
5975,1043,5976,2026-01-26 12:00:00
5976,1048,5977,2026-01-26 12:00:00
5977,1078,5978,2026-01-26 12:00:00
5978,1080,5979,2026-01-26 12:00:00
5979,1081,5980,2026-01-26 12:00:00
5980,1100,5981,2026-01-26 12:00:00
5981,1117,5982,2026-01-26 12:00:00
5982,1123,5983,2026-01-26 12:00:00
5983,1133,5984,2026-01-26 12:00:00
5984,1134,5985,2026-01-26 12:00:00
5985,1145,5986,2026-01-26 12:00:00
5986,1146,5987,2026-01-26 12:00:00
5987,1147,5988,2026-01-26 12:00:00
5988,1148,5989,2026-01-26 12:00:00
5989,1157,5990,2026-01-26 12:00:00
5990,1158,5991,2026-01-26 12:00:00
5991,1159,5992,2026-01-26 12:00:00
5992,1165,5993,2026-01-26 12:00:00
5993,1171,5994,2026-01-26 12:00:00
5994,1179,5995,2026-01-26 12:00:00
5995,1183,5996,2026-01-26 12:00:00
5996,1184,5997,2026-01-26 12:00:00
5997,1186,5998,2026-01-26 12:00:00
5998,1199,5999,2026-01-26 12:00:00
5999,1206,6000,2026-01-26 12:00:00
6000,1212,6001,2026-01-26 12:00:00
6001,1217,6002,2026-01-26 12:00:00
6002,1220,6003,2026-01-26 12:00:00
6003,1228,6004,2026-01-26 12:00:00
6004,1232,6005,2026-01-26 12:00:00
6005,1234,6006,2026-01-26 12:00:00
6006,1239,6007,2026-01-26 12:00:00
6007,1242,6008,2026-01-26 12:00:00
6008,1244,6009,2026-01-26 12:00:00
6009,1256,6010,2026-01-26 12:00:00
6010,1259,6011,2026-01-26 12:00:00
6011,1271,6012,2026-01-26 12:00:00
6012,1272,6013,2026-01-26 12:00:00
6013,1283,6014,2026-01-26 12:00:00
6014,1284,6015,2026-01-26 12:00:00
6015,1286,6016,2026-01-26 12:00:00
6016,1288,6017,2026-01-26 12:00:00
6017,1293,6018,2026-01-26 12:00:00
6018,1296,6019,2026-01-26 12:00:00
6019,1301,6020,2026-01-26 12:00:00
6020,1310,6021,2026-01-26 12:00:00
6021,1319,6022,2026-01-26 12:00:00
6022,1320,6023,2026-01-26 12:00:00
6023,1322,6024,2026-01-26 12:00:00
6024,1324,6025,2026-01-26 12:00:00
6025,1326,6026,2026-01-26 12:00:00
6026,1327,6027,2026-01-26 12:00:00
6027,1330,6028,2026-01-26 12:00:00
6028,1331,6029,2026-01-26 12:00:00
6029,1335,6030,2026-01-26 12:00:00
6030,1336,6031,2026-01-26 12:00:00
6031,1337,6032,2026-01-26 12:00:00
6032,1347,6033,2026-01-26 12:00:00
6033,6,6034,2026-01-27 12:00:00
6034,7,6035,2026-01-27 12:00:00
6035,12,6036,2026-01-27 12:00:00
6036,14,6037,2026-01-27 12:00:00
6037,17,6038,2026-01-27 12:00:00
6038,20,6039,2026-01-27 12:00:00
6039,21,6040,2026-01-27 12:00:00
6040,22,6041,2026-01-27 12:00:00
6041,24,6042,2026-01-27 12:00:00
6042,27,6043,2026-01-27 12:00:00
6043,37,6044,2026-01-27 12:00:00
6044,39,6045,2026-01-27 12:00:00
6045,48,6046,2026-01-27 12:00:00
6046,51,6047,2026-01-27 12:00:00
6047,52,6048,2026-01-27 12:00:00
6048,55,6049,2026-01-27 12:00:00
6049,62,6050,2026-01-27 12:00:00
6050,73,6051,2026-01-27 12:00:00
6051,79,6052,2026-01-27 12:00:00
6052,80,6053,2026-01-27 12:00:00
6053,83,6054,2026-01-27 12:00:00
6054,87,6055,2026-01-27 12:00:00
6055,102,6056,2026-01-27 12:00:00
6056,110,6057,2026-01-27 12:00:00
6057,116,6058,2026-01-27 12:00:00
6058,118,6059,2026-01-27 12:00:00
6059,127,6060,2026-01-27 12:00:00
6060,130,6061,2026-01-27 12:00:00
6061,136,6062,2026-01-27 12:00:00
6062,138,6063,2026-01-27 12:00:00
6063,141,6064,2026-01-27 12:00:00
6064,153,6065,2026-01-27 12:00:00
6065,157,6066,2026-01-27 12:00:00
6066,164,6067,2026-01-27 12:00:00
6067,181,6068,2026-01-27 12:00:00
6068,183,6069,2026-01-27 12:00:00
6069,186,6070,2026-01-27 12:00:00
6070,187,6071,2026-01-27 12:00:00
6071,188,6072,2026-01-27 12:00:00
6072,189,6073,2026-01-27 12:00:00
6073,190,6074,2026-01-27 12:00:00
6074,204,6075,2026-01-27 12:00:00
6075,209,6076,2026-01-27 12:00:00
6076,223,6077,2026-01-27 12:00:00
6077,227,6078,2026-01-27 12:00:00
6078,228,6079,2026-01-27 12:00:00
6079,229,6080,2026-01-27 12:00:00
6080,230,6081,2026-01-27 12:00:00
6081,239,6082,2026-01-27 12:00:00
6082,248,6083,2026-01-27 12:00:00
6083,251,6084,2026-01-27 12:00:00
6084,260,6085,2026-01-27 12:00:00
6085,263,6086,2026-01-27 12:00:00
6086,265,6087,2026-01-27 12:00:00
6087,271,6088,2026-01-27 12:00:00
6088,274,6089,2026-01-27 12:00:00
6089,285,6090,2026-01-27 12:00:00
6090,288,6091,2026-01-27 12:00:00
6091,308,6092,2026-01-27 12:00:00
6092,317,6093,2026-01-27 12:00:00
6093,325,6094,2026-01-27 12:00:00
6094,334,6095,2026-01-27 12:00:00
6095,336,6096,2026-01-27 12:00:00
6096,344,6097,2026-01-27 12:00:00
6097,351,6098,2026-01-27 12:00:00
6098,357,6099,2026-01-27 12:00:00
6099,367,6100,2026-01-27 12:00:00
6100,369,6101,2026-01-27 12:00:00
6101,370,6102,2026-01-27 12:00:00
6102,378,6103,2026-01-27 12:00:00
6103,400,6104,2026-01-27 12:00:00
6104,401,6105,2026-01-27 12:00:00
6105,404,6106,2026-01-27 12:00:00
6106,406,6107,2026-01-27 12:00:00
6107,408,6108,2026-01-27 12:00:00
6108,418,6109,2026-01-27 12:00:00
6109,422,6110,2026-01-27 12:00:00
6110,426,6111,2026-01-27 12:00:00
6111,441,6112,2026-01-27 12:00:00
6112,447,6113,2026-01-27 12:00:00
6113,452,6114,2026-01-27 12:00:00
6114,454,6115,2026-01-27 12:00:00
6115,456,6116,2026-01-27 12:00:00
6116,472,6117,2026-01-27 12:00:00
6117,485,6118,2026-01-27 12:00:00
6118,493,6119,2026-01-27 12:00:00
6119,495,6120,2026-01-27 12:00:00
6120,496,6121,2026-01-27 12:00:00
6121,503,6122,2026-01-27 12:00:00
6122,506,6123,2026-01-27 12:00:00
6123,512,6124,2026-01-27 12:00:00
6124,514,6125,2026-01-27 12:00:00
6125,521,6126,2026-01-27 12:00:00
6126,523,6127,2026-01-27 12:00:00
6127,524,6128,2026-01-27 12:00:00
6128,526,6129,2026-01-27 12:00:00
6129,528,6130,2026-01-27 12:00:00
6130,533,6131,2026-01-27 12:00:00
6131,538,6132,2026-01-27 12:00:00
6132,542,6133,2026-01-27 12:00:00
6133,544,6134,2026-01-27 12:00:00
6134,553,6135,2026-01-27 12:00:00
6135,554,6136,2026-01-27 12:00:00
6136,562,6137,2026-01-27 12:00:00
6137,563,6138,2026-01-27 12:00:00
6138,564,6139,2026-01-27 12:00:00
6139,566,6140,2026-01-27 12:00:00
6140,570,6141,2026-01-27 12:00:00
6141,571,6142,2026-01-27 12:00:00
6142,575,6143,2026-01-27 12:00:00
6143,576,6144,2026-01-27 12:00:00
6144,588,6145,2026-01-27 12:00:00
6145,590,6146,2026-01-27 12:00:00
6146,594,6147,2026-01-27 12:00:00
6147,600,6148,2026-01-27 12:00:00
6148,610,6149,2026-01-27 12:00:00
6149,613,6150,2026-01-27 12:00:00
6150,617,6151,2026-01-27 12:00:00
6151,618,6152,2026-01-27 12:00:00
6152,621,6153,2026-01-27 12:00:00
6153,622,6154,2026-01-27 12:00:00
6154,637,6155,2026-01-27 12:00:00
6155,638,6156,2026-01-27 12:00:00
6156,639,6157,2026-01-27 12:00:00
6157,642,6158,2026-01-27 12:00:00
6158,646,6159,2026-01-27 12:00:00
6159,653,6160,2026-01-27 12:00:00
6160,657,6161,2026-01-27 12:00:00
6161,658,6162,2026-01-27 12:00:00
6162,659,6163,2026-01-27 12:00:00
6163,663,6164,2026-01-27 12:00:00
6164,686,6165,2026-01-27 12:00:00
6165,687,6166,2026-01-27 12:00:00
6166,692,6167,2026-01-27 12:00:00
6167,697,6168,2026-01-27 12:00:00
6168,698,6169,2026-01-27 12:00:00
6169,701,6170,2026-01-27 12:00:00
6170,705,6171,2026-01-27 12:00:00
6171,709,6172,2026-01-27 12:00:00
6172,710,6173,2026-01-27 12:00:00
6173,713,6174,2026-01-27 12:00:00
6174,719,6175,2026-01-27 12:00:00
6175,720,6176,2026-01-27 12:00:00
6176,723,6177,2026-01-27 12:00:00
6177,727,6178,2026-01-27 12:00:00
6178,730,6179,2026-01-27 12:00:00
6179,734,6180,2026-01-27 12:00:00
6180,740,6181,2026-01-27 12:00:00
6181,741,6182,2026-01-27 12:00:00
6182,742,6183,2026-01-27 12:00:00
6183,746,6184,2026-01-27 12:00:00
6184,749,6185,2026-01-27 12:00:00
6185,754,6186,2026-01-27 12:00:00
6186,761,6187,2026-01-27 12:00:00
6187,765,6188,2026-01-27 12:00:00
6188,767,6189,2026-01-27 12:00:00
6189,769,6190,2026-01-27 12:00:00
6190,772,6191,2026-01-27 12:00:00
6191,778,6192,2026-01-27 12:00:00
6192,787,6193,2026-01-27 12:00:00
6193,788,6194,2026-01-27 12:00:00
6194,789,6195,2026-01-27 12:00:00
6195,801,6196,2026-01-27 12:00:00
6196,803,6197,2026-01-27 12:00:00
6197,805,6198,2026-01-27 12:00:00
6198,818,6199,2026-01-27 12:00:00
6199,820,6200,2026-01-27 12:00:00
6200,826,6201,2026-01-27 12:00:00
6201,833,6202,2026-01-27 12:00:00
6202,836,6203,2026-01-27 12:00:00
6203,839,6204,2026-01-27 12:00:00
6204,844,6205,2026-01-27 12:00:00
6205,845,6206,2026-01-27 12:00:00
6206,851,6207,2026-01-27 12:00:00
6207,852,6208,2026-01-27 12:00:00
6208,855,6209,2026-01-27 12:00:00
6209,866,6210,2026-01-27 12:00:00
6210,867,6211,2026-01-27 12:00:00
6211,870,6212,2026-01-27 12:00:00
6212,882,6213,2026-01-27 12:00:00
6213,885,6214,2026-01-27 12:00:00
6214,894,6215,2026-01-27 12:00:00
6215,896,6216,2026-01-27 12:00:00
6216,909,6217,2026-01-27 12:00:00
6217,913,6218,2026-01-27 12:00:00
6218,918,6219,2026-01-27 12:00:00
6219,920,6220,2026-01-27 12:00:00
6220,922,6221,2026-01-27 12:00:00
6221,934,6222,2026-01-27 12:00:00
6222,935,6223,2026-01-27 12:00:00
6223,937,6224,2026-01-27 12:00:00
6224,938,6225,2026-01-27 12:00:00
6225,941,6226,2026-01-27 12:00:00
6226,956,6227,2026-01-27 12:00:00
6227,960,6228,2026-01-27 12:00:00
6228,961,6229,2026-01-27 12:00:00
6229,973,6230,2026-01-27 12:00:00
6230,977,6231,2026-01-27 12:00:00
6231,983,6232,2026-01-27 12:00:00
6232,986,6233,2026-01-27 12:00:00
6233,988,6234,2026-01-27 12:00:00
6234,1004,6235,2026-01-27 12:00:00
6235,1009,6236,2026-01-27 12:00:00
6236,1010,6237,2026-01-27 12:00:00
6237,1013,6238,2026-01-27 12:00:00
6238,1014,6239,2026-01-27 12:00:00
6239,1020,6240,2026-01-27 12:00:00
6240,1023,6241,2026-01-27 12:00:00
6241,1024,6242,2026-01-27 12:00:00
6242,1027,6243,2026-01-27 12:00:00
6243,1033,6244,2026-01-27 12:00:00
6244,1038,6245,2026-01-27 12:00:00
6245,1047,6246,2026-01-27 12:00:00
6246,1048,6247,2026-01-27 12:00:00
6247,1050,6248,2026-01-27 12:00:00
6248,1052,6249,2026-01-27 12:00:00
6249,1060,6250,2026-01-27 12:00:00
6250,1061,6251,2026-01-27 12:00:00
6251,1066,6252,2026-01-27 12:00:00
6252,1093,6253,2026-01-27 12:00:00
6253,1094,6254,2026-01-27 12:00:00
6254,1095,6255,2026-01-27 12:00:00
6255,1105,6256,2026-01-27 12:00:00
6256,1106,6257,2026-01-27 12:00:00
6257,1119,6258,2026-01-27 12:00:00
6258,1120,6259,2026-01-27 12:00:00
6259,1125,6260,2026-01-27 12:00:00
6260,1129,6261,2026-01-27 12:00:00
6261,1139,6262,2026-01-27 12:00:00
6262,1144,6263,2026-01-27 12:00:00
6263,1147,6264,2026-01-27 12:00:00
6264,1152,6265,2026-01-27 12:00:00
6265,1158,6266,2026-01-27 12:00:00
6266,1173,6267,2026-01-27 12:00:00
6267,1176,6268,2026-01-27 12:00:00
6268,1179,6269,2026-01-27 12:00:00
6269,1189,6270,2026-01-27 12:00:00
6270,1192,6271,2026-01-27 12:00:00
6271,1194,6272,2026-01-27 12:00:00
6272,1197,6273,2026-01-27 12:00:00
6273,1198,6274,2026-01-27 12:00:00
6274,1199,6275,2026-01-27 12:00:00
6275,1202,6276,2026-01-27 12:00:00
6276,1213,6277,2026-01-27 12:00:00
6277,1219,6278,2026-01-27 12:00:00
6278,1220,6279,2026-01-27 12:00:00
6279,1222,6280,2026-01-27 12:00:00
6280,1223,6281,2026-01-27 12:00:00
6281,1232,6282,2026-01-27 12:00:00
6282,1235,6283,2026-01-27 12:00:00
6283,1237,6284,2026-01-27 12:00:00
6284,1239,6285,2026-01-27 12:00:00
6285,1264,6286,2026-01-27 12:00:00
6286,1272,6287,2026-01-27 12:00:00
6287,1274,6288,2026-01-27 12:00:00
6288,1279,6289,2026-01-27 12:00:00
6289,1289,6290,2026-01-27 12:00:00
6290,1290,6291,2026-01-27 12:00:00
6291,1299,6292,2026-01-27 12:00:00
6292,1301,6293,2026-01-27 12:00:00
6293,1309,6294,2026-01-27 12:00:00
6294,1311,6295,2026-01-27 12:00:00
6295,1324,6296,2026-01-27 12:00:00
6296,1327,6297,2026-01-27 12:00:00
6297,1329,6298,2026-01-27 12:00:00
6298,1335,6299,2026-01-27 12:00:00
6299,1340,6300,2026-01-27 12:00:00
6300,1351,6301,2026-01-27 12:00:00
6301,1355,6302,2026-01-27 12:00:00
6302,11,6303,2026-01-28 12:00:00
6303,21,6304,2026-01-28 12:00:00
6304,40,6305,2026-01-28 12:00:00
6305,48,6306,2026-01-28 12:00:00
6306,50,6307,2026-01-28 12:00:00
6307,54,6308,2026-01-28 12:00:00
6308,58,6309,2026-01-28 12:00:00
6309,60,6310,2026-01-28 12:00:00
6310,71,6311,2026-01-28 12:00:00
6311,75,6312,2026-01-28 12:00:00
6312,78,6313,2026-01-28 12:00:00
6313,79,6314,2026-01-28 12:00:00
6314,82,6315,2026-01-28 12:00:00
6315,86,6316,2026-01-28 12:00:00
6316,91,6317,2026-01-28 12:00:00
6317,92,6318,2026-01-28 12:00:00
6318,98,6319,2026-01-28 12:00:00
6319,102,6320,2026-01-28 12:00:00
6320,106,6321,2026-01-28 12:00:00
6321,107,6322,2026-01-28 12:00:00
6322,110,6323,2026-01-28 12:00:00
6323,115,6324,2026-01-28 12:00:00
6324,121,6325,2026-01-28 12:00:00
6325,122,6326,2026-01-28 12:00:00
6326,129,6327,2026-01-28 12:00:00
6327,130,6328,2026-01-28 12:00:00
6328,133,6329,2026-01-28 12:00:00
6329,134,6330,2026-01-28 12:00:00
6330,137,6331,2026-01-28 12:00:00
6331,138,6332,2026-01-28 12:00:00
6332,144,6333,2026-01-28 12:00:00
6333,149,6334,2026-01-28 12:00:00
6334,158,6335,2026-01-28 12:00:00
6335,164,6336,2026-01-28 12:00:00
6336,180,6337,2026-01-28 12:00:00
6337,192,6338,2026-01-28 12:00:00
6338,196,6339,2026-01-28 12:00:00
6339,199,6340,2026-01-28 12:00:00
6340,205,6341,2026-01-28 12:00:00
6341,209,6342,2026-01-28 12:00:00
6342,210,6343,2026-01-28 12:00:00
6343,211,6344,2026-01-28 12:00:00
6344,212,6345,2026-01-28 12:00:00
6345,215,6346,2026-01-28 12:00:00
6346,230,6347,2026-01-28 12:00:00
6347,240,6348,2026-01-28 12:00:00
6348,241,6349,2026-01-28 12:00:00
6349,247,6350,2026-01-28 12:00:00
6350,248,6351,2026-01-28 12:00:00
6351,251,6352,2026-01-28 12:00:00
6352,252,6353,2026-01-28 12:00:00
6353,253,6354,2026-01-28 12:00:00
6354,258,6355,2026-01-28 12:00:00
6355,260,6356,2026-01-28 12:00:00
6356,274,6357,2026-01-28 12:00:00
6357,279,6358,2026-01-28 12:00:00
6358,280,6359,2026-01-28 12:00:00
6359,289,6360,2026-01-28 12:00:00
6360,292,6361,2026-01-28 12:00:00
6361,293,6362,2026-01-28 12:00:00
6362,298,6363,2026-01-28 12:00:00
6363,301,6364,2026-01-28 12:00:00
6364,302,6365,2026-01-28 12:00:00
6365,303,6366,2026-01-28 12:00:00
6366,320,6367,2026-01-28 12:00:00
6367,326,6368,2026-01-28 12:00:00
6368,328,6369,2026-01-28 12:00:00
6369,330,6370,2026-01-28 12:00:00
6370,336,6371,2026-01-28 12:00:00
6371,344,6372,2026-01-28 12:00:00
6372,345,6373,2026-01-28 12:00:00
6373,348,6374,2026-01-28 12:00:00
6374,361,6375,2026-01-28 12:00:00
6375,367,6376,2026-01-28 12:00:00
6376,372,6377,2026-01-28 12:00:00
6377,375,6378,2026-01-28 12:00:00
6378,379,6379,2026-01-28 12:00:00
6379,396,6380,2026-01-28 12:00:00
6380,402,6381,2026-01-28 12:00:00
6381,405,6382,2026-01-28 12:00:00
6382,409,6383,2026-01-28 12:00:00
6383,412,6384,2026-01-28 12:00:00
6384,413,6385,2026-01-28 12:00:00
6385,415,6386,2026-01-28 12:00:00
6386,418,6387,2026-01-28 12:00:00
6387,421,6388,2026-01-28 12:00:00
6388,423,6389,2026-01-28 12:00:00
6389,426,6390,2026-01-28 12:00:00
6390,434,6391,2026-01-28 12:00:00
6391,435,6392,2026-01-28 12:00:00
6392,437,6393,2026-01-28 12:00:00
6393,448,6394,2026-01-28 12:00:00
6394,454,6395,2026-01-28 12:00:00
6395,456,6396,2026-01-28 12:00:00
6396,458,6397,2026-01-28 12:00:00
6397,465,6398,2026-01-28 12:00:00
6398,467,6399,2026-01-28 12:00:00
6399,468,6400,2026-01-28 12:00:00
6400,475,6401,2026-01-28 12:00:00
6401,480,6402,2026-01-28 12:00:00
6402,481,6403,2026-01-28 12:00:00
6403,490,6404,2026-01-28 12:00:00
6404,494,6405,2026-01-28 12:00:00
6405,498,6406,2026-01-28 12:00:00
6406,502,6407,2026-01-28 12:00:00
6407,508,6408,2026-01-28 12:00:00
6408,511,6409,2026-01-28 12:00:00
6409,513,6410,2026-01-28 12:00:00
6410,515,6411,2026-01-28 12:00:00
6411,521,6412,2026-01-28 12:00:00
6412,526,6413,2026-01-28 12:00:00
6413,530,6414,2026-01-28 12:00:00
6414,533,6415,2026-01-28 12:00:00
6415,538,6416,2026-01-28 12:00:00
6416,544,6417,2026-01-28 12:00:00
6417,551,6418,2026-01-28 12:00:00
6418,557,6419,2026-01-28 12:00:00
6419,567,6420,2026-01-28 12:00:00
6420,569,6421,2026-01-28 12:00:00
6421,573,6422,2026-01-28 12:00:00
6422,583,6423,2026-01-28 12:00:00
6423,590,6424,2026-01-28 12:00:00
6424,591,6425,2026-01-28 12:00:00
6425,598,6426,2026-01-28 12:00:00
6426,601,6427,2026-01-28 12:00:00
6427,607,6428,2026-01-28 12:00:00
6428,614,6429,2026-01-28 12:00:00
6429,622,6430,2026-01-28 12:00:00
6430,623,6431,2026-01-28 12:00:00
6431,624,6432,2026-01-28 12:00:00
6432,625,6433,2026-01-28 12:00:00
6433,627,6434,2026-01-28 12:00:00
6434,632,6435,2026-01-28 12:00:00
6435,639,6436,2026-01-28 12:00:00
6436,654,6437,2026-01-28 12:00:00
6437,663,6438,2026-01-28 12:00:00
6438,671,6439,2026-01-28 12:00:00
6439,673,6440,2026-01-28 12:00:00
6440,675,6441,2026-01-28 12:00:00
6441,676,6442,2026-01-28 12:00:00
6442,680,6443,2026-01-28 12:00:00
6443,681,6444,2026-01-28 12:00:00
6444,684,6445,2026-01-28 12:00:00
6445,685,6446,2026-01-28 12:00:00
6446,694,6447,2026-01-28 12:00:00
6447,700,6448,2026-01-28 12:00:00
6448,701,6449,2026-01-28 12:00:00
6449,702,6450,2026-01-28 12:00:00
6450,704,6451,2026-01-28 12:00:00
6451,705,6452,2026-01-28 12:00:00
6452,713,6453,2026-01-28 12:00:00
6453,714,6454,2026-01-28 12:00:00
6454,718,6455,2026-01-28 12:00:00
6455,720,6456,2026-01-28 12:00:00
6456,722,6457,2026-01-28 12:00:00
6457,725,6458,2026-01-28 12:00:00
6458,729,6459,2026-01-28 12:00:00
6459,730,6460,2026-01-28 12:00:00
6460,735,6461,2026-01-28 12:00:00
6461,747,6462,2026-01-28 12:00:00
6462,755,6463,2026-01-28 12:00:00
6463,768,6464,2026-01-28 12:00:00
6464,774,6465,2026-01-28 12:00:00
6465,775,6466,2026-01-28 12:00:00
6466,786,6467,2026-01-28 12:00:00
6467,796,6468,2026-01-28 12:00:00
6468,814,6469,2026-01-28 12:00:00
6469,825,6470,2026-01-28 12:00:00
6470,834,6471,2026-01-28 12:00:00
6471,838,6472,2026-01-28 12:00:00
6472,849,6473,2026-01-28 12:00:00
6473,859,6474,2026-01-28 12:00:00
6474,861,6475,2026-01-28 12:00:00
6475,862,6476,2026-01-28 12:00:00
6476,865,6477,2026-01-28 12:00:00
6477,872,6478,2026-01-28 12:00:00
6478,880,6479,2026-01-28 12:00:00
6479,884,6480,2026-01-28 12:00:00
6480,885,6481,2026-01-28 12:00:00
6481,891,6482,2026-01-28 12:00:00
6482,894,6483,2026-01-28 12:00:00
6483,897,6484,2026-01-28 12:00:00
6484,902,6485,2026-01-28 12:00:00
6485,907,6486,2026-01-28 12:00:00
6486,911,6487,2026-01-28 12:00:00
6487,916,6488,2026-01-28 12:00:00
6488,917,6489,2026-01-28 12:00:00
6489,919,6490,2026-01-28 12:00:00
6490,920,6491,2026-01-28 12:00:00
6491,932,6492,2026-01-28 12:00:00
6492,947,6493,2026-01-28 12:00:00
6493,949,6494,2026-01-28 12:00:00
6494,957,6495,2026-01-28 12:00:00
6495,964,6496,2026-01-28 12:00:00
6496,975,6497,2026-01-28 12:00:00
6497,984,6498,2026-01-28 12:00:00
6498,998,6499,2026-01-28 12:00:00
6499,1003,6500,2026-01-28 12:00:00
6500,1011,6501,2026-01-28 12:00:00
6501,1017,6502,2026-01-28 12:00:00
6502,1025,6503,2026-01-28 12:00:00
6503,1029,6504,2026-01-28 12:00:00
6504,1048,6505,2026-01-28 12:00:00
6505,1049,6506,2026-01-28 12:00:00
6506,1051,6507,2026-01-28 12:00:00
6507,1055,6508,2026-01-28 12:00:00
6508,1058,6509,2026-01-28 12:00:00
6509,1067,6510,2026-01-28 12:00:00
6510,1073,6511,2026-01-28 12:00:00
6511,1075,6512,2026-01-28 12:00:00
6512,1080,6513,2026-01-28 12:00:00
6513,1082,6514,2026-01-28 12:00:00
6514,1083,6515,2026-01-28 12:00:00
6515,1086,6516,2026-01-28 12:00:00
6516,1094,6517,2026-01-28 12:00:00
6517,1095,6518,2026-01-28 12:00:00
6518,1096,6519,2026-01-28 12:00:00
6519,1105,6520,2026-01-28 12:00:00
6520,1116,6521,2026-01-28 12:00:00
6521,1120,6522,2026-01-28 12:00:00
6522,1126,6523,2026-01-28 12:00:00
6523,1127,6524,2026-01-28 12:00:00
6524,1129,6525,2026-01-28 12:00:00
6525,1130,6526,2026-01-28 12:00:00
6526,1134,6527,2026-01-28 12:00:00
6527,1136,6528,2026-01-28 12:00:00
6528,1149,6529,2026-01-28 12:00:00
6529,1167,6530,2026-01-28 12:00:00
6530,1168,6531,2026-01-28 12:00:00
6531,1170,6532,2026-01-28 12:00:00
6532,1171,6533,2026-01-28 12:00:00
6533,1172,6534,2026-01-28 12:00:00
6534,1180,6535,2026-01-28 12:00:00
6535,1185,6536,2026-01-28 12:00:00
6536,1195,6537,2026-01-28 12:00:00
6537,1202,6538,2026-01-28 12:00:00
6538,1203,6539,2026-01-28 12:00:00
6539,1204,6540,2026-01-28 12:00:00
6540,1205,6541,2026-01-28 12:00:00
6541,1211,6542,2026-01-28 12:00:00
6542,1213,6543,2026-01-28 12:00:00
6543,1230,6544,2026-01-28 12:00:00
6544,1235,6545,2026-01-28 12:00:00
6545,1240,6546,2026-01-28 12:00:00
6546,1247,6547,2026-01-28 12:00:00
6547,1251,6548,2026-01-28 12:00:00
6548,1257,6549,2026-01-28 12:00:00
6549,1260,6550,2026-01-28 12:00:00
6550,1266,6551,2026-01-28 12:00:00
6551,1278,6552,2026-01-28 12:00:00
6552,1289,6553,2026-01-28 12:00:00
6553,1293,6554,2026-01-28 12:00:00
6554,1301,6555,2026-01-28 12:00:00
6555,1303,6556,2026-01-28 12:00:00
6556,1306,6557,2026-01-28 12:00:00
6557,1314,6558,2026-01-28 12:00:00
6558,1322,6559,2026-01-28 12:00:00
6559,1323,6560,2026-01-28 12:00:00
6560,1330,6561,2026-01-28 12:00:00
6561,1333,6562,2026-01-28 12:00:00
6562,1342,6563,2026-01-28 12:00:00
6563,1344,6564,2026-01-28 12:00:00
6564,1346,6565,2026-01-28 12:00:00
6565,1356,6566,2026-01-28 12:00:00
6566,1359,6567,2026-01-28 12:00:00
6567,1367,6568,2026-01-28 12:00:00
6568,1369,6569,2026-01-28 12:00:00
6569,1372,6570,2026-01-28 12:00:00
6570,1376,6571,2026-01-28 12:00:00
6571,13,6572,2026-01-29 12:00:00
6572,15,6573,2026-01-29 12:00:00
6573,17,6574,2026-01-29 12:00:00
6574,19,6575,2026-01-29 12:00:00
6575,27,6576,2026-01-29 12:00:00
6576,41,6577,2026-01-29 12:00:00
6577,44,6578,2026-01-29 12:00:00
6578,45,6579,2026-01-29 12:00:00
6579,46,6580,2026-01-29 12:00:00
6580,49,6581,2026-01-29 12:00:00
6581,56,6582,2026-01-29 12:00:00
6582,65,6583,2026-01-29 12:00:00
6583,73,6584,2026-01-29 12:00:00
6584,84,6585,2026-01-29 12:00:00
6585,85,6586,2026-01-29 12:00:00
6586,101,6587,2026-01-29 12:00:00
6587,105,6588,2026-01-29 12:00:00
6588,106,6589,2026-01-29 12:00:00
6589,113,6590,2026-01-29 12:00:00
6590,116,6591,2026-01-29 12:00:00
6591,122,6592,2026-01-29 12:00:00
6592,123,6593,2026-01-29 12:00:00
6593,125,6594,2026-01-29 12:00:00
6594,129,6595,2026-01-29 12:00:00
6595,137,6596,2026-01-29 12:00:00
6596,143,6597,2026-01-29 12:00:00
6597,144,6598,2026-01-29 12:00:00
6598,147,6599,2026-01-29 12:00:00
6599,148,6600,2026-01-29 12:00:00
6600,152,6601,2026-01-29 12:00:00
6601,156,6602,2026-01-29 12:00:00
6602,158,6603,2026-01-29 12:00:00
6603,163,6604,2026-01-29 12:00:00
6604,171,6605,2026-01-29 12:00:00
6605,179,6606,2026-01-29 12:00:00
6606,183,6607,2026-01-29 12:00:00
6607,184,6608,2026-01-29 12:00:00
6608,186,6609,2026-01-29 12:00:00
6609,187,6610,2026-01-29 12:00:00
6610,188,6611,2026-01-29 12:00:00
6611,189,6612,2026-01-29 12:00:00
6612,195,6613,2026-01-29 12:00:00
6613,200,6614,2026-01-29 12:00:00
6614,210,6615,2026-01-29 12:00:00
6615,214,6616,2026-01-29 12:00:00
6616,216,6617,2026-01-29 12:00:00
6617,219,6618,2026-01-29 12:00:00
6618,221,6619,2026-01-29 12:00:00
6619,229,6620,2026-01-29 12:00:00
6620,230,6621,2026-01-29 12:00:00
6621,232,6622,2026-01-29 12:00:00
6622,235,6623,2026-01-29 12:00:00
6623,236,6624,2026-01-29 12:00:00
6624,237,6625,2026-01-29 12:00:00
6625,239,6626,2026-01-29 12:00:00
6626,248,6627,2026-01-29 12:00:00
6627,251,6628,2026-01-29 12:00:00
6628,260,6629,2026-01-29 12:00:00
6629,269,6630,2026-01-29 12:00:00
6630,271,6631,2026-01-29 12:00:00
6631,272,6632,2026-01-29 12:00:00
6632,275,6633,2026-01-29 12:00:00
6633,279,6634,2026-01-29 12:00:00
6634,283,6635,2026-01-29 12:00:00
6635,298,6636,2026-01-29 12:00:00
6636,302,6637,2026-01-29 12:00:00
6637,313,6638,2026-01-29 12:00:00
6638,314,6639,2026-01-29 12:00:00
6639,323,6640,2026-01-29 12:00:00
6640,325,6641,2026-01-29 12:00:00
6641,326,6642,2026-01-29 12:00:00
6642,328,6643,2026-01-29 12:00:00
6643,330,6644,2026-01-29 12:00:00
6644,334,6645,2026-01-29 12:00:00
6645,337,6646,2026-01-29 12:00:00
6646,338,6647,2026-01-29 12:00:00
6647,341,6648,2026-01-29 12:00:00
6648,351,6649,2026-01-29 12:00:00
6649,352,6650,2026-01-29 12:00:00
6650,357,6651,2026-01-29 12:00:00
6651,361,6652,2026-01-29 12:00:00
6652,362,6653,2026-01-29 12:00:00
6653,364,6654,2026-01-29 12:00:00
6654,382,6655,2026-01-29 12:00:00
6655,387,6656,2026-01-29 12:00:00
6656,391,6657,2026-01-29 12:00:00
6657,392,6658,2026-01-29 12:00:00
6658,393,6659,2026-01-29 12:00:00
6659,394,6660,2026-01-29 12:00:00
6660,396,6661,2026-01-29 12:00:00
6661,408,6662,2026-01-29 12:00:00
6662,410,6663,2026-01-29 12:00:00
6663,412,6664,2026-01-29 12:00:00
6664,413,6665,2026-01-29 12:00:00
6665,414,6666,2026-01-29 12:00:00
6666,418,6667,2026-01-29 12:00:00
6667,426,6668,2026-01-29 12:00:00
6668,429,6669,2026-01-29 12:00:00
6669,436,6670,2026-01-29 12:00:00
6670,440,6671,2026-01-29 12:00:00
6671,441,6672,2026-01-29 12:00:00
6672,443,6673,2026-01-29 12:00:00
6673,447,6674,2026-01-29 12:00:00
6674,448,6675,2026-01-29 12:00:00
6675,451,6676,2026-01-29 12:00:00
6676,462,6677,2026-01-29 12:00:00
6677,464,6678,2026-01-29 12:00:00
6678,469,6679,2026-01-29 12:00:00
6679,470,6680,2026-01-29 12:00:00
6680,475,6681,2026-01-29 12:00:00
6681,479,6682,2026-01-29 12:00:00
6682,482,6683,2026-01-29 12:00:00
6683,483,6684,2026-01-29 12:00:00
6684,494,6685,2026-01-29 12:00:00
6685,500,6686,2026-01-29 12:00:00
6686,504,6687,2026-01-29 12:00:00
6687,513,6688,2026-01-29 12:00:00
6688,518,6689,2026-01-29 12:00:00
6689,532,6690,2026-01-29 12:00:00
6690,533,6691,2026-01-29 12:00:00
6691,538,6692,2026-01-29 12:00:00
6692,542,6693,2026-01-29 12:00:00
6693,550,6694,2026-01-29 12:00:00
6694,556,6695,2026-01-29 12:00:00
6695,562,6696,2026-01-29 12:00:00
6696,563,6697,2026-01-29 12:00:00
6697,565,6698,2026-01-29 12:00:00
6698,567,6699,2026-01-29 12:00:00
6699,579,6700,2026-01-29 12:00:00
6700,580,6701,2026-01-29 12:00:00
6701,584,6702,2026-01-29 12:00:00
6702,591,6703,2026-01-29 12:00:00
6703,592,6704,2026-01-29 12:00:00
6704,594,6705,2026-01-29 12:00:00
6705,599,6706,2026-01-29 12:00:00
6706,601,6707,2026-01-29 12:00:00
6707,604,6708,2026-01-29 12:00:00
6708,605,6709,2026-01-29 12:00:00
6709,616,6710,2026-01-29 12:00:00
6710,629,6711,2026-01-29 12:00:00
6711,631,6712,2026-01-29 12:00:00
6712,632,6713,2026-01-29 12:00:00
6713,636,6714,2026-01-29 12:00:00
6714,639,6715,2026-01-29 12:00:00
6715,645,6716,2026-01-29 12:00:00
6716,653,6717,2026-01-29 12:00:00
6717,671,6718,2026-01-29 12:00:00
6718,692,6719,2026-01-29 12:00:00
6719,694,6720,2026-01-29 12:00:00
6720,699,6721,2026-01-29 12:00:00
6721,703,6722,2026-01-29 12:00:00
6722,705,6723,2026-01-29 12:00:00
6723,706,6724,2026-01-29 12:00:00
6724,707,6725,2026-01-29 12:00:00
6725,709,6726,2026-01-29 12:00:00
6726,710,6727,2026-01-29 12:00:00
6727,711,6728,2026-01-29 12:00:00
6728,714,6729,2026-01-29 12:00:00
6729,719,6730,2026-01-29 12:00:00
6730,722,6731,2026-01-29 12:00:00
6731,727,6732,2026-01-29 12:00:00
6732,733,6733,2026-01-29 12:00:00
6733,736,6734,2026-01-29 12:00:00
6734,743,6735,2026-01-29 12:00:00
6735,748,6736,2026-01-29 12:00:00
6736,749,6737,2026-01-29 12:00:00
6737,754,6738,2026-01-29 12:00:00
6738,755,6739,2026-01-29 12:00:00
6739,759,6740,2026-01-29 12:00:00
6740,767,6741,2026-01-29 12:00:00
6741,769,6742,2026-01-29 12:00:00
6742,772,6743,2026-01-29 12:00:00
6743,781,6744,2026-01-29 12:00:00
6744,784,6745,2026-01-29 12:00:00
6745,790,6746,2026-01-29 12:00:00
6746,795,6747,2026-01-29 12:00:00
6747,800,6748,2026-01-29 12:00:00
6748,805,6749,2026-01-29 12:00:00
6749,811,6750,2026-01-29 12:00:00
6750,812,6751,2026-01-29 12:00:00
6751,813,6752,2026-01-29 12:00:00
6752,817,6753,2026-01-29 12:00:00
6753,819,6754,2026-01-29 12:00:00
6754,820,6755,2026-01-29 12:00:00
6755,821,6756,2026-01-29 12:00:00
6756,825,6757,2026-01-29 12:00:00
6757,830,6758,2026-01-29 12:00:00
6758,835,6759,2026-01-29 12:00:00
6759,838,6760,2026-01-29 12:00:00
6760,841,6761,2026-01-29 12:00:00
6761,848,6762,2026-01-29 12:00:00
6762,860,6763,2026-01-29 12:00:00
6763,868,6764,2026-01-29 12:00:00
6764,871,6765,2026-01-29 12:00:00
6765,872,6766,2026-01-29 12:00:00
6766,877,6767,2026-01-29 12:00:00
6767,879,6768,2026-01-29 12:00:00
6768,880,6769,2026-01-29 12:00:00
6769,885,6770,2026-01-29 12:00:00
6770,887,6771,2026-01-29 12:00:00
6771,890,6772,2026-01-29 12:00:00
6772,898,6773,2026-01-29 12:00:00
6773,901,6774,2026-01-29 12:00:00
6774,903,6775,2026-01-29 12:00:00
6775,905,6776,2026-01-29 12:00:00
6776,911,6777,2026-01-29 12:00:00
6777,933,6778,2026-01-29 12:00:00
6778,941,6779,2026-01-29 12:00:00
6779,943,6780,2026-01-29 12:00:00
6780,946,6781,2026-01-29 12:00:00
6781,947,6782,2026-01-29 12:00:00
6782,948,6783,2026-01-29 12:00:00
6783,952,6784,2026-01-29 12:00:00
6784,953,6785,2026-01-29 12:00:00
6785,955,6786,2026-01-29 12:00:00
6786,956,6787,2026-01-29 12:00:00
6787,965,6788,2026-01-29 12:00:00
6788,971,6789,2026-01-29 12:00:00
6789,973,6790,2026-01-29 12:00:00
6790,975,6791,2026-01-29 12:00:00
6791,986,6792,2026-01-29 12:00:00
6792,993,6793,2026-01-29 12:00:00
6793,997,6794,2026-01-29 12:00:00
6794,999,6795,2026-01-29 12:00:00
6795,1005,6796,2026-01-29 12:00:00
6796,1008,6797,2026-01-29 12:00:00
6797,1013,6798,2026-01-29 12:00:00
6798,1014,6799,2026-01-29 12:00:00
6799,1018,6800,2026-01-29 12:00:00
6800,1020,6801,2026-01-29 12:00:00
6801,1027,6802,2026-01-29 12:00:00
6802,1029,6803,2026-01-29 12:00:00
6803,1033,6804,2026-01-29 12:00:00
6804,1038,6805,2026-01-29 12:00:00
6805,1044,6806,2026-01-29 12:00:00
6806,1046,6807,2026-01-29 12:00:00
6807,1051,6808,2026-01-29 12:00:00
6808,1052,6809,2026-01-29 12:00:00
6809,1062,6810,2026-01-29 12:00:00
6810,1089,6811,2026-01-29 12:00:00
6811,1093,6812,2026-01-29 12:00:00
6812,1094,6813,2026-01-29 12:00:00
6813,1098,6814,2026-01-29 12:00:00
6814,1099,6815,2026-01-29 12:00:00
6815,1107,6816,2026-01-29 12:00:00
6816,1113,6817,2026-01-29 12:00:00
6817,1115,6818,2026-01-29 12:00:00
6818,1132,6819,2026-01-29 12:00:00
6819,1134,6820,2026-01-29 12:00:00
6820,1136,6821,2026-01-29 12:00:00
6821,1137,6822,2026-01-29 12:00:00
6822,1147,6823,2026-01-29 12:00:00
6823,1148,6824,2026-01-29 12:00:00
6824,1154,6825,2026-01-29 12:00:00
6825,1158,6826,2026-01-29 12:00:00
6826,1167,6827,2026-01-29 12:00:00
6827,1175,6828,2026-01-29 12:00:00
6828,1181,6829,2026-01-29 12:00:00
6829,1182,6830,2026-01-29 12:00:00
6830,1184,6831,2026-01-29 12:00:00
6831,1185,6832,2026-01-29 12:00:00
6832,1195,6833,2026-01-29 12:00:00
6833,1202,6834,2026-01-29 12:00:00
6834,1206,6835,2026-01-29 12:00:00
6835,1207,6836,2026-01-29 12:00:00
6836,1222,6837,2026-01-29 12:00:00
6837,1240,6838,2026-01-29 12:00:00
6838,1243,6839,2026-01-29 12:00:00
6839,1245,6840,2026-01-29 12:00:00
6840,1248,6841,2026-01-29 12:00:00
6841,1254,6842,2026-01-29 12:00:00
6842,1262,6843,2026-01-29 12:00:00
6843,1265,6844,2026-01-29 12:00:00
6844,1273,6845,2026-01-29 12:00:00
6845,1279,6846,2026-01-29 12:00:00
6846,1289,6847,2026-01-29 12:00:00
6847,1303,6848,2026-01-29 12:00:00
6848,1317,6849,2026-01-29 12:00:00
6849,1319,6850,2026-01-29 12:00:00
6850,1325,6851,2026-01-29 12:00:00
6851,1329,6852,2026-01-29 12:00:00
6852,1349,6853,2026-01-29 12:00:00
6853,1354,6854,2026-01-29 12:00:00
6854,1355,6855,2026-01-29 12:00:00
6855,1364,6856,2026-01-29 12:00:00
6856,1365,6857,2026-01-29 12:00:00
6857,1368,6858,2026-01-29 12:00:00
6858,1369,6859,2026-01-29 12:00:00
6859,1371,6860,2026-01-29 12:00:00
6860,1374,6861,2026-01-29 12:00:00
6861,1378,6862,2026-01-29 12:00:00
6862,1379,6863,2026-01-29 12:00:00
6863,1396,6864,2026-01-29 12:00:00
6864,1,6865,2026-01-30 12:00:00
6865,2,6866,2026-01-30 12:00:00
6866,3,6867,2026-01-30 12:00:00
6867,4,6868,2026-01-30 12:00:00
6868,5,6869,2026-01-30 12:00:00
6869,10,6870,2026-01-30 12:00:00
6870,16,6871,2026-01-30 12:00:00
6871,21,6872,2026-01-30 12:00:00
6872,25,6873,2026-01-30 12:00:00
6873,30,6874,2026-01-30 12:00:00
6874,32,6875,2026-01-30 12:00:00
6875,38,6876,2026-01-30 12:00:00
6876,41,6877,2026-01-30 12:00:00
6877,45,6878,2026-01-30 12:00:00
6878,54,6879,2026-01-30 12:00:00
6879,58,6880,2026-01-30 12:00:00
6880,66,6881,2026-01-30 12:00:00
6881,70,6882,2026-01-30 12:00:00
6882,73,6883,2026-01-30 12:00:00
6883,88,6884,2026-01-30 12:00:00
6884,89,6885,2026-01-30 12:00:00
6885,102,6886,2026-01-30 12:00:00
6886,111,6887,2026-01-30 12:00:00
6887,112,6888,2026-01-30 12:00:00
6888,126,6889,2026-01-30 12:00:00
6889,129,6890,2026-01-30 12:00:00
6890,131,6891,2026-01-30 12:00:00
6891,136,6892,2026-01-30 12:00:00
6892,139,6893,2026-01-30 12:00:00
6893,143,6894,2026-01-30 12:00:00
6894,144,6895,2026-01-30 12:00:00
6895,145,6896,2026-01-30 12:00:00
6896,149,6897,2026-01-30 12:00:00
6897,150,6898,2026-01-30 12:00:00
6898,154,6899,2026-01-30 12:00:00
6899,159,6900,2026-01-30 12:00:00
6900,164,6901,2026-01-30 12:00:00
6901,168,6902,2026-01-30 12:00:00
6902,170,6903,2026-01-30 12:00:00
6903,181,6904,2026-01-30 12:00:00
6904,184,6905,2026-01-30 12:00:00
6905,188,6906,2026-01-30 12:00:00
6906,190,6907,2026-01-30 12:00:00
6907,196,6908,2026-01-30 12:00:00
6908,206,6909,2026-01-30 12:00:00
6909,211,6910,2026-01-30 12:00:00
6910,212,6911,2026-01-30 12:00:00
6911,226,6912,2026-01-30 12:00:00
6912,229,6913,2026-01-30 12:00:00
6913,234,6914,2026-01-30 12:00:00
6914,238,6915,2026-01-30 12:00:00
6915,241,6916,2026-01-30 12:00:00
6916,251,6917,2026-01-30 12:00:00
6917,259,6918,2026-01-30 12:00:00
6918,263,6919,2026-01-30 12:00:00
6919,265,6920,2026-01-30 12:00:00
6920,266,6921,2026-01-30 12:00:00
6921,270,6922,2026-01-30 12:00:00
6922,272,6923,2026-01-30 12:00:00
6923,275,6924,2026-01-30 12:00:00
6924,281,6925,2026-01-30 12:00:00
6925,286,6926,2026-01-30 12:00:00
6926,292,6927,2026-01-30 12:00:00
6927,293,6928,2026-01-30 12:00:00
6928,303,6929,2026-01-30 12:00:00
6929,304,6930,2026-01-30 12:00:00
6930,306,6931,2026-01-30 12:00:00
6931,307,6932,2026-01-30 12:00:00
6932,308,6933,2026-01-30 12:00:00
6933,313,6934,2026-01-30 12:00:00
6934,316,6935,2026-01-30 12:00:00
6935,322,6936,2026-01-30 12:00:00
6936,324,6937,2026-01-30 12:00:00
6937,326,6938,2026-01-30 12:00:00
6938,336,6939,2026-01-30 12:00:00
6939,344,6940,2026-01-30 12:00:00
6940,345,6941,2026-01-30 12:00:00
6941,352,6942,2026-01-30 12:00:00
6942,366,6943,2026-01-30 12:00:00
6943,373,6944,2026-01-30 12:00:00
6944,385,6945,2026-01-30 12:00:00
6945,388,6946,2026-01-30 12:00:00
6946,389,6947,2026-01-30 12:00:00
6947,390,6948,2026-01-30 12:00:00
6948,392,6949,2026-01-30 12:00:00
6949,394,6950,2026-01-30 12:00:00
6950,396,6951,2026-01-30 12:00:00
6951,401,6952,2026-01-30 12:00:00
6952,403,6953,2026-01-30 12:00:00
6953,408,6954,2026-01-30 12:00:00
6954,409,6955,2026-01-30 12:00:00
6955,414,6956,2026-01-30 12:00:00
6956,418,6957,2026-01-30 12:00:00
6957,419,6958,2026-01-30 12:00:00
6958,420,6959,2026-01-30 12:00:00
6959,421,6960,2026-01-30 12:00:00
6960,425,6961,2026-01-30 12:00:00
6961,427,6962,2026-01-30 12:00:00
6962,432,6963,2026-01-30 12:00:00
6963,441,6964,2026-01-30 12:00:00
6964,448,6965,2026-01-30 12:00:00
6965,451,6966,2026-01-30 12:00:00
6966,452,6967,2026-01-30 12:00:00
6967,454,6968,2026-01-30 12:00:00
6968,459,6969,2026-01-30 12:00:00
6969,461,6970,2026-01-30 12:00:00
6970,475,6971,2026-01-30 12:00:00
6971,478,6972,2026-01-30 12:00:00
6972,483,6973,2026-01-30 12:00:00
6973,485,6974,2026-01-30 12:00:00
6974,501,6975,2026-01-30 12:00:00
6975,507,6976,2026-01-30 12:00:00
6976,522,6977,2026-01-30 12:00:00
6977,531,6978,2026-01-30 12:00:00
6978,536,6979,2026-01-30 12:00:00
6979,545,6980,2026-01-30 12:00:00
6980,551,6981,2026-01-30 12:00:00
6981,555,6982,2026-01-30 12:00:00
6982,557,6983,2026-01-30 12:00:00
6983,560,6984,2026-01-30 12:00:00
6984,562,6985,2026-01-30 12:00:00
6985,570,6986,2026-01-30 12:00:00
6986,576,6987,2026-01-30 12:00:00
6987,578,6988,2026-01-30 12:00:00
6988,586,6989,2026-01-30 12:00:00
6989,595,6990,2026-01-30 12:00:00
6990,605,6991,2026-01-30 12:00:00
6991,621,6992,2026-01-30 12:00:00
6992,626,6993,2026-01-30 12:00:00
6993,629,6994,2026-01-30 12:00:00
6994,639,6995,2026-01-30 12:00:00
6995,644,6996,2026-01-30 12:00:00
6996,646,6997,2026-01-30 12:00:00
6997,650,6998,2026-01-30 12:00:00
6998,657,6999,2026-01-30 12:00:00
6999,658,7000,2026-01-30 12:00:00
7000,667,7001,2026-01-30 12:00:00
7001,676,7002,2026-01-30 12:00:00
7002,677,7003,2026-01-30 12:00:00
7003,682,7004,2026-01-30 12:00:00
7004,686,7005,2026-01-30 12:00:00
7005,687,7006,2026-01-30 12:00:00
7006,689,7007,2026-01-30 12:00:00
7007,692,7008,2026-01-30 12:00:00
7008,696,7009,2026-01-30 12:00:00
7009,698,7010,2026-01-30 12:00:00
7010,703,7011,2026-01-30 12:00:00
7011,711,7012,2026-01-30 12:00:00
7012,712,7013,2026-01-30 12:00:00
7013,717,7014,2026-01-30 12:00:00
7014,721,7015,2026-01-30 12:00:00
7015,722,7016,2026-01-30 12:00:00
7016,728,7017,2026-01-30 12:00:00
7017,729,7018,2026-01-30 12:00:00
7018,732,7019,2026-01-30 12:00:00
7019,735,7020,2026-01-30 12:00:00
7020,738,7021,2026-01-30 12:00:00
7021,741,7022,2026-01-30 12:00:00
7022,742,7023,2026-01-30 12:00:00
7023,743,7024,2026-01-30 12:00:00
7024,756,7025,2026-01-30 12:00:00
7025,758,7026,2026-01-30 12:00:00
7026,763,7027,2026-01-30 12:00:00
7027,764,7028,2026-01-30 12:00:00
7028,777,7029,2026-01-30 12:00:00
7029,779,7030,2026-01-30 12:00:00
7030,783,7031,2026-01-30 12:00:00
7031,788,7032,2026-01-30 12:00:00
7032,791,7033,2026-01-30 12:00:00
7033,798,7034,2026-01-30 12:00:00
7034,800,7035,2026-01-30 12:00:00
7035,801,7036,2026-01-30 12:00:00
7036,803,7037,2026-01-30 12:00:00
7037,813,7038,2026-01-30 12:00:00
7038,814,7039,2026-01-30 12:00:00
7039,817,7040,2026-01-30 12:00:00
7040,818,7041,2026-01-30 12:00:00
7041,839,7042,2026-01-30 12:00:00
7042,840,7043,2026-01-30 12:00:00
7043,841,7044,2026-01-30 12:00:00
7044,846,7045,2026-01-30 12:00:00
7045,848,7046,2026-01-30 12:00:00
7046,849,7047,2026-01-30 12:00:00
7047,863,7048,2026-01-30 12:00:00
7048,867,7049,2026-01-30 12:00:00
7049,870,7050,2026-01-30 12:00:00
7050,871,7051,2026-01-30 12:00:00
7051,875,7052,2026-01-30 12:00:00
7052,880,7053,2026-01-30 12:00:00
7053,884,7054,2026-01-30 12:00:00
7054,887,7055,2026-01-30 12:00:00
7055,890,7056,2026-01-30 12:00:00
7056,891,7057,2026-01-30 12:00:00
7057,894,7058,2026-01-30 12:00:00
7058,902,7059,2026-01-30 12:00:00
7059,907,7060,2026-01-30 12:00:00
7060,917,7061,2026-01-30 12:00:00
7061,918,7062,2026-01-30 12:00:00
7062,942,7063,2026-01-30 12:00:00
7063,949,7064,2026-01-30 12:00:00
7064,952,7065,2026-01-30 12:00:00
7065,954,7066,2026-01-30 12:00:00
7066,956,7067,2026-01-30 12:00:00
7067,966,7068,2026-01-30 12:00:00
7068,968,7069,2026-01-30 12:00:00
7069,980,7070,2026-01-30 12:00:00
7070,983,7071,2026-01-30 12:00:00
7071,994,7072,2026-01-30 12:00:00
7072,995,7073,2026-01-30 12:00:00
7073,1001,7074,2026-01-30 12:00:00
7074,1018,7075,2026-01-30 12:00:00
7075,1025,7076,2026-01-30 12:00:00
7076,1035,7077,2026-01-30 12:00:00
7077,1036,7078,2026-01-30 12:00:00
7078,1039,7079,2026-01-30 12:00:00
7079,1040,7080,2026-01-30 12:00:00
7080,1046,7081,2026-01-30 12:00:00
7081,1047,7082,2026-01-30 12:00:00
7082,1049,7083,2026-01-30 12:00:00
7083,1057,7084,2026-01-30 12:00:00
7084,1065,7085,2026-01-30 12:00:00
7085,1072,7086,2026-01-30 12:00:00
7086,1075,7087,2026-01-30 12:00:00
7087,1080,7088,2026-01-30 12:00:00
7088,1095,7089,2026-01-30 12:00:00
7089,1103,7090,2026-01-30 12:00:00
7090,1114,7091,2026-01-30 12:00:00
7091,1119,7092,2026-01-30 12:00:00
7092,1121,7093,2026-01-30 12:00:00
7093,1122,7094,2026-01-30 12:00:00
7094,1125,7095,2026-01-30 12:00:00
7095,1129,7096,2026-01-30 12:00:00
7096,1133,7097,2026-01-30 12:00:00
7097,1134,7098,2026-01-30 12:00:00
7098,1140,7099,2026-01-30 12:00:00
7099,1142,7100,2026-01-30 12:00:00
7100,1154,7101,2026-01-30 12:00:00
7101,1161,7102,2026-01-30 12:00:00
7102,1163,7103,2026-01-30 12:00:00
7103,1165,7104,2026-01-30 12:00:00
7104,1166,7105,2026-01-30 12:00:00
7105,1182,7106,2026-01-30 12:00:00
7106,1189,7107,2026-01-30 12:00:00
7107,1206,7108,2026-01-30 12:00:00
7108,1208,7109,2026-01-30 12:00:00
7109,1211,7110,2026-01-30 12:00:00
7110,1213,7111,2026-01-30 12:00:00
7111,1226,7112,2026-01-30 12:00:00
7112,1230,7113,2026-01-30 12:00:00
7113,1232,7114,2026-01-30 12:00:00
7114,1237,7115,2026-01-30 12:00:00
7115,1245,7116,2026-01-30 12:00:00
7116,1247,7117,2026-01-30 12:00:00
7117,1249,7118,2026-01-30 12:00:00
7118,1254,7119,2026-01-30 12:00:00
7119,1255,7120,2026-01-30 12:00:00
7120,1259,7121,2026-01-30 12:00:00
7121,1283,7122,2026-01-30 12:00:00
7122,1285,7123,2026-01-30 12:00:00
7123,1306,7124,2026-01-30 12:00:00
7124,1307,7125,2026-01-30 12:00:00
7125,1315,7126,2026-01-30 12:00:00
7126,1316,7127,2026-01-30 12:00:00
7127,1327,7128,2026-01-30 12:00:00
7128,1328,7129,2026-01-30 12:00:00
7129,1332,7130,2026-01-30 12:00:00
7130,1341,7131,2026-01-30 12:00:00
7131,1346,7132,2026-01-30 12:00:00
7132,1351,7133,2026-01-30 12:00:00
7133,1356,7134,2026-01-30 12:00:00
7134,1358,7135,2026-01-30 12:00:00
7135,1359,7136,2026-01-30 12:00:00
7136,1360,7137,2026-01-30 12:00:00
7137,1372,7138,2026-01-30 12:00:00
7138,1373,7139,2026-01-30 12:00:00
7139,1375,7140,2026-01-30 12:00:00
7140,1378,7141,2026-01-30 12:00:00
7141,1379,7142,2026-01-30 12:00:00
7142,1387,7143,2026-01-30 12:00:00
7143,1400,7144,2026-01-30 12:00:00
7144,1403,7145,2026-01-30 12:00:00
7145,1404,7146,2026-01-30 12:00:00
7146,1405,7147,2026-01-30 12:00:00
7147,1409,7148,2026-01-30 12:00:00
7148,1411,7149,2026-01-30 12:00:00
7149,1,7150,2026-01-31 12:00:00
7150,4,7151,2026-01-31 12:00:00
7151,5,7152,2026-01-31 12:00:00
7152,12,7153,2026-01-31 12:00:00
7153,28,7154,2026-01-31 12:00:00
7154,29,7155,2026-01-31 12:00:00
7155,34,7156,2026-01-31 12:00:00
7156,41,7157,2026-01-31 12:00:00
7157,51,7158,2026-01-31 12:00:00
7158,56,7159,2026-01-31 12:00:00
7159,59,7160,2026-01-31 12:00:00
7160,61,7161,2026-01-31 12:00:00
7161,63,7162,2026-01-31 12:00:00
7162,69,7163,2026-01-31 12:00:00
7163,71,7164,2026-01-31 12:00:00
7164,76,7165,2026-01-31 12:00:00
7165,78,7166,2026-01-31 12:00:00
7166,80,7167,2026-01-31 12:00:00
7167,85,7168,2026-01-31 12:00:00
7168,101,7169,2026-01-31 12:00:00
7169,112,7170,2026-01-31 12:00:00
7170,116,7171,2026-01-31 12:00:00
7171,118,7172,2026-01-31 12:00:00
7172,125,7173,2026-01-31 12:00:00
7173,127,7174,2026-01-31 12:00:00
7174,129,7175,2026-01-31 12:00:00
7175,133,7176,2026-01-31 12:00:00
7176,137,7177,2026-01-31 12:00:00
7177,142,7178,2026-01-31 12:00:00
7178,147,7179,2026-01-31 12:00:00
7179,148,7180,2026-01-31 12:00:00
7180,152,7181,2026-01-31 12:00:00
7181,157,7182,2026-01-31 12:00:00
7182,159,7183,2026-01-31 12:00:00
7183,163,7184,2026-01-31 12:00:00
7184,172,7185,2026-01-31 12:00:00
7185,179,7186,2026-01-31 12:00:00
7186,181,7187,2026-01-31 12:00:00
7187,184,7188,2026-01-31 12:00:00
7188,185,7189,2026-01-31 12:00:00
7189,186,7190,2026-01-31 12:00:00
7190,193,7191,2026-01-31 12:00:00
7191,194,7192,2026-01-31 12:00:00
7192,201,7193,2026-01-31 12:00:00
7193,214,7194,2026-01-31 12:00:00
7194,227,7195,2026-01-31 12:00:00
7195,228,7196,2026-01-31 12:00:00
7196,230,7197,2026-01-31 12:00:00
7197,241,7198,2026-01-31 12:00:00
7198,248,7199,2026-01-31 12:00:00
7199,249,7200,2026-01-31 12:00:00
7200,254,7201,2026-01-31 12:00:00
7201,258,7202,2026-01-31 12:00:00
7202,260,7203,2026-01-31 12:00:00
7203,269,7204,2026-01-31 12:00:00
7204,275,7205,2026-01-31 12:00:00
7205,276,7206,2026-01-31 12:00:00
7206,280,7207,2026-01-31 12:00:00
7207,286,7208,2026-01-31 12:00:00
7208,289,7209,2026-01-31 12:00:00
7209,293,7210,2026-01-31 12:00:00
7210,296,7211,2026-01-31 12:00:00
7211,297,7212,2026-01-31 12:00:00
7212,299,7213,2026-01-31 12:00:00
7213,302,7214,2026-01-31 12:00:00
7214,303,7215,2026-01-31 12:00:00
7215,310,7216,2026-01-31 12:00:00
7216,321,7217,2026-01-31 12:00:00
7217,322,7218,2026-01-31 12:00:00
7218,329,7219,2026-01-31 12:00:00
7219,331,7220,2026-01-31 12:00:00
7220,334,7221,2026-01-31 12:00:00
7221,336,7222,2026-01-31 12:00:00
7222,345,7223,2026-01-31 12:00:00
7223,346,7224,2026-01-31 12:00:00
7224,354,7225,2026-01-31 12:00:00
7225,355,7226,2026-01-31 12:00:00
7226,358,7227,2026-01-31 12:00:00
7227,363,7228,2026-01-31 12:00:00
7228,365,7229,2026-01-31 12:00:00
7229,376,7230,2026-01-31 12:00:00
7230,378,7231,2026-01-31 12:00:00
7231,383,7232,2026-01-31 12:00:00
7232,386,7233,2026-01-31 12:00:00
7233,407,7234,2026-01-31 12:00:00
7234,413,7235,2026-01-31 12:00:00
7235,423,7236,2026-01-31 12:00:00
7236,427,7237,2026-01-31 12:00:00
7237,429,7238,2026-01-31 12:00:00
7238,430,7239,2026-01-31 12:00:00
7239,442,7240,2026-01-31 12:00:00
7240,448,7241,2026-01-31 12:00:00
7241,451,7242,2026-01-31 12:00:00
7242,453,7243,2026-01-31 12:00:00
7243,457,7244,2026-01-31 12:00:00
7244,459,7245,2026-01-31 12:00:00
7245,461,7246,2026-01-31 12:00:00
7246,472,7247,2026-01-31 12:00:00
7247,478,7248,2026-01-31 12:00:00
7248,480,7249,2026-01-31 12:00:00
7249,481,7250,2026-01-31 12:00:00
7250,485,7251,2026-01-31 12:00:00
7251,487,7252,2026-01-31 12:00:00
7252,495,7253,2026-01-31 12:00:00
7253,498,7254,2026-01-31 12:00:00
7254,502,7255,2026-01-31 12:00:00
7255,505,7256,2026-01-31 12:00:00
7256,507,7257,2026-01-31 12:00:00
7257,509,7258,2026-01-31 12:00:00
7258,521,7259,2026-01-31 12:00:00
7259,522,7260,2026-01-31 12:00:00
7260,525,7261,2026-01-31 12:00:00
7261,527,7262,2026-01-31 12:00:00
7262,529,7263,2026-01-31 12:00:00
7263,535,7264,2026-01-31 12:00:00
7264,542,7265,2026-01-31 12:00:00
7265,545,7266,2026-01-31 12:00:00
7266,548,7267,2026-01-31 12:00:00
7267,550,7268,2026-01-31 12:00:00
7268,551,7269,2026-01-31 12:00:00
7269,552,7270,2026-01-31 12:00:00
7270,556,7271,2026-01-31 12:00:00
7271,557,7272,2026-01-31 12:00:00
7272,558,7273,2026-01-31 12:00:00
7273,559,7274,2026-01-31 12:00:00
7274,563,7275,2026-01-31 12:00:00
7275,565,7276,2026-01-31 12:00:00
7276,566,7277,2026-01-31 12:00:00
7277,567,7278,2026-01-31 12:00:00
7278,568,7279,2026-01-31 12:00:00
7279,569,7280,2026-01-31 12:00:00
7280,571,7281,2026-01-31 12:00:00
7281,572,7282,2026-01-31 12:00:00
7282,596,7283,2026-01-31 12:00:00
7283,603,7284,2026-01-31 12:00:00
7284,606,7285,2026-01-31 12:00:00
7285,612,7286,2026-01-31 12:00:00
7286,615,7287,2026-01-31 12:00:00
7287,619,7288,2026-01-31 12:00:00
7288,624,7289,2026-01-31 12:00:00
7289,626,7290,2026-01-31 12:00:00
7290,629,7291,2026-01-31 12:00:00
7291,631,7292,2026-01-31 12:00:00
7292,632,7293,2026-01-31 12:00:00
7293,635,7294,2026-01-31 12:00:00
7294,639,7295,2026-01-31 12:00:00
7295,644,7296,2026-01-31 12:00:00
7296,645,7297,2026-01-31 12:00:00
7297,647,7298,2026-01-31 12:00:00
7298,655,7299,2026-01-31 12:00:00
7299,657,7300,2026-01-31 12:00:00
7300,666,7301,2026-01-31 12:00:00
7301,667,7302,2026-01-31 12:00:00
7302,677,7303,2026-01-31 12:00:00
7303,678,7304,2026-01-31 12:00:00
7304,686,7305,2026-01-31 12:00:00
7305,692,7306,2026-01-31 12:00:00
7306,693,7307,2026-01-31 12:00:00
7307,696,7308,2026-01-31 12:00:00
7308,702,7309,2026-01-31 12:00:00
7309,703,7310,2026-01-31 12:00:00
7310,709,7311,2026-01-31 12:00:00
7311,713,7312,2026-01-31 12:00:00
7312,715,7313,2026-01-31 12:00:00
7313,718,7314,2026-01-31 12:00:00
7314,721,7315,2026-01-31 12:00:00
7315,722,7316,2026-01-31 12:00:00
7316,725,7317,2026-01-31 12:00:00
7317,731,7318,2026-01-31 12:00:00
7318,742,7319,2026-01-31 12:00:00
7319,747,7320,2026-01-31 12:00:00
7320,762,7321,2026-01-31 12:00:00
7321,764,7322,2026-01-31 12:00:00
7322,766,7323,2026-01-31 12:00:00
7323,772,7324,2026-01-31 12:00:00
7324,788,7325,2026-01-31 12:00:00
7325,812,7326,2026-01-31 12:00:00
7326,816,7327,2026-01-31 12:00:00
7327,818,7328,2026-01-31 12:00:00
7328,821,7329,2026-01-31 12:00:00
7329,825,7330,2026-01-31 12:00:00
7330,828,7331,2026-01-31 12:00:00
7331,830,7332,2026-01-31 12:00:00
7332,833,7333,2026-01-31 12:00:00
7333,835,7334,2026-01-31 12:00:00
7334,846,7335,2026-01-31 12:00:00
7335,850,7336,2026-01-31 12:00:00
7336,854,7337,2026-01-31 12:00:00
7337,862,7338,2026-01-31 12:00:00
7338,866,7339,2026-01-31 12:00:00
7339,869,7340,2026-01-31 12:00:00
7340,871,7341,2026-01-31 12:00:00
7341,876,7342,2026-01-31 12:00:00
7342,881,7343,2026-01-31 12:00:00
7343,896,7344,2026-01-31 12:00:00
7344,912,7345,2026-01-31 12:00:00
7345,914,7346,2026-01-31 12:00:00
7346,920,7347,2026-01-31 12:00:00
7347,921,7348,2026-01-31 12:00:00
7348,925,7349,2026-01-31 12:00:00
7349,928,7350,2026-01-31 12:00:00
7350,931,7351,2026-01-31 12:00:00
7351,932,7352,2026-01-31 12:00:00
7352,937,7353,2026-01-31 12:00:00
7353,941,7354,2026-01-31 12:00:00
7354,961,7355,2026-01-31 12:00:00
7355,965,7356,2026-01-31 12:00:00
7356,966,7357,2026-01-31 12:00:00
7357,968,7358,2026-01-31 12:00:00
7358,970,7359,2026-01-31 12:00:00
7359,975,7360,2026-01-31 12:00:00
7360,985,7361,2026-01-31 12:00:00
7361,988,7362,2026-01-31 12:00:00
7362,989,7363,2026-01-31 12:00:00
7363,1005,7364,2026-01-31 12:00:00
7364,1007,7365,2026-01-31 12:00:00
7365,1011,7366,2026-01-31 12:00:00
7366,1016,7367,2026-01-31 12:00:00
7367,1017,7368,2026-01-31 12:00:00
7368,1025,7369,2026-01-31 12:00:00
7369,1029,7370,2026-01-31 12:00:00
7370,1035,7371,2026-01-31 12:00:00
7371,1037,7372,2026-01-31 12:00:00
7372,1052,7373,2026-01-31 12:00:00
7373,1057,7374,2026-01-31 12:00:00
7374,1058,7375,2026-01-31 12:00:00
7375,1060,7376,2026-01-31 12:00:00
7376,1062,7377,2026-01-31 12:00:00
7377,1070,7378,2026-01-31 12:00:00
7378,1083,7379,2026-01-31 12:00:00
7379,1085,7380,2026-01-31 12:00:00
7380,1089,7381,2026-01-31 12:00:00
7381,1091,7382,2026-01-31 12:00:00
7382,1094,7383,2026-01-31 12:00:00
7383,1096,7384,2026-01-31 12:00:00
7384,1098,7385,2026-01-31 12:00:00
7385,1101,7386,2026-01-31 12:00:00
7386,1102,7387,2026-01-31 12:00:00
7387,1103,7388,2026-01-31 12:00:00
7388,1106,7389,2026-01-31 12:00:00
7389,1107,7390,2026-01-31 12:00:00
7390,1109,7391,2026-01-31 12:00:00
7391,1115,7392,2026-01-31 12:00:00
7392,1120,7393,2026-01-31 12:00:00
7393,1121,7394,2026-01-31 12:00:00
7394,1123,7395,2026-01-31 12:00:00
7395,1124,7396,2026-01-31 12:00:00
7396,1129,7397,2026-01-31 12:00:00
7397,1134,7398,2026-01-31 12:00:00
7398,1140,7399,2026-01-31 12:00:00
7399,1149,7400,2026-01-31 12:00:00
7400,1154,7401,2026-01-31 12:00:00
7401,1155,7402,2026-01-31 12:00:00
7402,1162,7403,2026-01-31 12:00:00
7403,1163,7404,2026-01-31 12:00:00
7404,1179,7405,2026-01-31 12:00:00
7405,1180,7406,2026-01-31 12:00:00
7406,1188,7407,2026-01-31 12:00:00
7407,1193,7408,2026-01-31 12:00:00
7408,1197,7409,2026-01-31 12:00:00
7409,1198,7410,2026-01-31 12:00:00
7410,1203,7411,2026-01-31 12:00:00
7411,1208,7412,2026-01-31 12:00:00
7412,1209,7413,2026-01-31 12:00:00
7413,1226,7414,2026-01-31 12:00:00
7414,1233,7415,2026-01-31 12:00:00
7415,1238,7416,2026-01-31 12:00:00
7416,1239,7417,2026-01-31 12:00:00
7417,1247,7418,2026-01-31 12:00:00
7418,1255,7419,2026-01-31 12:00:00
7419,1257,7420,2026-01-31 12:00:00
7420,1265,7421,2026-01-31 12:00:00
7421,1268,7422,2026-01-31 12:00:00
7422,1277,7423,2026-01-31 12:00:00
7423,1287,7424,2026-01-31 12:00:00
7424,1288,7425,2026-01-31 12:00:00
7425,1298,7426,2026-01-31 12:00:00
7426,1299,7427,2026-01-31 12:00:00
7427,1305,7428,2026-01-31 12:00:00
7428,1308,7429,2026-01-31 12:00:00
7429,1310,7430,2026-01-31 12:00:00
7430,1313,7431,2026-01-31 12:00:00
7431,1321,7432,2026-01-31 12:00:00
7432,1322,7433,2026-01-31 12:00:00
7433,1336,7434,2026-01-31 12:00:00
7434,1341,7435,2026-01-31 12:00:00
7435,1342,7436,2026-01-31 12:00:00
7436,1343,7437,2026-01-31 12:00:00
7437,1347,7438,2026-01-31 12:00:00
7438,1364,7439,2026-01-31 12:00:00
7439,1366,7440,2026-01-31 12:00:00
7440,1371,7441,2026-01-31 12:00:00
7441,1376,7442,2026-01-31 12:00:00
7442,1377,7443,2026-01-31 12:00:00
7443,1399,7444,2026-01-31 12:00:00
7444,1400,7445,2026-01-31 12:00:00
7445,1407,7446,2026-01-31 12:00:00
7446,1431,7447,2026-01-31 12:00:00
7447,2,7448,2026-02-01 12:00:00
7448,5,7449,2026-02-01 12:00:00
7449,8,7450,2026-02-01 12:00:00
7450,10,7451,2026-02-01 12:00:00
7451,18,7452,2026-02-01 12:00:00
7452,19,7453,2026-02-01 12:00:00
7453,21,7454,2026-02-01 12:00:00
7454,25,7455,2026-02-01 12:00:00
7455,26,7456,2026-02-01 12:00:00
7456,30,7457,2026-02-01 12:00:00
7457,36,7458,2026-02-01 12:00:00
7458,45,7459,2026-02-01 12:00:00
7459,49,7460,2026-02-01 12:00:00
7460,61,7461,2026-02-01 12:00:00
7461,66,7462,2026-02-01 12:00:00
7462,74,7463,2026-02-01 12:00:00
7463,78,7464,2026-02-01 12:00:00
7464,79,7465,2026-02-01 12:00:00
7465,88,7466,2026-02-01 12:00:00
7466,91,7467,2026-02-01 12:00:00
7467,92,7468,2026-02-01 12:00:00
7468,97,7469,2026-02-01 12:00:00
7469,105,7470,2026-02-01 12:00:00
7470,111,7471,2026-02-01 12:00:00
7471,116,7472,2026-02-01 12:00:00
7472,123,7473,2026-02-01 12:00:00
7473,124,7474,2026-02-01 12:00:00
7474,131,7475,2026-02-01 12:00:00
7475,135,7476,2026-02-01 12:00:00
7476,143,7477,2026-02-01 12:00:00
7477,144,7478,2026-02-01 12:00:00
7478,145,7479,2026-02-01 12:00:00
7479,146,7480,2026-02-01 12:00:00
7480,158,7481,2026-02-01 12:00:00
7481,160,7482,2026-02-01 12:00:00
7482,166,7483,2026-02-01 12:00:00
7483,167,7484,2026-02-01 12:00:00
7484,172,7485,2026-02-01 12:00:00
7485,173,7486,2026-02-01 12:00:00
7486,174,7487,2026-02-01 12:00:00
7487,175,7488,2026-02-01 12:00:00
7488,178,7489,2026-02-01 12:00:00
7489,196,7490,2026-02-01 12:00:00
7490,202,7491,2026-02-01 12:00:00
7491,203,7492,2026-02-01 12:00:00
7492,209,7493,2026-02-01 12:00:00
7493,211,7494,2026-02-01 12:00:00
7494,229,7495,2026-02-01 12:00:00
7495,237,7496,2026-02-01 12:00:00
7496,238,7497,2026-02-01 12:00:00
7497,243,7498,2026-02-01 12:00:00
7498,245,7499,2026-02-01 12:00:00
7499,251,7500,2026-02-01 12:00:00
7500,256,7501,2026-02-01 12:00:00
7501,260,7502,2026-02-01 12:00:00
7502,265,7503,2026-02-01 12:00:00
7503,268,7504,2026-02-01 12:00:00
7504,274,7505,2026-02-01 12:00:00
7505,275,7506,2026-02-01 12:00:00
7506,277,7507,2026-02-01 12:00:00
7507,279,7508,2026-02-01 12:00:00
7508,281,7509,2026-02-01 12:00:00
7509,288,7510,2026-02-01 12:00:00
7510,293,7511,2026-02-01 12:00:00
7511,299,7512,2026-02-01 12:00:00
7512,302,7513,2026-02-01 12:00:00
7513,307,7514,2026-02-01 12:00:00
7514,320,7515,2026-02-01 12:00:00
7515,328,7516,2026-02-01 12:00:00
7516,330,7517,2026-02-01 12:00:00
7517,335,7518,2026-02-01 12:00:00
7518,336,7519,2026-02-01 12:00:00
7519,341,7520,2026-02-01 12:00:00
7520,345,7521,2026-02-01 12:00:00
7521,346,7522,2026-02-01 12:00:00
7522,347,7523,2026-02-01 12:00:00
7523,353,7524,2026-02-01 12:00:00
7524,359,7525,2026-02-01 12:00:00
7525,360,7526,2026-02-01 12:00:00
7526,365,7527,2026-02-01 12:00:00
7527,366,7528,2026-02-01 12:00:00
7528,374,7529,2026-02-01 12:00:00
7529,385,7530,2026-02-01 12:00:00
7530,387,7531,2026-02-01 12:00:00
7531,395,7532,2026-02-01 12:00:00
7532,398,7533,2026-02-01 12:00:00
7533,410,7534,2026-02-01 12:00:00
7534,414,7535,2026-02-01 12:00:00
7535,415,7536,2026-02-01 12:00:00
7536,418,7537,2026-02-01 12:00:00
7537,431,7538,2026-02-01 12:00:00
7538,432,7539,2026-02-01 12:00:00
7539,437,7540,2026-02-01 12:00:00
7540,455,7541,2026-02-01 12:00:00
7541,456,7542,2026-02-01 12:00:00
7542,458,7543,2026-02-01 12:00:00
7543,459,7544,2026-02-01 12:00:00
7544,460,7545,2026-02-01 12:00:00
7545,461,7546,2026-02-01 12:00:00
7546,463,7547,2026-02-01 12:00:00
7547,467,7548,2026-02-01 12:00:00
7548,471,7549,2026-02-01 12:00:00
7549,480,7550,2026-02-01 12:00:00
7550,487,7551,2026-02-01 12:00:00
7551,494,7552,2026-02-01 12:00:00
7552,505,7553,2026-02-01 12:00:00
7553,507,7554,2026-02-01 12:00:00
7554,513,7555,2026-02-01 12:00:00
7555,520,7556,2026-02-01 12:00:00
7556,523,7557,2026-02-01 12:00:00
7557,528,7558,2026-02-01 12:00:00
7558,529,7559,2026-02-01 12:00:00
7559,540,7560,2026-02-01 12:00:00
7560,541,7561,2026-02-01 12:00:00
7561,552,7562,2026-02-01 12:00:00
7562,564,7563,2026-02-01 12:00:00
7563,565,7564,2026-02-01 12:00:00
7564,575,7565,2026-02-01 12:00:00
7565,576,7566,2026-02-01 12:00:00
7566,583,7567,2026-02-01 12:00:00
7567,588,7568,2026-02-01 12:00:00
7568,591,7569,2026-02-01 12:00:00
7569,602,7570,2026-02-01 12:00:00
7570,617,7571,2026-02-01 12:00:00
7571,620,7572,2026-02-01 12:00:00
7572,626,7573,2026-02-01 12:00:00
7573,633,7574,2026-02-01 12:00:00
7574,637,7575,2026-02-01 12:00:00
7575,638,7576,2026-02-01 12:00:00
7576,643,7577,2026-02-01 12:00:00
7577,651,7578,2026-02-01 12:00:00
7578,652,7579,2026-02-01 12:00:00
7579,654,7580,2026-02-01 12:00:00
7580,657,7581,2026-02-01 12:00:00
7581,660,7582,2026-02-01 12:00:00
7582,666,7583,2026-02-01 12:00:00
7583,667,7584,2026-02-01 12:00:00
7584,672,7585,2026-02-01 12:00:00
7585,676,7586,2026-02-01 12:00:00
7586,688,7587,2026-02-01 12:00:00
7587,689,7588,2026-02-01 12:00:00
7588,695,7589,2026-02-01 12:00:00
7589,696,7590,2026-02-01 12:00:00
7590,697,7591,2026-02-01 12:00:00
7591,703,7592,2026-02-01 12:00:00
7592,705,7593,2026-02-01 12:00:00
7593,707,7594,2026-02-01 12:00:00
7594,725,7595,2026-02-01 12:00:00
7595,729,7596,2026-02-01 12:00:00
7596,735,7597,2026-02-01 12:00:00
7597,740,7598,2026-02-01 12:00:00
7598,741,7599,2026-02-01 12:00:00
7599,742,7600,2026-02-01 12:00:00
7600,748,7601,2026-02-01 12:00:00
7601,751,7602,2026-02-01 12:00:00
7602,757,7603,2026-02-01 12:00:00
7603,781,7604,2026-02-01 12:00:00
7604,795,7605,2026-02-01 12:00:00
7605,800,7606,2026-02-01 12:00:00
7606,804,7607,2026-02-01 12:00:00
7607,805,7608,2026-02-01 12:00:00
7608,806,7609,2026-02-01 12:00:00
7609,807,7610,2026-02-01 12:00:00
7610,813,7611,2026-02-01 12:00:00
7611,818,7612,2026-02-01 12:00:00
7612,821,7613,2026-02-01 12:00:00
7613,823,7614,2026-02-01 12:00:00
7614,833,7615,2026-02-01 12:00:00
7615,839,7616,2026-02-01 12:00:00
7616,843,7617,2026-02-01 12:00:00
7617,852,7618,2026-02-01 12:00:00
7618,863,7619,2026-02-01 12:00:00
7619,866,7620,2026-02-01 12:00:00
7620,868,7621,2026-02-01 12:00:00
7621,870,7622,2026-02-01 12:00:00
7622,874,7623,2026-02-01 12:00:00
7623,878,7624,2026-02-01 12:00:00
7624,881,7625,2026-02-01 12:00:00
7625,883,7626,2026-02-01 12:00:00
7626,884,7627,2026-02-01 12:00:00
7627,889,7628,2026-02-01 12:00:00
7628,892,7629,2026-02-01 12:00:00
7629,894,7630,2026-02-01 12:00:00
7630,907,7631,2026-02-01 12:00:00
7631,910,7632,2026-02-01 12:00:00
7632,911,7633,2026-02-01 12:00:00
7633,913,7634,2026-02-01 12:00:00
7634,919,7635,2026-02-01 12:00:00
7635,931,7636,2026-02-01 12:00:00
7636,933,7637,2026-02-01 12:00:00
7637,934,7638,2026-02-01 12:00:00
7638,947,7639,2026-02-01 12:00:00
7639,951,7640,2026-02-01 12:00:00
7640,955,7641,2026-02-01 12:00:00
7641,958,7642,2026-02-01 12:00:00
7642,966,7643,2026-02-01 12:00:00
7643,968,7644,2026-02-01 12:00:00
7644,969,7645,2026-02-01 12:00:00
7645,972,7646,2026-02-01 12:00:00
7646,973,7647,2026-02-01 12:00:00
7647,999,7648,2026-02-01 12:00:00
7648,1001,7649,2026-02-01 12:00:00
7649,1012,7650,2026-02-01 12:00:00
7650,1016,7651,2026-02-01 12:00:00
7651,1020,7652,2026-02-01 12:00:00
7652,1027,7653,2026-02-01 12:00:00
7653,1033,7654,2026-02-01 12:00:00
7654,1036,7655,2026-02-01 12:00:00
7655,1037,7656,2026-02-01 12:00:00
7656,1038,7657,2026-02-01 12:00:00
7657,1042,7658,2026-02-01 12:00:00
7658,1046,7659,2026-02-01 12:00:00
7659,1057,7660,2026-02-01 12:00:00
7660,1061,7661,2026-02-01 12:00:00
7661,1062,7662,2026-02-01 12:00:00
7662,1068,7663,2026-02-01 12:00:00
7663,1077,7664,2026-02-01 12:00:00
7664,1089,7665,2026-02-01 12:00:00
7665,1095,7666,2026-02-01 12:00:00
7666,1096,7667,2026-02-01 12:00:00
7667,1099,7668,2026-02-01 12:00:00
7668,1106,7669,2026-02-01 12:00:00
7669,1113,7670,2026-02-01 12:00:00
7670,1114,7671,2026-02-01 12:00:00
7671,1115,7672,2026-02-01 12:00:00
7672,1127,7673,2026-02-01 12:00:00
7673,1129,7674,2026-02-01 12:00:00
7674,1133,7675,2026-02-01 12:00:00
7675,1147,7676,2026-02-01 12:00:00
7676,1158,7677,2026-02-01 12:00:00
7677,1161,7678,2026-02-01 12:00:00
7678,1173,7679,2026-02-01 12:00:00
7679,1179,7680,2026-02-01 12:00:00
7680,1186,7681,2026-02-01 12:00:00
7681,1199,7682,2026-02-01 12:00:00
7682,1202,7683,2026-02-01 12:00:00
7683,1209,7684,2026-02-01 12:00:00
7684,1218,7685,2026-02-01 12:00:00
7685,1221,7686,2026-02-01 12:00:00
7686,1228,7687,2026-02-01 12:00:00
7687,1233,7688,2026-02-01 12:00:00
7688,1242,7689,2026-02-01 12:00:00
7689,1252,7690,2026-02-01 12:00:00
7690,1259,7691,2026-02-01 12:00:00
7691,1260,7692,2026-02-01 12:00:00
7692,1262,7693,2026-02-01 12:00:00
7693,1268,7694,2026-02-01 12:00:00
7694,1278,7695,2026-02-01 12:00:00
7695,1279,7696,2026-02-01 12:00:00
7696,1280,7697,2026-02-01 12:00:00
7697,1284,7698,2026-02-01 12:00:00
7698,1290,7699,2026-02-01 12:00:00
7699,1297,7700,2026-02-01 12:00:00
7700,1299,7701,2026-02-01 12:00:00
7701,1308,7702,2026-02-01 12:00:00
7702,1310,7703,2026-02-01 12:00:00
7703,1324,7704,2026-02-01 12:00:00
7704,1328,7705,2026-02-01 12:00:00
7705,1329,7706,2026-02-01 12:00:00
7706,1331,7707,2026-02-01 12:00:00
7707,1332,7708,2026-02-01 12:00:00
7708,1333,7709,2026-02-01 12:00:00
7709,1341,7710,2026-02-01 12:00:00
7710,1351,7711,2026-02-01 12:00:00
7711,1362,7712,2026-02-01 12:00:00
7712,1366,7713,2026-02-01 12:00:00
7713,1367,7714,2026-02-01 12:00:00
7714,1369,7715,2026-02-01 12:00:00
7715,1374,7716,2026-02-01 12:00:00
7716,1377,7717,2026-02-01 12:00:00
7717,1379,7718,2026-02-01 12:00:00
7718,1386,7719,2026-02-01 12:00:00
7719,1387,7720,2026-02-01 12:00:00
7720,1389,7721,2026-02-01 12:00:00
7721,1393,7722,2026-02-01 12:00:00
7722,1395,7723,2026-02-01 12:00:00
7723,1404,7724,2026-02-01 12:00:00
7724,1411,7725,2026-02-01 12:00:00
7725,1412,7726,2026-02-01 12:00:00
7726,1418,7727,2026-02-01 12:00:00
7727,1421,7728,2026-02-01 12:00:00
7728,1431,7729,2026-02-01 12:00:00
7729,9,7730,2026-02-02 12:00:00
7730,11,7731,2026-02-02 12:00:00
7731,15,7732,2026-02-02 12:00:00
7732,16,7733,2026-02-02 12:00:00
7733,18,7734,2026-02-02 12:00:00
7734,21,7735,2026-02-02 12:00:00
7735,32,7736,2026-02-02 12:00:00
7736,35,7737,2026-02-02 12:00:00
7737,39,7738,2026-02-02 12:00:00
7738,50,7739,2026-02-02 12:00:00
7739,57,7740,2026-02-02 12:00:00
7740,59,7741,2026-02-02 12:00:00
7741,64,7742,2026-02-02 12:00:00
7742,65,7743,2026-02-02 12:00:00
7743,68,7744,2026-02-02 12:00:00
7744,74,7745,2026-02-02 12:00:00
7745,75,7746,2026-02-02 12:00:00
7746,79,7747,2026-02-02 12:00:00
7747,94,7748,2026-02-02 12:00:00
7748,95,7749,2026-02-02 12:00:00
7749,99,7750,2026-02-02 12:00:00
7750,101,7751,2026-02-02 12:00:00
7751,102,7752,2026-02-02 12:00:00
7752,107,7753,2026-02-02 12:00:00
7753,108,7754,2026-02-02 12:00:00
7754,123,7755,2026-02-02 12:00:00
7755,142,7756,2026-02-02 12:00:00
7756,143,7757,2026-02-02 12:00:00
7757,154,7758,2026-02-02 12:00:00
7758,155,7759,2026-02-02 12:00:00
7759,158,7760,2026-02-02 12:00:00
7760,160,7761,2026-02-02 12:00:00
7761,164,7762,2026-02-02 12:00:00
7762,171,7763,2026-02-02 12:00:00
7763,175,7764,2026-02-02 12:00:00
7764,178,7765,2026-02-02 12:00:00
7765,181,7766,2026-02-02 12:00:00
7766,187,7767,2026-02-02 12:00:00
7767,189,7768,2026-02-02 12:00:00
7768,190,7769,2026-02-02 12:00:00
7769,197,7770,2026-02-02 12:00:00
7770,198,7771,2026-02-02 12:00:00
7771,208,7772,2026-02-02 12:00:00
7772,209,7773,2026-02-02 12:00:00
7773,215,7774,2026-02-02 12:00:00
7774,221,7775,2026-02-02 12:00:00
7775,224,7776,2026-02-02 12:00:00
7776,238,7777,2026-02-02 12:00:00
7777,239,7778,2026-02-02 12:00:00
7778,240,7779,2026-02-02 12:00:00
7779,245,7780,2026-02-02 12:00:00
7780,246,7781,2026-02-02 12:00:00
7781,249,7782,2026-02-02 12:00:00
7782,252,7783,2026-02-02 12:00:00
7783,263,7784,2026-02-02 12:00:00
7784,270,7785,2026-02-02 12:00:00
7785,276,7786,2026-02-02 12:00:00
7786,287,7787,2026-02-02 12:00:00
7787,288,7788,2026-02-02 12:00:00
7788,292,7789,2026-02-02 12:00:00
7789,301,7790,2026-02-02 12:00:00
7790,302,7791,2026-02-02 12:00:00
7791,328,7792,2026-02-02 12:00:00
7792,350,7793,2026-02-02 12:00:00
7793,358,7794,2026-02-02 12:00:00
7794,359,7795,2026-02-02 12:00:00
7795,361,7796,2026-02-02 12:00:00
7796,364,7797,2026-02-02 12:00:00
7797,374,7798,2026-02-02 12:00:00
7798,375,7799,2026-02-02 12:00:00
7799,391,7800,2026-02-02 12:00:00
7800,392,7801,2026-02-02 12:00:00
7801,393,7802,2026-02-02 12:00:00
7802,400,7803,2026-02-02 12:00:00
7803,410,7804,2026-02-02 12:00:00
7804,412,7805,2026-02-02 12:00:00
7805,417,7806,2026-02-02 12:00:00
7806,420,7807,2026-02-02 12:00:00
7807,421,7808,2026-02-02 12:00:00
7808,426,7809,2026-02-02 12:00:00
7809,431,7810,2026-02-02 12:00:00
7810,432,7811,2026-02-02 12:00:00
7811,433,7812,2026-02-02 12:00:00
7812,441,7813,2026-02-02 12:00:00
7813,445,7814,2026-02-02 12:00:00
7814,452,7815,2026-02-02 12:00:00
7815,455,7816,2026-02-02 12:00:00
7816,465,7817,2026-02-02 12:00:00
7817,471,7818,2026-02-02 12:00:00
7818,475,7819,2026-02-02 12:00:00
7819,477,7820,2026-02-02 12:00:00
7820,488,7821,2026-02-02 12:00:00
7821,491,7822,2026-02-02 12:00:00
7822,494,7823,2026-02-02 12:00:00
7823,501,7824,2026-02-02 12:00:00
7824,502,7825,2026-02-02 12:00:00
7825,508,7826,2026-02-02 12:00:00
7826,510,7827,2026-02-02 12:00:00
7827,520,7828,2026-02-02 12:00:00
7828,524,7829,2026-02-02 12:00:00
7829,534,7830,2026-02-02 12:00:00
7830,545,7831,2026-02-02 12:00:00
7831,550,7832,2026-02-02 12:00:00
7832,551,7833,2026-02-02 12:00:00
7833,558,7834,2026-02-02 12:00:00
7834,560,7835,2026-02-02 12:00:00
7835,564,7836,2026-02-02 12:00:00
7836,566,7837,2026-02-02 12:00:00
7837,570,7838,2026-02-02 12:00:00
7838,584,7839,2026-02-02 12:00:00
7839,592,7840,2026-02-02 12:00:00
7840,596,7841,2026-02-02 12:00:00
7841,600,7842,2026-02-02 12:00:00
7842,613,7843,2026-02-02 12:00:00
7843,617,7844,2026-02-02 12:00:00
7844,623,7845,2026-02-02 12:00:00
7845,624,7846,2026-02-02 12:00:00
7846,629,7847,2026-02-02 12:00:00
7847,630,7848,2026-02-02 12:00:00
7848,632,7849,2026-02-02 12:00:00
7849,642,7850,2026-02-02 12:00:00
7850,652,7851,2026-02-02 12:00:00
7851,658,7852,2026-02-02 12:00:00
7852,664,7853,2026-02-02 12:00:00
7853,677,7854,2026-02-02 12:00:00
7854,679,7855,2026-02-02 12:00:00
7855,682,7856,2026-02-02 12:00:00
7856,690,7857,2026-02-02 12:00:00
7857,695,7858,2026-02-02 12:00:00
7858,701,7859,2026-02-02 12:00:00
7859,702,7860,2026-02-02 12:00:00
7860,722,7861,2026-02-02 12:00:00
7861,726,7862,2026-02-02 12:00:00
7862,730,7863,2026-02-02 12:00:00
7863,734,7864,2026-02-02 12:00:00
7864,737,7865,2026-02-02 12:00:00
7865,739,7866,2026-02-02 12:00:00
7866,752,7867,2026-02-02 12:00:00
7867,755,7868,2026-02-02 12:00:00
7868,759,7869,2026-02-02 12:00:00
7869,761,7870,2026-02-02 12:00:00
7870,782,7871,2026-02-02 12:00:00
7871,800,7872,2026-02-02 12:00:00
7872,803,7873,2026-02-02 12:00:00
7873,809,7874,2026-02-02 12:00:00
7874,814,7875,2026-02-02 12:00:00
7875,815,7876,2026-02-02 12:00:00
7876,820,7877,2026-02-02 12:00:00
7877,824,7878,2026-02-02 12:00:00
7878,832,7879,2026-02-02 12:00:00
7879,846,7880,2026-02-02 12:00:00
7880,847,7881,2026-02-02 12:00:00
7881,848,7882,2026-02-02 12:00:00
7882,851,7883,2026-02-02 12:00:00
7883,853,7884,2026-02-02 12:00:00
7884,857,7885,2026-02-02 12:00:00
7885,860,7886,2026-02-02 12:00:00
7886,868,7887,2026-02-02 12:00:00
7887,870,7888,2026-02-02 12:00:00
7888,888,7889,2026-02-02 12:00:00
7889,909,7890,2026-02-02 12:00:00
7890,910,7891,2026-02-02 12:00:00
7891,913,7892,2026-02-02 12:00:00
7892,915,7893,2026-02-02 12:00:00
7893,932,7894,2026-02-02 12:00:00
7894,939,7895,2026-02-02 12:00:00
7895,942,7896,2026-02-02 12:00:00
7896,953,7897,2026-02-02 12:00:00
7897,959,7898,2026-02-02 12:00:00
7898,970,7899,2026-02-02 12:00:00
7899,972,7900,2026-02-02 12:00:00
7900,983,7901,2026-02-02 12:00:00
7901,988,7902,2026-02-02 12:00:00
7902,995,7903,2026-02-02 12:00:00
7903,998,7904,2026-02-02 12:00:00
7904,999,7905,2026-02-02 12:00:00
7905,1001,7906,2026-02-02 12:00:00
7906,1009,7907,2026-02-02 12:00:00
7907,1016,7908,2026-02-02 12:00:00
7908,1018,7909,2026-02-02 12:00:00
7909,1029,7910,2026-02-02 12:00:00
7910,1033,7911,2026-02-02 12:00:00
7911,1038,7912,2026-02-02 12:00:00
7912,1044,7913,2026-02-02 12:00:00
7913,1047,7914,2026-02-02 12:00:00
7914,1049,7915,2026-02-02 12:00:00
7915,1053,7916,2026-02-02 12:00:00
7916,1054,7917,2026-02-02 12:00:00
7917,1062,7918,2026-02-02 12:00:00
7918,1063,7919,2026-02-02 12:00:00
7919,1064,7920,2026-02-02 12:00:00
7920,1066,7921,2026-02-02 12:00:00
7921,1069,7922,2026-02-02 12:00:00
7922,1073,7923,2026-02-02 12:00:00
7923,1074,7924,2026-02-02 12:00:00
7924,1078,7925,2026-02-02 12:00:00
7925,1083,7926,2026-02-02 12:00:00
7926,1092,7927,2026-02-02 12:00:00
7927,1097,7928,2026-02-02 12:00:00
7928,1106,7929,2026-02-02 12:00:00
7929,1113,7930,2026-02-02 12:00:00
7930,1114,7931,2026-02-02 12:00:00
7931,1124,7932,2026-02-02 12:00:00
7932,1129,7933,2026-02-02 12:00:00
7933,1139,7934,2026-02-02 12:00:00
7934,1148,7935,2026-02-02 12:00:00
7935,1151,7936,2026-02-02 12:00:00
7936,1157,7937,2026-02-02 12:00:00
7937,1159,7938,2026-02-02 12:00:00
7938,1160,7939,2026-02-02 12:00:00
7939,1162,7940,2026-02-02 12:00:00
7940,1189,7941,2026-02-02 12:00:00
7941,1190,7942,2026-02-02 12:00:00
7942,1193,7943,2026-02-02 12:00:00
7943,1194,7944,2026-02-02 12:00:00
7944,1197,7945,2026-02-02 12:00:00
7945,1199,7946,2026-02-02 12:00:00
7946,1203,7947,2026-02-02 12:00:00
7947,1210,7948,2026-02-02 12:00:00
7948,1211,7949,2026-02-02 12:00:00
7949,1214,7950,2026-02-02 12:00:00
7950,1220,7951,2026-02-02 12:00:00
7951,1229,7952,2026-02-02 12:00:00
7952,1244,7953,2026-02-02 12:00:00
7953,1250,7954,2026-02-02 12:00:00
7954,1255,7955,2026-02-02 12:00:00
7955,1257,7956,2026-02-02 12:00:00
7956,1258,7957,2026-02-02 12:00:00
7957,1262,7958,2026-02-02 12:00:00
7958,1264,7959,2026-02-02 12:00:00
7959,1268,7960,2026-02-02 12:00:00
7960,1269,7961,2026-02-02 12:00:00
7961,1276,7962,2026-02-02 12:00:00
7962,1280,7963,2026-02-02 12:00:00
7963,1281,7964,2026-02-02 12:00:00
7964,1285,7965,2026-02-02 12:00:00
7965,1300,7966,2026-02-02 12:00:00
7966,1301,7967,2026-02-02 12:00:00
7967,1307,7968,2026-02-02 12:00:00
7968,1309,7969,2026-02-02 12:00:00
7969,1325,7970,2026-02-02 12:00:00
7970,1332,7971,2026-02-02 12:00:00
7971,1333,7972,2026-02-02 12:00:00
7972,1345,7973,2026-02-02 12:00:00
7973,1346,7974,2026-02-02 12:00:00
7974,1353,7975,2026-02-02 12:00:00
7975,1359,7976,2026-02-02 12:00:00
7976,1360,7977,2026-02-02 12:00:00
7977,1365,7978,2026-02-02 12:00:00
7978,1379,7979,2026-02-02 12:00:00
7979,1384,7980,2026-02-02 12:00:00
7980,1389,7981,2026-02-02 12:00:00
7981,1391,7982,2026-02-02 12:00:00
7982,1392,7983,2026-02-02 12:00:00
7983,1398,7984,2026-02-02 12:00:00
7984,1407,7985,2026-02-02 12:00:00
7985,1411,7986,2026-02-02 12:00:00
7986,1413,7987,2026-02-02 12:00:00
7987,1419,7988,2026-02-02 12:00:00
7988,1421,7989,2026-02-02 12:00:00
7989,1424,7990,2026-02-02 12:00:00
7990,1430,7991,2026-02-02 12:00:00
7991,1457,7992,2026-02-02 12:00:00
7992,1462,7993,2026-02-02 12:00:00
7993,1,7994,2026-02-03 12:00:00
7994,8,7995,2026-02-03 12:00:00
7995,12,7996,2026-02-03 12:00:00
7996,32,7997,2026-02-03 12:00:00
7997,33,7998,2026-02-03 12:00:00
7998,39,7999,2026-02-03 12:00:00
7999,46,8000,2026-02-03 12:00:00
8000,61,8001,2026-02-03 12:00:00
8001,64,8002,2026-02-03 12:00:00
8002,66,8003,2026-02-03 12:00:00
8003,68,8004,2026-02-03 12:00:00
8004,70,8005,2026-02-03 12:00:00
8005,73,8006,2026-02-03 12:00:00
8006,90,8007,2026-02-03 12:00:00
8007,101,8008,2026-02-03 12:00:00
8008,103,8009,2026-02-03 12:00:00
8009,104,8010,2026-02-03 12:00:00
8010,107,8011,2026-02-03 12:00:00
8011,108,8012,2026-02-03 12:00:00
8012,110,8013,2026-02-03 12:00:00
8013,111,8014,2026-02-03 12:00:00
8014,115,8015,2026-02-03 12:00:00
8015,116,8016,2026-02-03 12:00:00
8016,125,8017,2026-02-03 12:00:00
8017,127,8018,2026-02-03 12:00:00
8018,133,8019,2026-02-03 12:00:00
8019,140,8020,2026-02-03 12:00:00
8020,149,8021,2026-02-03 12:00:00
8021,158,8022,2026-02-03 12:00:00
8022,170,8023,2026-02-03 12:00:00
8023,175,8024,2026-02-03 12:00:00
8024,178,8025,2026-02-03 12:00:00
8025,179,8026,2026-02-03 12:00:00
8026,185,8027,2026-02-03 12:00:00
8027,187,8028,2026-02-03 12:00:00
8028,190,8029,2026-02-03 12:00:00
8029,206,8030,2026-02-03 12:00:00
8030,208,8031,2026-02-03 12:00:00
8031,211,8032,2026-02-03 12:00:00
8032,215,8033,2026-02-03 12:00:00
8033,216,8034,2026-02-03 12:00:00
8034,218,8035,2026-02-03 12:00:00
8035,219,8036,2026-02-03 12:00:00
8036,227,8037,2026-02-03 12:00:00
8037,233,8038,2026-02-03 12:00:00
8038,236,8039,2026-02-03 12:00:00
8039,238,8040,2026-02-03 12:00:00
8040,240,8041,2026-02-03 12:00:00
8041,241,8042,2026-02-03 12:00:00
8042,244,8043,2026-02-03 12:00:00
8043,245,8044,2026-02-03 12:00:00
8044,248,8045,2026-02-03 12:00:00
8045,252,8046,2026-02-03 12:00:00
8046,256,8047,2026-02-03 12:00:00
8047,257,8048,2026-02-03 12:00:00
8048,259,8049,2026-02-03 12:00:00
8049,267,8050,2026-02-03 12:00:00
8050,270,8051,2026-02-03 12:00:00
8051,278,8052,2026-02-03 12:00:00
8052,280,8053,2026-02-03 12:00:00
8053,283,8054,2026-02-03 12:00:00
8054,288,8055,2026-02-03 12:00:00
8055,297,8056,2026-02-03 12:00:00
8056,299,8057,2026-02-03 12:00:00
8057,303,8058,2026-02-03 12:00:00
8058,309,8059,2026-02-03 12:00:00
8059,314,8060,2026-02-03 12:00:00
8060,319,8061,2026-02-03 12:00:00
8061,320,8062,2026-02-03 12:00:00
8062,321,8063,2026-02-03 12:00:00
8063,325,8064,2026-02-03 12:00:00
8064,326,8065,2026-02-03 12:00:00
8065,328,8066,2026-02-03 12:00:00
8066,336,8067,2026-02-03 12:00:00
8067,348,8068,2026-02-03 12:00:00
8068,350,8069,2026-02-03 12:00:00
8069,358,8070,2026-02-03 12:00:00
8070,359,8071,2026-02-03 12:00:00
8071,360,8072,2026-02-03 12:00:00
8072,368,8073,2026-02-03 12:00:00
8073,387,8074,2026-02-03 12:00:00
8074,389,8075,2026-02-03 12:00:00
8075,391,8076,2026-02-03 12:00:00
8076,397,8077,2026-02-03 12:00:00
8077,402,8078,2026-02-03 12:00:00
8078,405,8079,2026-02-03 12:00:00
8079,414,8080,2026-02-03 12:00:00
8080,425,8081,2026-02-03 12:00:00
8081,446,8082,2026-02-03 12:00:00
8082,447,8083,2026-02-03 12:00:00
8083,449,8084,2026-02-03 12:00:00
8084,471,8085,2026-02-03 12:00:00
8085,476,8086,2026-02-03 12:00:00
8086,481,8087,2026-02-03 12:00:00
8087,491,8088,2026-02-03 12:00:00
8088,492,8089,2026-02-03 12:00:00
8089,503,8090,2026-02-03 12:00:00
8090,506,8091,2026-02-03 12:00:00
8091,507,8092,2026-02-03 12:00:00
8092,510,8093,2026-02-03 12:00:00
8093,511,8094,2026-02-03 12:00:00
8094,517,8095,2026-02-03 12:00:00
8095,518,8096,2026-02-03 12:00:00
8096,519,8097,2026-02-03 12:00:00
8097,522,8098,2026-02-03 12:00:00
8098,524,8099,2026-02-03 12:00:00
8099,533,8100,2026-02-03 12:00:00
8100,535,8101,2026-02-03 12:00:00
8101,541,8102,2026-02-03 12:00:00
8102,545,8103,2026-02-03 12:00:00
8103,552,8104,2026-02-03 12:00:00
8104,554,8105,2026-02-03 12:00:00
8105,559,8106,2026-02-03 12:00:00
8106,560,8107,2026-02-03 12:00:00
8107,561,8108,2026-02-03 12:00:00
8108,564,8109,2026-02-03 12:00:00
8109,567,8110,2026-02-03 12:00:00
8110,569,8111,2026-02-03 12:00:00
8111,578,8112,2026-02-03 12:00:00
8112,580,8113,2026-02-03 12:00:00
8113,583,8114,2026-02-03 12:00:00
8114,587,8115,2026-02-03 12:00:00
8115,588,8116,2026-02-03 12:00:00
8116,592,8117,2026-02-03 12:00:00
8117,603,8118,2026-02-03 12:00:00
8118,609,8119,2026-02-03 12:00:00
8119,611,8120,2026-02-03 12:00:00
8120,614,8121,2026-02-03 12:00:00
8121,618,8122,2026-02-03 12:00:00
8122,619,8123,2026-02-03 12:00:00
8123,621,8124,2026-02-03 12:00:00
8124,628,8125,2026-02-03 12:00:00
8125,629,8126,2026-02-03 12:00:00
8126,631,8127,2026-02-03 12:00:00
8127,632,8128,2026-02-03 12:00:00
8128,636,8129,2026-02-03 12:00:00
8129,638,8130,2026-02-03 12:00:00
8130,641,8131,2026-02-03 12:00:00
8131,646,8132,2026-02-03 12:00:00
8132,652,8133,2026-02-03 12:00:00
8133,654,8134,2026-02-03 12:00:00
8134,662,8135,2026-02-03 12:00:00
8135,670,8136,2026-02-03 12:00:00
8136,671,8137,2026-02-03 12:00:00
8137,673,8138,2026-02-03 12:00:00
8138,676,8139,2026-02-03 12:00:00
8139,682,8140,2026-02-03 12:00:00
8140,689,8141,2026-02-03 12:00:00
8141,690,8142,2026-02-03 12:00:00
8142,697,8143,2026-02-03 12:00:00
8143,714,8144,2026-02-03 12:00:00
8144,721,8145,2026-02-03 12:00:00
8145,722,8146,2026-02-03 12:00:00
8146,727,8147,2026-02-03 12:00:00
8147,730,8148,2026-02-03 12:00:00
8148,734,8149,2026-02-03 12:00:00
8149,736,8150,2026-02-03 12:00:00
8150,742,8151,2026-02-03 12:00:00
8151,749,8152,2026-02-03 12:00:00
8152,753,8153,2026-02-03 12:00:00
8153,755,8154,2026-02-03 12:00:00
8154,762,8155,2026-02-03 12:00:00
8155,764,8156,2026-02-03 12:00:00
8156,765,8157,2026-02-03 12:00:00
8157,794,8158,2026-02-03 12:00:00
8158,800,8159,2026-02-03 12:00:00
8159,805,8160,2026-02-03 12:00:00
8160,812,8161,2026-02-03 12:00:00
8161,820,8162,2026-02-03 12:00:00
8162,838,8163,2026-02-03 12:00:00
8163,841,8164,2026-02-03 12:00:00
8164,842,8165,2026-02-03 12:00:00
8165,851,8166,2026-02-03 12:00:00
8166,859,8167,2026-02-03 12:00:00
8167,864,8168,2026-02-03 12:00:00
8168,868,8169,2026-02-03 12:00:00
8169,871,8170,2026-02-03 12:00:00
8170,873,8171,2026-02-03 12:00:00
8171,880,8172,2026-02-03 12:00:00
8172,888,8173,2026-02-03 12:00:00
8173,889,8174,2026-02-03 12:00:00
8174,890,8175,2026-02-03 12:00:00
8175,891,8176,2026-02-03 12:00:00
8176,899,8177,2026-02-03 12:00:00
8177,907,8178,2026-02-03 12:00:00
8178,914,8179,2026-02-03 12:00:00
8179,916,8180,2026-02-03 12:00:00
8180,926,8181,2026-02-03 12:00:00
8181,933,8182,2026-02-03 12:00:00
8182,937,8183,2026-02-03 12:00:00
8183,956,8184,2026-02-03 12:00:00
8184,965,8185,2026-02-03 12:00:00
8185,966,8186,2026-02-03 12:00:00
8186,971,8187,2026-02-03 12:00:00
8187,978,8188,2026-02-03 12:00:00
8188,986,8189,2026-02-03 12:00:00
8189,989,8190,2026-02-03 12:00:00
8190,995,8191,2026-02-03 12:00:00
8191,999,8192,2026-02-03 12:00:00
8192,1005,8193,2026-02-03 12:00:00
8193,1008,8194,2026-02-03 12:00:00
8194,1014,8195,2026-02-03 12:00:00
8195,1018,8196,2026-02-03 12:00:00
8196,1029,8197,2026-02-03 12:00:00
8197,1036,8198,2026-02-03 12:00:00
8198,1043,8199,2026-02-03 12:00:00
8199,1053,8200,2026-02-03 12:00:00
8200,1054,8201,2026-02-03 12:00:00
8201,1065,8202,2026-02-03 12:00:00
8202,1070,8203,2026-02-03 12:00:00
8203,1074,8204,2026-02-03 12:00:00
8204,1075,8205,2026-02-03 12:00:00
8205,1087,8206,2026-02-03 12:00:00
8206,1099,8207,2026-02-03 12:00:00
8207,1100,8208,2026-02-03 12:00:00
8208,1101,8209,2026-02-03 12:00:00
8209,1107,8210,2026-02-03 12:00:00
8210,1113,8211,2026-02-03 12:00:00
8211,1122,8212,2026-02-03 12:00:00
8212,1127,8213,2026-02-03 12:00:00
8213,1129,8214,2026-02-03 12:00:00
8214,1140,8215,2026-02-03 12:00:00
8215,1144,8216,2026-02-03 12:00:00
8216,1146,8217,2026-02-03 12:00:00
8217,1154,8218,2026-02-03 12:00:00
8218,1156,8219,2026-02-03 12:00:00
8219,1161,8220,2026-02-03 12:00:00
8220,1164,8221,2026-02-03 12:00:00
8221,1166,8222,2026-02-03 12:00:00
8222,1168,8223,2026-02-03 12:00:00
8223,1173,8224,2026-02-03 12:00:00
8224,1183,8225,2026-02-03 12:00:00
8225,1185,8226,2026-02-03 12:00:00
8226,1187,8227,2026-02-03 12:00:00
8227,1188,8228,2026-02-03 12:00:00
8228,1192,8229,2026-02-03 12:00:00
8229,1203,8230,2026-02-03 12:00:00
8230,1204,8231,2026-02-03 12:00:00
8231,1206,8232,2026-02-03 12:00:00
8232,1209,8233,2026-02-03 12:00:00
8233,1212,8234,2026-02-03 12:00:00
8234,1216,8235,2026-02-03 12:00:00
8235,1218,8236,2026-02-03 12:00:00
8236,1237,8237,2026-02-03 12:00:00
8237,1239,8238,2026-02-03 12:00:00
8238,1248,8239,2026-02-03 12:00:00
8239,1249,8240,2026-02-03 12:00:00
8240,1256,8241,2026-02-03 12:00:00
8241,1257,8242,2026-02-03 12:00:00
8242,1259,8243,2026-02-03 12:00:00
8243,1265,8244,2026-02-03 12:00:00
8244,1269,8245,2026-02-03 12:00:00
8245,1270,8246,2026-02-03 12:00:00
8246,1279,8247,2026-02-03 12:00:00
8247,1280,8248,2026-02-03 12:00:00
8248,1283,8249,2026-02-03 12:00:00
8249,1290,8250,2026-02-03 12:00:00
8250,1291,8251,2026-02-03 12:00:00
8251,1292,8252,2026-02-03 12:00:00
8252,1297,8253,2026-02-03 12:00:00
8253,1315,8254,2026-02-03 12:00:00
8254,1319,8255,2026-02-03 12:00:00
8255,1321,8256,2026-02-03 12:00:00
8256,1323,8257,2026-02-03 12:00:00
8257,1330,8258,2026-02-03 12:00:00
8258,1339,8259,2026-02-03 12:00:00
8259,1342,8260,2026-02-03 12:00:00
8260,1348,8261,2026-02-03 12:00:00
8261,1351,8262,2026-02-03 12:00:00
8262,1362,8263,2026-02-03 12:00:00
8263,1363,8264,2026-02-03 12:00:00
8264,1366,8265,2026-02-03 12:00:00
8265,1370,8266,2026-02-03 12:00:00
8266,1378,8267,2026-02-03 12:00:00
8267,1383,8268,2026-02-03 12:00:00
8268,1385,8269,2026-02-03 12:00:00
8269,1386,8270,2026-02-03 12:00:00
8270,1387,8271,2026-02-03 12:00:00
8271,1389,8272,2026-02-03 12:00:00
8272,1394,8273,2026-02-03 12:00:00
8273,1395,8274,2026-02-03 12:00:00
8274,1419,8275,2026-02-03 12:00:00
8275,1426,8276,2026-02-03 12:00:00
8276,1428,8277,2026-02-03 12:00:00
8277,1430,8278,2026-02-03 12:00:00
8278,1432,8279,2026-02-03 12:00:00
8279,1440,8280,2026-02-03 12:00:00
8280,1449,8281,2026-02-03 12:00:00
8281,1456,8282,2026-02-03 12:00:00
8282,1466,8283,2026-02-03 12:00:00
8283,1467,8284,2026-02-03 12:00:00
8284,1474,8285,2026-02-03 12:00:00
8285,1477,8286,2026-02-03 12:00:00
8286,1479,8287,2026-02-03 12:00:00
8287,1481,8288,2026-02-03 12:00:00
8288,1491,8289,2026-02-03 12:00:00
8289,1492,8290,2026-02-03 12:00:00
8290,4,8291,2026-02-04 12:00:00
8291,10,8292,2026-02-04 12:00:00
8292,19,8293,2026-02-04 12:00:00
8293,37,8294,2026-02-04 12:00:00
8294,44,8295,2026-02-04 12:00:00
8295,45,8296,2026-02-04 12:00:00
8296,46,8297,2026-02-04 12:00:00
8297,51,8298,2026-02-04 12:00:00
8298,59,8299,2026-02-04 12:00:00
8299,80,8300,2026-02-04 12:00:00
8300,83,8301,2026-02-04 12:00:00
8301,104,8302,2026-02-04 12:00:00
8302,109,8303,2026-02-04 12:00:00
8303,111,8304,2026-02-04 12:00:00
8304,118,8305,2026-02-04 12:00:00
8305,123,8306,2026-02-04 12:00:00
8306,129,8307,2026-02-04 12:00:00
8307,137,8308,2026-02-04 12:00:00
8308,138,8309,2026-02-04 12:00:00
8309,140,8310,2026-02-04 12:00:00
8310,142,8311,2026-02-04 12:00:00
8311,143,8312,2026-02-04 12:00:00
8312,147,8313,2026-02-04 12:00:00
8313,150,8314,2026-02-04 12:00:00
8314,151,8315,2026-02-04 12:00:00
8315,155,8316,2026-02-04 12:00:00
8316,158,8317,2026-02-04 12:00:00
8317,166,8318,2026-02-04 12:00:00
8318,168,8319,2026-02-04 12:00:00
8319,182,8320,2026-02-04 12:00:00
8320,188,8321,2026-02-04 12:00:00
8321,190,8322,2026-02-04 12:00:00
8322,198,8323,2026-02-04 12:00:00
8323,207,8324,2026-02-04 12:00:00
8324,216,8325,2026-02-04 12:00:00
8325,217,8326,2026-02-04 12:00:00
8326,231,8327,2026-02-04 12:00:00
8327,233,8328,2026-02-04 12:00:00
8328,238,8329,2026-02-04 12:00:00
8329,246,8330,2026-02-04 12:00:00
8330,247,8331,2026-02-04 12:00:00
8331,248,8332,2026-02-04 12:00:00
8332,252,8333,2026-02-04 12:00:00
8333,254,8334,2026-02-04 12:00:00
8334,255,8335,2026-02-04 12:00:00
8335,257,8336,2026-02-04 12:00:00
8336,266,8337,2026-02-04 12:00:00
8337,268,8338,2026-02-04 12:00:00
8338,269,8339,2026-02-04 12:00:00
8339,270,8340,2026-02-04 12:00:00
8340,280,8341,2026-02-04 12:00:00
8341,292,8342,2026-02-04 12:00:00
8342,300,8343,2026-02-04 12:00:00
8343,313,8344,2026-02-04 12:00:00
8344,328,8345,2026-02-04 12:00:00
8345,340,8346,2026-02-04 12:00:00
8346,344,8347,2026-02-04 12:00:00
8347,348,8348,2026-02-04 12:00:00
8348,367,8349,2026-02-04 12:00:00
8349,368,8350,2026-02-04 12:00:00
8350,370,8351,2026-02-04 12:00:00
8351,386,8352,2026-02-04 12:00:00
8352,388,8353,2026-02-04 12:00:00
8353,394,8354,2026-02-04 12:00:00
8354,405,8355,2026-02-04 12:00:00
8355,410,8356,2026-02-04 12:00:00
8356,423,8357,2026-02-04 12:00:00
8357,426,8358,2026-02-04 12:00:00
8358,427,8359,2026-02-04 12:00:00
8359,428,8360,2026-02-04 12:00:00
8360,430,8361,2026-02-04 12:00:00
8361,435,8362,2026-02-04 12:00:00
8362,441,8363,2026-02-04 12:00:00
8363,448,8364,2026-02-04 12:00:00
8364,449,8365,2026-02-04 12:00:00
8365,450,8366,2026-02-04 12:00:00
8366,460,8367,2026-02-04 12:00:00
8367,471,8368,2026-02-04 12:00:00
8368,475,8369,2026-02-04 12:00:00
8369,477,8370,2026-02-04 12:00:00
8370,483,8371,2026-02-04 12:00:00
8371,488,8372,2026-02-04 12:00:00
8372,492,8373,2026-02-04 12:00:00
8373,496,8374,2026-02-04 12:00:00
8374,501,8375,2026-02-04 12:00:00
8375,502,8376,2026-02-04 12:00:00
8376,503,8377,2026-02-04 12:00:00
8377,506,8378,2026-02-04 12:00:00
8378,511,8379,2026-02-04 12:00:00
8379,513,8380,2026-02-04 12:00:00
8380,518,8381,2026-02-04 12:00:00
8381,521,8382,2026-02-04 12:00:00
8382,525,8383,2026-02-04 12:00:00
8383,526,8384,2026-02-04 12:00:00
8384,529,8385,2026-02-04 12:00:00
8385,533,8386,2026-02-04 12:00:00
8386,543,8387,2026-02-04 12:00:00
8387,544,8388,2026-02-04 12:00:00
8388,550,8389,2026-02-04 12:00:00
8389,562,8390,2026-02-04 12:00:00
8390,568,8391,2026-02-04 12:00:00
8391,577,8392,2026-02-04 12:00:00
8392,580,8393,2026-02-04 12:00:00
8393,585,8394,2026-02-04 12:00:00
8394,590,8395,2026-02-04 12:00:00
8395,591,8396,2026-02-04 12:00:00
8396,592,8397,2026-02-04 12:00:00
8397,597,8398,2026-02-04 12:00:00
8398,612,8399,2026-02-04 12:00:00
8399,614,8400,2026-02-04 12:00:00
8400,615,8401,2026-02-04 12:00:00
8401,619,8402,2026-02-04 12:00:00
8402,630,8403,2026-02-04 12:00:00
8403,633,8404,2026-02-04 12:00:00
8404,639,8405,2026-02-04 12:00:00
8405,653,8406,2026-02-04 12:00:00
8406,658,8407,2026-02-04 12:00:00
8407,659,8408,2026-02-04 12:00:00
8408,669,8409,2026-02-04 12:00:00
8409,679,8410,2026-02-04 12:00:00
8410,685,8411,2026-02-04 12:00:00
8411,691,8412,2026-02-04 12:00:00
8412,692,8413,2026-02-04 12:00:00
8413,695,8414,2026-02-04 12:00:00
8414,703,8415,2026-02-04 12:00:00
8415,710,8416,2026-02-04 12:00:00
8416,711,8417,2026-02-04 12:00:00
8417,713,8418,2026-02-04 12:00:00
8418,718,8419,2026-02-04 12:00:00
8419,719,8420,2026-02-04 12:00:00
8420,720,8421,2026-02-04 12:00:00
8421,723,8422,2026-02-04 12:00:00
8422,728,8423,2026-02-04 12:00:00
8423,754,8424,2026-02-04 12:00:00
8424,759,8425,2026-02-04 12:00:00
8425,765,8426,2026-02-04 12:00:00
8426,766,8427,2026-02-04 12:00:00
8427,772,8428,2026-02-04 12:00:00
8428,775,8429,2026-02-04 12:00:00
8429,790,8430,2026-02-04 12:00:00
8430,792,8431,2026-02-04 12:00:00
8431,795,8432,2026-02-04 12:00:00
8432,804,8433,2026-02-04 12:00:00
8433,806,8434,2026-02-04 12:00:00
8434,813,8435,2026-02-04 12:00:00
8435,815,8436,2026-02-04 12:00:00
8436,818,8437,2026-02-04 12:00:00
8437,822,8438,2026-02-04 12:00:00
8438,825,8439,2026-02-04 12:00:00
8439,827,8440,2026-02-04 12:00:00
8440,837,8441,2026-02-04 12:00:00
8441,856,8442,2026-02-04 12:00:00
8442,859,8443,2026-02-04 12:00:00
8443,870,8444,2026-02-04 12:00:00
8444,872,8445,2026-02-04 12:00:00
8445,880,8446,2026-02-04 12:00:00
8446,886,8447,2026-02-04 12:00:00
8447,890,8448,2026-02-04 12:00:00
8448,891,8449,2026-02-04 12:00:00
8449,901,8450,2026-02-04 12:00:00
8450,905,8451,2026-02-04 12:00:00
8451,910,8452,2026-02-04 12:00:00
8452,925,8453,2026-02-04 12:00:00
8453,946,8454,2026-02-04 12:00:00
8454,949,8455,2026-02-04 12:00:00
8455,950,8456,2026-02-04 12:00:00
8456,957,8457,2026-02-04 12:00:00
8457,968,8458,2026-02-04 12:00:00
8458,969,8459,2026-02-04 12:00:00
8459,980,8460,2026-02-04 12:00:00
8460,995,8461,2026-02-04 12:00:00
8461,997,8462,2026-02-04 12:00:00
8462,1006,8463,2026-02-04 12:00:00
8463,1007,8464,2026-02-04 12:00:00
8464,1010,8465,2026-02-04 12:00:00
8465,1011,8466,2026-02-04 12:00:00
8466,1014,8467,2026-02-04 12:00:00
8467,1018,8468,2026-02-04 12:00:00
8468,1028,8469,2026-02-04 12:00:00
8469,1029,8470,2026-02-04 12:00:00
8470,1034,8471,2026-02-04 12:00:00
8471,1035,8472,2026-02-04 12:00:00
8472,1046,8473,2026-02-04 12:00:00
8473,1047,8474,2026-02-04 12:00:00
8474,1050,8475,2026-02-04 12:00:00
8475,1053,8476,2026-02-04 12:00:00
8476,1057,8477,2026-02-04 12:00:00
8477,1072,8478,2026-02-04 12:00:00
8478,1079,8479,2026-02-04 12:00:00
8479,1084,8480,2026-02-04 12:00:00
8480,1086,8481,2026-02-04 12:00:00
8481,1088,8482,2026-02-04 12:00:00
8482,1091,8483,2026-02-04 12:00:00
8483,1095,8484,2026-02-04 12:00:00
8484,1099,8485,2026-02-04 12:00:00
8485,1106,8486,2026-02-04 12:00:00
8486,1109,8487,2026-02-04 12:00:00
8487,1119,8488,2026-02-04 12:00:00
8488,1120,8489,2026-02-04 12:00:00
8489,1121,8490,2026-02-04 12:00:00
8490,1125,8491,2026-02-04 12:00:00
8491,1126,8492,2026-02-04 12:00:00
8492,1131,8493,2026-02-04 12:00:00
8493,1140,8494,2026-02-04 12:00:00
8494,1142,8495,2026-02-04 12:00:00
8495,1180,8496,2026-02-04 12:00:00
8496,1181,8497,2026-02-04 12:00:00
8497,1189,8498,2026-02-04 12:00:00
8498,1190,8499,2026-02-04 12:00:00
8499,1207,8500,2026-02-04 12:00:00
8500,1220,8501,2026-02-04 12:00:00
8501,1221,8502,2026-02-04 12:00:00
8502,1237,8503,2026-02-04 12:00:00
8503,1239,8504,2026-02-04 12:00:00
8504,1245,8505,2026-02-04 12:00:00
8505,1247,8506,2026-02-04 12:00:00
8506,1251,8507,2026-02-04 12:00:00
8507,1252,8508,2026-02-04 12:00:00
8508,1254,8509,2026-02-04 12:00:00
8509,1258,8510,2026-02-04 12:00:00
8510,1262,8511,2026-02-04 12:00:00
8511,1264,8512,2026-02-04 12:00:00
8512,1271,8513,2026-02-04 12:00:00
8513,1279,8514,2026-02-04 12:00:00
8514,1293,8515,2026-02-04 12:00:00
8515,1296,8516,2026-02-04 12:00:00
8516,1297,8517,2026-02-04 12:00:00
8517,1298,8518,2026-02-04 12:00:00
8518,1301,8519,2026-02-04 12:00:00
8519,1305,8520,2026-02-04 12:00:00
8520,1320,8521,2026-02-04 12:00:00
8521,1342,8522,2026-02-04 12:00:00
8522,1343,8523,2026-02-04 12:00:00
8523,1344,8524,2026-02-04 12:00:00
8524,1349,8525,2026-02-04 12:00:00
8525,1351,8526,2026-02-04 12:00:00
8526,1355,8527,2026-02-04 12:00:00
8527,1363,8528,2026-02-04 12:00:00
8528,1365,8529,2026-02-04 12:00:00
8529,1370,8530,2026-02-04 12:00:00
8530,1371,8531,2026-02-04 12:00:00
8531,1373,8532,2026-02-04 12:00:00
8532,1382,8533,2026-02-04 12:00:00
8533,1386,8534,2026-02-04 12:00:00
8534,1392,8535,2026-02-04 12:00:00
8535,1393,8536,2026-02-04 12:00:00
8536,1397,8537,2026-02-04 12:00:00
8537,1404,8538,2026-02-04 12:00:00
8538,1407,8539,2026-02-04 12:00:00
8539,1414,8540,2026-02-04 12:00:00
8540,1415,8541,2026-02-04 12:00:00
8541,1418,8542,2026-02-04 12:00:00
8542,1419,8543,2026-02-04 12:00:00
8543,1431,8544,2026-02-04 12:00:00
8544,1433,8545,2026-02-04 12:00:00
8545,1436,8546,2026-02-04 12:00:00
8546,1442,8547,2026-02-04 12:00:00
8547,1458,8548,2026-02-04 12:00:00
8548,1461,8549,2026-02-04 12:00:00
8549,1463,8550,2026-02-04 12:00:00
8550,1476,8551,2026-02-04 12:00:00
8551,1490,8552,2026-02-04 12:00:00
8552,1491,8553,2026-02-04 12:00:00
8553,1494,8554,2026-02-04 12:00:00
8554,1504,8555,2026-02-04 12:00:00
8555,1505,8556,2026-02-04 12:00:00
8556,1508,8557,2026-02-04 12:00:00
8557,1,8558,2026-02-05 12:00:00
8558,3,8559,2026-02-05 12:00:00
8559,4,8560,2026-02-05 12:00:00
8560,5,8561,2026-02-05 12:00:00
8561,10,8562,2026-02-05 12:00:00
8562,13,8563,2026-02-05 12:00:00
8563,28,8564,2026-02-05 12:00:00
8564,31,8565,2026-02-05 12:00:00
8565,46,8566,2026-02-05 12:00:00
8566,47,8567,2026-02-05 12:00:00
8567,51,8568,2026-02-05 12:00:00
8568,57,8569,2026-02-05 12:00:00
8569,66,8570,2026-02-05 12:00:00
8570,74,8571,2026-02-05 12:00:00
8571,75,8572,2026-02-05 12:00:00
8572,77,8573,2026-02-05 12:00:00
8573,81,8574,2026-02-05 12:00:00
8574,83,8575,2026-02-05 12:00:00
8575,84,8576,2026-02-05 12:00:00
8576,91,8577,2026-02-05 12:00:00
8577,96,8578,2026-02-05 12:00:00
8578,100,8579,2026-02-05 12:00:00
8579,106,8580,2026-02-05 12:00:00
8580,111,8581,2026-02-05 12:00:00
8581,122,8582,2026-02-05 12:00:00
8582,135,8583,2026-02-05 12:00:00
8583,139,8584,2026-02-05 12:00:00
8584,149,8585,2026-02-05 12:00:00
8585,152,8586,2026-02-05 12:00:00
8586,176,8587,2026-02-05 12:00:00
8587,183,8588,2026-02-05 12:00:00
8588,186,8589,2026-02-05 12:00:00
8589,191,8590,2026-02-05 12:00:00
8590,194,8591,2026-02-05 12:00:00
8591,195,8592,2026-02-05 12:00:00
8592,203,8593,2026-02-05 12:00:00
8593,210,8594,2026-02-05 12:00:00
8594,212,8595,2026-02-05 12:00:00
8595,215,8596,2026-02-05 12:00:00
8596,217,8597,2026-02-05 12:00:00
8597,221,8598,2026-02-05 12:00:00
8598,224,8599,2026-02-05 12:00:00
8599,227,8600,2026-02-05 12:00:00
8600,229,8601,2026-02-05 12:00:00
8601,241,8602,2026-02-05 12:00:00
8602,242,8603,2026-02-05 12:00:00
8603,245,8604,2026-02-05 12:00:00
8604,248,8605,2026-02-05 12:00:00
8605,254,8606,2026-02-05 12:00:00
8606,258,8607,2026-02-05 12:00:00
8607,260,8608,2026-02-05 12:00:00
8608,261,8609,2026-02-05 12:00:00
8609,265,8610,2026-02-05 12:00:00
8610,266,8611,2026-02-05 12:00:00
8611,271,8612,2026-02-05 12:00:00
8612,272,8613,2026-02-05 12:00:00
8613,274,8614,2026-02-05 12:00:00
8614,281,8615,2026-02-05 12:00:00
8615,288,8616,2026-02-05 12:00:00
8616,289,8617,2026-02-05 12:00:00
8617,294,8618,2026-02-05 12:00:00
8618,296,8619,2026-02-05 12:00:00
8619,298,8620,2026-02-05 12:00:00
8620,299,8621,2026-02-05 12:00:00
8621,306,8622,2026-02-05 12:00:00
8622,308,8623,2026-02-05 12:00:00
8623,310,8624,2026-02-05 12:00:00
8624,313,8625,2026-02-05 12:00:00
8625,326,8626,2026-02-05 12:00:00
8626,330,8627,2026-02-05 12:00:00
8627,336,8628,2026-02-05 12:00:00
8628,339,8629,2026-02-05 12:00:00
8629,340,8630,2026-02-05 12:00:00
8630,342,8631,2026-02-05 12:00:00
8631,350,8632,2026-02-05 12:00:00
8632,355,8633,2026-02-05 12:00:00
8633,358,8634,2026-02-05 12:00:00
8634,375,8635,2026-02-05 12:00:00
8635,376,8636,2026-02-05 12:00:00
8636,380,8637,2026-02-05 12:00:00
8637,383,8638,2026-02-05 12:00:00
8638,390,8639,2026-02-05 12:00:00
8639,397,8640,2026-02-05 12:00:00
8640,403,8641,2026-02-05 12:00:00
8641,405,8642,2026-02-05 12:00:00
8642,408,8643,2026-02-05 12:00:00
8643,409,8644,2026-02-05 12:00:00
8644,410,8645,2026-02-05 12:00:00
8645,419,8646,2026-02-05 12:00:00
8646,427,8647,2026-02-05 12:00:00
8647,430,8648,2026-02-05 12:00:00
8648,441,8649,2026-02-05 12:00:00
8649,443,8650,2026-02-05 12:00:00
8650,446,8651,2026-02-05 12:00:00
8651,451,8652,2026-02-05 12:00:00
8652,456,8653,2026-02-05 12:00:00
8653,473,8654,2026-02-05 12:00:00
8654,475,8655,2026-02-05 12:00:00
8655,476,8656,2026-02-05 12:00:00
8656,478,8657,2026-02-05 12:00:00
8657,481,8658,2026-02-05 12:00:00
8658,483,8659,2026-02-05 12:00:00
8659,491,8660,2026-02-05 12:00:00
8660,495,8661,2026-02-05 12:00:00
8661,504,8662,2026-02-05 12:00:00
8662,509,8663,2026-02-05 12:00:00
8663,513,8664,2026-02-05 12:00:00
8664,515,8665,2026-02-05 12:00:00
8665,519,8666,2026-02-05 12:00:00
8666,522,8667,2026-02-05 12:00:00
8667,523,8668,2026-02-05 12:00:00
8668,536,8669,2026-02-05 12:00:00
8669,538,8670,2026-02-05 12:00:00
8670,552,8671,2026-02-05 12:00:00
8671,558,8672,2026-02-05 12:00:00
8672,559,8673,2026-02-05 12:00:00
8673,563,8674,2026-02-05 12:00:00
8674,565,8675,2026-02-05 12:00:00
8675,570,8676,2026-02-05 12:00:00
8676,578,8677,2026-02-05 12:00:00
8677,588,8678,2026-02-05 12:00:00
8678,591,8679,2026-02-05 12:00:00
8679,593,8680,2026-02-05 12:00:00
8680,598,8681,2026-02-05 12:00:00
8681,599,8682,2026-02-05 12:00:00
8682,600,8683,2026-02-05 12:00:00
8683,603,8684,2026-02-05 12:00:00
8684,615,8685,2026-02-05 12:00:00
8685,618,8686,2026-02-05 12:00:00
8686,619,8687,2026-02-05 12:00:00
8687,620,8688,2026-02-05 12:00:00
8688,629,8689,2026-02-05 12:00:00
8689,630,8690,2026-02-05 12:00:00
8690,636,8691,2026-02-05 12:00:00
8691,650,8692,2026-02-05 12:00:00
8692,651,8693,2026-02-05 12:00:00
8693,653,8694,2026-02-05 12:00:00
8694,660,8695,2026-02-05 12:00:00
8695,664,8696,2026-02-05 12:00:00
8696,673,8697,2026-02-05 12:00:00
8697,674,8698,2026-02-05 12:00:00
8698,676,8699,2026-02-05 12:00:00
8699,682,8700,2026-02-05 12:00:00
8700,689,8701,2026-02-05 12:00:00
8701,691,8702,2026-02-05 12:00:00
8702,694,8703,2026-02-05 12:00:00
8703,702,8704,2026-02-05 12:00:00
8704,703,8705,2026-02-05 12:00:00
8705,707,8706,2026-02-05 12:00:00
8706,712,8707,2026-02-05 12:00:00
8707,714,8708,2026-02-05 12:00:00
8708,726,8709,2026-02-05 12:00:00
8709,727,8710,2026-02-05 12:00:00
8710,739,8711,2026-02-05 12:00:00
8711,744,8712,2026-02-05 12:00:00
8712,750,8713,2026-02-05 12:00:00
8713,759,8714,2026-02-05 12:00:00
8714,767,8715,2026-02-05 12:00:00
8715,768,8716,2026-02-05 12:00:00
8716,770,8717,2026-02-05 12:00:00
8717,771,8718,2026-02-05 12:00:00
8718,786,8719,2026-02-05 12:00:00
8719,788,8720,2026-02-05 12:00:00
8720,791,8721,2026-02-05 12:00:00
8721,802,8722,2026-02-05 12:00:00
8722,803,8723,2026-02-05 12:00:00
8723,814,8724,2026-02-05 12:00:00
8724,817,8725,2026-02-05 12:00:00
8725,820,8726,2026-02-05 12:00:00
8726,826,8727,2026-02-05 12:00:00
8727,845,8728,2026-02-05 12:00:00
8728,848,8729,2026-02-05 12:00:00
8729,851,8730,2026-02-05 12:00:00
8730,859,8731,2026-02-05 12:00:00
8731,863,8732,2026-02-05 12:00:00
8732,867,8733,2026-02-05 12:00:00
8733,874,8734,2026-02-05 12:00:00
8734,877,8735,2026-02-05 12:00:00
8735,878,8736,2026-02-05 12:00:00
8736,880,8737,2026-02-05 12:00:00
8737,882,8738,2026-02-05 12:00:00
8738,887,8739,2026-02-05 12:00:00
8739,895,8740,2026-02-05 12:00:00
8740,897,8741,2026-02-05 12:00:00
8741,898,8742,2026-02-05 12:00:00
8742,899,8743,2026-02-05 12:00:00
8743,904,8744,2026-02-05 12:00:00
8744,906,8745,2026-02-05 12:00:00
8745,908,8746,2026-02-05 12:00:00
8746,913,8747,2026-02-05 12:00:00
8747,914,8748,2026-02-05 12:00:00
8748,919,8749,2026-02-05 12:00:00
8749,925,8750,2026-02-05 12:00:00
8750,930,8751,2026-02-05 12:00:00
8751,933,8752,2026-02-05 12:00:00
8752,934,8753,2026-02-05 12:00:00
8753,938,8754,2026-02-05 12:00:00
8754,956,8755,2026-02-05 12:00:00
8755,957,8756,2026-02-05 12:00:00
8756,960,8757,2026-02-05 12:00:00
8757,962,8758,2026-02-05 12:00:00
8758,963,8759,2026-02-05 12:00:00
8759,972,8760,2026-02-05 12:00:00
8760,973,8761,2026-02-05 12:00:00
8761,980,8762,2026-02-05 12:00:00
8762,983,8763,2026-02-05 12:00:00
8763,986,8764,2026-02-05 12:00:00
8764,989,8765,2026-02-05 12:00:00
8765,1013,8766,2026-02-05 12:00:00
8766,1017,8767,2026-02-05 12:00:00
8767,1021,8768,2026-02-05 12:00:00
8768,1035,8769,2026-02-05 12:00:00
8769,1055,8770,2026-02-05 12:00:00
8770,1062,8771,2026-02-05 12:00:00
8771,1080,8772,2026-02-05 12:00:00
8772,1081,8773,2026-02-05 12:00:00
8773,1088,8774,2026-02-05 12:00:00
8774,1098,8775,2026-02-05 12:00:00
8775,1105,8776,2026-02-05 12:00:00
8776,1108,8777,2026-02-05 12:00:00
8777,1110,8778,2026-02-05 12:00:00
8778,1122,8779,2026-02-05 12:00:00
8779,1123,8780,2026-02-05 12:00:00
8780,1125,8781,2026-02-05 12:00:00
8781,1141,8782,2026-02-05 12:00:00
8782,1142,8783,2026-02-05 12:00:00
8783,1144,8784,2026-02-05 12:00:00
8784,1152,8785,2026-02-05 12:00:00
8785,1157,8786,2026-02-05 12:00:00
8786,1158,8787,2026-02-05 12:00:00
8787,1161,8788,2026-02-05 12:00:00
8788,1162,8789,2026-02-05 12:00:00
8789,1164,8790,2026-02-05 12:00:00
8790,1165,8791,2026-02-05 12:00:00
8791,1166,8792,2026-02-05 12:00:00
8792,1173,8793,2026-02-05 12:00:00
8793,1177,8794,2026-02-05 12:00:00
8794,1179,8795,2026-02-05 12:00:00
8795,1185,8796,2026-02-05 12:00:00
8796,1188,8797,2026-02-05 12:00:00
8797,1189,8798,2026-02-05 12:00:00
8798,1198,8799,2026-02-05 12:00:00
8799,1199,8800,2026-02-05 12:00:00
8800,1203,8801,2026-02-05 12:00:00
8801,1206,8802,2026-02-05 12:00:00
8802,1207,8803,2026-02-05 12:00:00
8803,1214,8804,2026-02-05 12:00:00
8804,1227,8805,2026-02-05 12:00:00
8805,1232,8806,2026-02-05 12:00:00
8806,1240,8807,2026-02-05 12:00:00
8807,1242,8808,2026-02-05 12:00:00
8808,1255,8809,2026-02-05 12:00:00
8809,1261,8810,2026-02-05 12:00:00
8810,1262,8811,2026-02-05 12:00:00
8811,1266,8812,2026-02-05 12:00:00
8812,1267,8813,2026-02-05 12:00:00
8813,1269,8814,2026-02-05 12:00:00
8814,1275,8815,2026-02-05 12:00:00
8815,1280,8816,2026-02-05 12:00:00
8816,1296,8817,2026-02-05 12:00:00
8817,1303,8818,2026-02-05 12:00:00
8818,1310,8819,2026-02-05 12:00:00
8819,1322,8820,2026-02-05 12:00:00
8820,1324,8821,2026-02-05 12:00:00
8821,1325,8822,2026-02-05 12:00:00
8822,1332,8823,2026-02-05 12:00:00
8823,1337,8824,2026-02-05 12:00:00
8824,1341,8825,2026-02-05 12:00:00
8825,1345,8826,2026-02-05 12:00:00
8826,1358,8827,2026-02-05 12:00:00
8827,1359,8828,2026-02-05 12:00:00
8828,1368,8829,2026-02-05 12:00:00
8829,1369,8830,2026-02-05 12:00:00
8830,1375,8831,2026-02-05 12:00:00
8831,1379,8832,2026-02-05 12:00:00
8832,1382,8833,2026-02-05 12:00:00
8833,1388,8834,2026-02-05 12:00:00
8834,1390,8835,2026-02-05 12:00:00
8835,1394,8836,2026-02-05 12:00:00
8836,1397,8837,2026-02-05 12:00:00
8837,1398,8838,2026-02-05 12:00:00
8838,1402,8839,2026-02-05 12:00:00
8839,1404,8840,2026-02-05 12:00:00
8840,1414,8841,2026-02-05 12:00:00
8841,1415,8842,2026-02-05 12:00:00
8842,1429,8843,2026-02-05 12:00:00
8843,1435,8844,2026-02-05 12:00:00
8844,1447,8845,2026-02-05 12:00:00
8845,1451,8846,2026-02-05 12:00:00
8846,1452,8847,2026-02-05 12:00:00
8847,1455,8848,2026-02-05 12:00:00
8848,1458,8849,2026-02-05 12:00:00
8849,1460,8850,2026-02-05 12:00:00
8850,1487,8851,2026-02-05 12:00:00
8851,1491,8852,2026-02-05 12:00:00
8852,1496,8853,2026-02-05 12:00:00
8853,1499,8854,2026-02-05 12:00:00
8854,1501,8855,2026-02-05 12:00:00
8855,1510,8856,2026-02-05 12:00:00
8856,1511,8857,2026-02-05 12:00:00
8857,1515,8858,2026-02-05 12:00:00
8858,7,8859,2026-02-06 12:00:00
8859,9,8860,2026-02-06 12:00:00
8860,14,8861,2026-02-06 12:00:00
8861,24,8862,2026-02-06 12:00:00
8862,31,8863,2026-02-06 12:00:00
8863,33,8864,2026-02-06 12:00:00
8864,34,8865,2026-02-06 12:00:00
8865,35,8866,2026-02-06 12:00:00
8866,41,8867,2026-02-06 12:00:00
8867,49,8868,2026-02-06 12:00:00
8868,58,8869,2026-02-06 12:00:00
8869,70,8870,2026-02-06 12:00:00
8870,79,8871,2026-02-06 12:00:00
8871,91,8872,2026-02-06 12:00:00
8872,95,8873,2026-02-06 12:00:00
8873,99,8874,2026-02-06 12:00:00
8874,100,8875,2026-02-06 12:00:00
8875,102,8876,2026-02-06 12:00:00
8876,104,8877,2026-02-06 12:00:00
8877,106,8878,2026-02-06 12:00:00
8878,107,8879,2026-02-06 12:00:00
8879,109,8880,2026-02-06 12:00:00
8880,111,8881,2026-02-06 12:00:00
8881,113,8882,2026-02-06 12:00:00
8882,123,8883,2026-02-06 12:00:00
8883,125,8884,2026-02-06 12:00:00
8884,129,8885,2026-02-06 12:00:00
8885,131,8886,2026-02-06 12:00:00
8886,136,8887,2026-02-06 12:00:00
8887,145,8888,2026-02-06 12:00:00
8888,146,8889,2026-02-06 12:00:00
8889,149,8890,2026-02-06 12:00:00
8890,152,8891,2026-02-06 12:00:00
8891,157,8892,2026-02-06 12:00:00
8892,161,8893,2026-02-06 12:00:00
8893,165,8894,2026-02-06 12:00:00
8894,170,8895,2026-02-06 12:00:00
8895,172,8896,2026-02-06 12:00:00
8896,186,8897,2026-02-06 12:00:00
8897,188,8898,2026-02-06 12:00:00
8898,192,8899,2026-02-06 12:00:00
8899,194,8900,2026-02-06 12:00:00
8900,195,8901,2026-02-06 12:00:00
8901,196,8902,2026-02-06 12:00:00
8902,197,8903,2026-02-06 12:00:00
8903,200,8904,2026-02-06 12:00:00
8904,215,8905,2026-02-06 12:00:00
8905,225,8906,2026-02-06 12:00:00
8906,230,8907,2026-02-06 12:00:00
8907,252,8908,2026-02-06 12:00:00
8908,253,8909,2026-02-06 12:00:00
8909,254,8910,2026-02-06 12:00:00
8910,255,8911,2026-02-06 12:00:00
8911,258,8912,2026-02-06 12:00:00
8912,260,8913,2026-02-06 12:00:00
8913,265,8914,2026-02-06 12:00:00
8914,272,8915,2026-02-06 12:00:00
8915,277,8916,2026-02-06 12:00:00
8916,294,8917,2026-02-06 12:00:00
8917,306,8918,2026-02-06 12:00:00
8918,313,8919,2026-02-06 12:00:00
8919,317,8920,2026-02-06 12:00:00
8920,318,8921,2026-02-06 12:00:00
8921,322,8922,2026-02-06 12:00:00
8922,327,8923,2026-02-06 12:00:00
8923,330,8924,2026-02-06 12:00:00
8924,332,8925,2026-02-06 12:00:00
8925,335,8926,2026-02-06 12:00:00
8926,336,8927,2026-02-06 12:00:00
8927,337,8928,2026-02-06 12:00:00
8928,344,8929,2026-02-06 12:00:00
8929,348,8930,2026-02-06 12:00:00
8930,349,8931,2026-02-06 12:00:00
8931,350,8932,2026-02-06 12:00:00
8932,353,8933,2026-02-06 12:00:00
8933,354,8934,2026-02-06 12:00:00
8934,357,8935,2026-02-06 12:00:00
8935,359,8936,2026-02-06 12:00:00
8936,368,8937,2026-02-06 12:00:00
8937,369,8938,2026-02-06 12:00:00
8938,377,8939,2026-02-06 12:00:00
8939,384,8940,2026-02-06 12:00:00
8940,387,8941,2026-02-06 12:00:00
8941,388,8942,2026-02-06 12:00:00
8942,391,8943,2026-02-06 12:00:00
8943,394,8944,2026-02-06 12:00:00
8944,396,8945,2026-02-06 12:00:00
8945,403,8946,2026-02-06 12:00:00
8946,407,8947,2026-02-06 12:00:00
8947,409,8948,2026-02-06 12:00:00
8948,417,8949,2026-02-06 12:00:00
8949,438,8950,2026-02-06 12:00:00
8950,442,8951,2026-02-06 12:00:00
8951,451,8952,2026-02-06 12:00:00
8952,455,8953,2026-02-06 12:00:00
8953,461,8954,2026-02-06 12:00:00
8954,463,8955,2026-02-06 12:00:00
8955,464,8956,2026-02-06 12:00:00
8956,476,8957,2026-02-06 12:00:00
8957,477,8958,2026-02-06 12:00:00
8958,483,8959,2026-02-06 12:00:00
8959,487,8960,2026-02-06 12:00:00
8960,491,8961,2026-02-06 12:00:00
8961,496,8962,2026-02-06 12:00:00
8962,497,8963,2026-02-06 12:00:00
8963,508,8964,2026-02-06 12:00:00
8964,515,8965,2026-02-06 12:00:00
8965,521,8966,2026-02-06 12:00:00
8966,526,8967,2026-02-06 12:00:00
8967,533,8968,2026-02-06 12:00:00
8968,535,8969,2026-02-06 12:00:00
8969,540,8970,2026-02-06 12:00:00
8970,546,8971,2026-02-06 12:00:00
8971,548,8972,2026-02-06 12:00:00
8972,561,8973,2026-02-06 12:00:00
8973,564,8974,2026-02-06 12:00:00
8974,565,8975,2026-02-06 12:00:00
8975,567,8976,2026-02-06 12:00:00
8976,569,8977,2026-02-06 12:00:00
8977,572,8978,2026-02-06 12:00:00
8978,579,8979,2026-02-06 12:00:00
8979,582,8980,2026-02-06 12:00:00
8980,584,8981,2026-02-06 12:00:00
8981,589,8982,2026-02-06 12:00:00
8982,594,8983,2026-02-06 12:00:00
8983,595,8984,2026-02-06 12:00:00
8984,596,8985,2026-02-06 12:00:00
8985,597,8986,2026-02-06 12:00:00
8986,598,8987,2026-02-06 12:00:00
8987,609,8988,2026-02-06 12:00:00
8988,611,8989,2026-02-06 12:00:00
8989,612,8990,2026-02-06 12:00:00
8990,616,8991,2026-02-06 12:00:00
8991,617,8992,2026-02-06 12:00:00
8992,618,8993,2026-02-06 12:00:00
8993,620,8994,2026-02-06 12:00:00
8994,629,8995,2026-02-06 12:00:00
8995,633,8996,2026-02-06 12:00:00
8996,636,8997,2026-02-06 12:00:00
8997,645,8998,2026-02-06 12:00:00
8998,648,8999,2026-02-06 12:00:00
8999,650,9000,2026-02-06 12:00:00
9000,651,9001,2026-02-06 12:00:00
9001,665,9002,2026-02-06 12:00:00
9002,668,9003,2026-02-06 12:00:00
9003,678,9004,2026-02-06 12:00:00
9004,681,9005,2026-02-06 12:00:00
9005,684,9006,2026-02-06 12:00:00
9006,692,9007,2026-02-06 12:00:00
9007,700,9008,2026-02-06 12:00:00
9008,709,9009,2026-02-06 12:00:00
9009,710,9010,2026-02-06 12:00:00
9010,715,9011,2026-02-06 12:00:00
9011,717,9012,2026-02-06 12:00:00
9012,724,9013,2026-02-06 12:00:00
9013,731,9014,2026-02-06 12:00:00
9014,743,9015,2026-02-06 12:00:00
9015,750,9016,2026-02-06 12:00:00
9016,752,9017,2026-02-06 12:00:00
9017,753,9018,2026-02-06 12:00:00
9018,754,9019,2026-02-06 12:00:00
9019,756,9020,2026-02-06 12:00:00
9020,762,9021,2026-02-06 12:00:00
9021,764,9022,2026-02-06 12:00:00
9022,768,9023,2026-02-06 12:00:00
9023,776,9024,2026-02-06 12:00:00
9024,784,9025,2026-02-06 12:00:00
9025,788,9026,2026-02-06 12:00:00
9026,800,9027,2026-02-06 12:00:00
9027,810,9028,2026-02-06 12:00:00
9028,814,9029,2026-02-06 12:00:00
9029,815,9030,2026-02-06 12:00:00
9030,816,9031,2026-02-06 12:00:00
9031,818,9032,2026-02-06 12:00:00
9032,832,9033,2026-02-06 12:00:00
9033,833,9034,2026-02-06 12:00:00
9034,835,9035,2026-02-06 12:00:00
9035,840,9036,2026-02-06 12:00:00
9036,848,9037,2026-02-06 12:00:00
9037,853,9038,2026-02-06 12:00:00
9038,856,9039,2026-02-06 12:00:00
9039,866,9040,2026-02-06 12:00:00
9040,870,9041,2026-02-06 12:00:00
9041,884,9042,2026-02-06 12:00:00
9042,897,9043,2026-02-06 12:00:00
9043,906,9044,2026-02-06 12:00:00
9044,917,9045,2026-02-06 12:00:00
9045,925,9046,2026-02-06 12:00:00
9046,932,9047,2026-02-06 12:00:00
9047,941,9048,2026-02-06 12:00:00
9048,943,9049,2026-02-06 12:00:00
9049,947,9050,2026-02-06 12:00:00
9050,948,9051,2026-02-06 12:00:00
9051,949,9052,2026-02-06 12:00:00
9052,950,9053,2026-02-06 12:00:00
9053,952,9054,2026-02-06 12:00:00
9054,956,9055,2026-02-06 12:00:00
9055,966,9056,2026-02-06 12:00:00
9056,970,9057,2026-02-06 12:00:00
9057,976,9058,2026-02-06 12:00:00
9058,987,9059,2026-02-06 12:00:00
9059,995,9060,2026-02-06 12:00:00
9060,999,9061,2026-02-06 12:00:00
9061,1004,9062,2026-02-06 12:00:00
9062,1007,9063,2026-02-06 12:00:00
9063,1010,9064,2026-02-06 12:00:00
9064,1013,9065,2026-02-06 12:00:00
9065,1017,9066,2026-02-06 12:00:00
9066,1023,9067,2026-02-06 12:00:00
9067,1027,9068,2026-02-06 12:00:00
9068,1031,9069,2026-02-06 12:00:00
9069,1036,9070,2026-02-06 12:00:00
9070,1044,9071,2026-02-06 12:00:00
9071,1047,9072,2026-02-06 12:00:00
9072,1051,9073,2026-02-06 12:00:00
9073,1057,9074,2026-02-06 12:00:00
9074,1060,9075,2026-02-06 12:00:00
9075,1070,9076,2026-02-06 12:00:00
9076,1071,9077,2026-02-06 12:00:00
9077,1073,9078,2026-02-06 12:00:00
9078,1078,9079,2026-02-06 12:00:00
9079,1080,9080,2026-02-06 12:00:00
9080,1085,9081,2026-02-06 12:00:00
9081,1086,9082,2026-02-06 12:00:00
9082,1093,9083,2026-02-06 12:00:00
9083,1095,9084,2026-02-06 12:00:00
9084,1098,9085,2026-02-06 12:00:00
9085,1106,9086,2026-02-06 12:00:00
9086,1107,9087,2026-02-06 12:00:00
9087,1124,9088,2026-02-06 12:00:00
9088,1130,9089,2026-02-06 12:00:00
9089,1131,9090,2026-02-06 12:00:00
9090,1151,9091,2026-02-06 12:00:00
9091,1152,9092,2026-02-06 12:00:00
9092,1167,9093,2026-02-06 12:00:00
9093,1176,9094,2026-02-06 12:00:00
9094,1179,9095,2026-02-06 12:00:00
9095,1191,9096,2026-02-06 12:00:00
9096,1198,9097,2026-02-06 12:00:00
9097,1206,9098,2026-02-06 12:00:00
9098,1207,9099,2026-02-06 12:00:00
9099,1209,9100,2026-02-06 12:00:00
9100,1211,9101,2026-02-06 12:00:00
9101,1219,9102,2026-02-06 12:00:00
9102,1229,9103,2026-02-06 12:00:00
9103,1230,9104,2026-02-06 12:00:00
9104,1234,9105,2026-02-06 12:00:00
9105,1239,9106,2026-02-06 12:00:00
9106,1244,9107,2026-02-06 12:00:00
9107,1252,9108,2026-02-06 12:00:00
9108,1266,9109,2026-02-06 12:00:00
9109,1273,9110,2026-02-06 12:00:00
9110,1285,9111,2026-02-06 12:00:00
9111,1289,9112,2026-02-06 12:00:00
9112,1290,9113,2026-02-06 12:00:00
9113,1300,9114,2026-02-06 12:00:00
9114,1301,9115,2026-02-06 12:00:00
9115,1303,9116,2026-02-06 12:00:00
9116,1316,9117,2026-02-06 12:00:00
9117,1317,9118,2026-02-06 12:00:00
9118,1318,9119,2026-02-06 12:00:00
9119,1321,9120,2026-02-06 12:00:00
9120,1328,9121,2026-02-06 12:00:00
9121,1329,9122,2026-02-06 12:00:00
9122,1337,9123,2026-02-06 12:00:00
9123,1343,9124,2026-02-06 12:00:00
9124,1344,9125,2026-02-06 12:00:00
9125,1361,9126,2026-02-06 12:00:00
9126,1382,9127,2026-02-06 12:00:00
9127,1385,9128,2026-02-06 12:00:00
9128,1386,9129,2026-02-06 12:00:00
9129,1390,9130,2026-02-06 12:00:00
9130,1394,9131,2026-02-06 12:00:00
9131,1400,9132,2026-02-06 12:00:00
9132,1402,9133,2026-02-06 12:00:00
9133,1411,9134,2026-02-06 12:00:00
9134,1420,9135,2026-02-06 12:00:00
9135,1421,9136,2026-02-06 12:00:00
9136,1423,9137,2026-02-06 12:00:00
9137,1431,9138,2026-02-06 12:00:00
9138,1432,9139,2026-02-06 12:00:00
9139,1437,9140,2026-02-06 12:00:00
9140,1445,9141,2026-02-06 12:00:00
9141,1448,9142,2026-02-06 12:00:00
9142,1450,9143,2026-02-06 12:00:00
9143,1451,9144,2026-02-06 12:00:00
9144,1459,9145,2026-02-06 12:00:00
9145,1464,9146,2026-02-06 12:00:00
9146,1468,9147,2026-02-06 12:00:00
9147,1469,9148,2026-02-06 12:00:00
9148,1474,9149,2026-02-06 12:00:00
9149,1476,9150,2026-02-06 12:00:00
9150,1480,9151,2026-02-06 12:00:00
9151,1481,9152,2026-02-06 12:00:00
9152,1482,9153,2026-02-06 12:00:00
9153,1486,9154,2026-02-06 12:00:00
9154,1487,9155,2026-02-06 12:00:00
9155,1499,9156,2026-02-06 12:00:00
9156,1505,9157,2026-02-06 12:00:00
9157,1510,9158,2026-02-06 12:00:00
9158,1512,9159,2026-02-06 12:00:00
9159,1519,9160,2026-02-06 12:00:00
9160,1525,9161,2026-02-06 12:00:00
9161,1528,9162,2026-02-06 12:00:00
9162,1531,9163,2026-02-06 12:00:00
9163,1545,9164,2026-02-06 12:00:00
9164,1550,9165,2026-02-06 12:00:00
9165,1552,9166,2026-02-06 12:00:00
9166,1553,9167,2026-02-06 12:00:00
9167,1560,9168,2026-02-06 12:00:00
9168,5,9169,2026-02-07 12:00:00
9169,6,9170,2026-02-07 12:00:00
9170,9,9171,2026-02-07 12:00:00
9171,17,9172,2026-02-07 12:00:00
9172,18,9173,2026-02-07 12:00:00
9173,25,9174,2026-02-07 12:00:00
9174,26,9175,2026-02-07 12:00:00
9175,27,9176,2026-02-07 12:00:00
9176,32,9177,2026-02-07 12:00:00
9177,44,9178,2026-02-07 12:00:00
9178,45,9179,2026-02-07 12:00:00
9179,47,9180,2026-02-07 12:00:00
9180,56,9181,2026-02-07 12:00:00
9181,63,9182,2026-02-07 12:00:00
9182,65,9183,2026-02-07 12:00:00
9183,74,9184,2026-02-07 12:00:00
9184,79,9185,2026-02-07 12:00:00
9185,89,9186,2026-02-07 12:00:00
9186,92,9187,2026-02-07 12:00:00
9187,94,9188,2026-02-07 12:00:00
9188,95,9189,2026-02-07 12:00:00
9189,97,9190,2026-02-07 12:00:00
9190,98,9191,2026-02-07 12:00:00
9191,100,9192,2026-02-07 12:00:00
9192,103,9193,2026-02-07 12:00:00
9193,104,9194,2026-02-07 12:00:00
9194,109,9195,2026-02-07 12:00:00
9195,110,9196,2026-02-07 12:00:00
9196,112,9197,2026-02-07 12:00:00
9197,115,9198,2026-02-07 12:00:00
9198,119,9199,2026-02-07 12:00:00
9199,121,9200,2026-02-07 12:00:00
9200,129,9201,2026-02-07 12:00:00
9201,134,9202,2026-02-07 12:00:00
9202,135,9203,2026-02-07 12:00:00
9203,139,9204,2026-02-07 12:00:00
9204,147,9205,2026-02-07 12:00:00
9205,150,9206,2026-02-07 12:00:00
9206,151,9207,2026-02-07 12:00:00
9207,159,9208,2026-02-07 12:00:00
9208,161,9209,2026-02-07 12:00:00
9209,168,9210,2026-02-07 12:00:00
9210,171,9211,2026-02-07 12:00:00
9211,172,9212,2026-02-07 12:00:00
9212,175,9213,2026-02-07 12:00:00
9213,183,9214,2026-02-07 12:00:00
9214,185,9215,2026-02-07 12:00:00
9215,188,9216,2026-02-07 12:00:00
9216,195,9217,2026-02-07 12:00:00
9217,203,9218,2026-02-07 12:00:00
9218,205,9219,2026-02-07 12:00:00
9219,206,9220,2026-02-07 12:00:00
9220,209,9221,2026-02-07 12:00:00
9221,211,9222,2026-02-07 12:00:00
9222,213,9223,2026-02-07 12:00:00
9223,223,9224,2026-02-07 12:00:00
9224,224,9225,2026-02-07 12:00:00
9225,238,9226,2026-02-07 12:00:00
9226,240,9227,2026-02-07 12:00:00
9227,258,9228,2026-02-07 12:00:00
9228,263,9229,2026-02-07 12:00:00
9229,265,9230,2026-02-07 12:00:00
9230,266,9231,2026-02-07 12:00:00
9231,274,9232,2026-02-07 12:00:00
9232,279,9233,2026-02-07 12:00:00
9233,292,9234,2026-02-07 12:00:00
9234,295,9235,2026-02-07 12:00:00
9235,306,9236,2026-02-07 12:00:00
9236,307,9237,2026-02-07 12:00:00
9237,310,9238,2026-02-07 12:00:00
9238,313,9239,2026-02-07 12:00:00
9239,319,9240,2026-02-07 12:00:00
9240,328,9241,2026-02-07 12:00:00
9241,332,9242,2026-02-07 12:00:00
9242,337,9243,2026-02-07 12:00:00
9243,345,9244,2026-02-07 12:00:00
9244,346,9245,2026-02-07 12:00:00
9245,348,9246,2026-02-07 12:00:00
9246,352,9247,2026-02-07 12:00:00
9247,354,9248,2026-02-07 12:00:00
9248,359,9249,2026-02-07 12:00:00
9249,364,9250,2026-02-07 12:00:00
9250,367,9251,2026-02-07 12:00:00
9251,384,9252,2026-02-07 12:00:00
9252,389,9253,2026-02-07 12:00:00
9253,403,9254,2026-02-07 12:00:00
9254,407,9255,2026-02-07 12:00:00
9255,421,9256,2026-02-07 12:00:00
9256,422,9257,2026-02-07 12:00:00
9257,424,9258,2026-02-07 12:00:00
9258,429,9259,2026-02-07 12:00:00
9259,432,9260,2026-02-07 12:00:00
9260,435,9261,2026-02-07 12:00:00
9261,442,9262,2026-02-07 12:00:00
9262,448,9263,2026-02-07 12:00:00
9263,449,9264,2026-02-07 12:00:00
9264,457,9265,2026-02-07 12:00:00
9265,463,9266,2026-02-07 12:00:00
9266,475,9267,2026-02-07 12:00:00
9267,489,9268,2026-02-07 12:00:00
9268,499,9269,2026-02-07 12:00:00
9269,507,9270,2026-02-07 12:00:00
9270,513,9271,2026-02-07 12:00:00
9271,521,9272,2026-02-07 12:00:00
9272,523,9273,2026-02-07 12:00:00
9273,524,9274,2026-02-07 12:00:00
9274,543,9275,2026-02-07 12:00:00
9275,544,9276,2026-02-07 12:00:00
9276,550,9277,2026-02-07 12:00:00
9277,553,9278,2026-02-07 12:00:00
9278,559,9279,2026-02-07 12:00:00
9279,561,9280,2026-02-07 12:00:00
9280,562,9281,2026-02-07 12:00:00
9281,563,9282,2026-02-07 12:00:00
9282,572,9283,2026-02-07 12:00:00
9283,573,9284,2026-02-07 12:00:00
9284,577,9285,2026-02-07 12:00:00
9285,583,9286,2026-02-07 12:00:00
9286,584,9287,2026-02-07 12:00:00
9287,592,9288,2026-02-07 12:00:00
9288,595,9289,2026-02-07 12:00:00
9289,602,9290,2026-02-07 12:00:00
9290,608,9291,2026-02-07 12:00:00
9291,615,9292,2026-02-07 12:00:00
9292,623,9293,2026-02-07 12:00:00
9293,624,9294,2026-02-07 12:00:00
9294,625,9295,2026-02-07 12:00:00
9295,630,9296,2026-02-07 12:00:00
9296,631,9297,2026-02-07 12:00:00
9297,632,9298,2026-02-07 12:00:00
9298,635,9299,2026-02-07 12:00:00
9299,637,9300,2026-02-07 12:00:00
9300,638,9301,2026-02-07 12:00:00
9301,639,9302,2026-02-07 12:00:00
9302,640,9303,2026-02-07 12:00:00
9303,641,9304,2026-02-07 12:00:00
9304,642,9305,2026-02-07 12:00:00
9305,646,9306,2026-02-07 12:00:00
9306,648,9307,2026-02-07 12:00:00
9307,667,9308,2026-02-07 12:00:00
9308,673,9309,2026-02-07 12:00:00
9309,678,9310,2026-02-07 12:00:00
9310,683,9311,2026-02-07 12:00:00
9311,711,9312,2026-02-07 12:00:00
9312,715,9313,2026-02-07 12:00:00
9313,721,9314,2026-02-07 12:00:00
9314,724,9315,2026-02-07 12:00:00
9315,726,9316,2026-02-07 12:00:00
9316,736,9317,2026-02-07 12:00:00
9317,738,9318,2026-02-07 12:00:00
9318,739,9319,2026-02-07 12:00:00
9319,742,9320,2026-02-07 12:00:00
9320,743,9321,2026-02-07 12:00:00
9321,746,9322,2026-02-07 12:00:00
9322,750,9323,2026-02-07 12:00:00
9323,755,9324,2026-02-07 12:00:00
9324,758,9325,2026-02-07 12:00:00
9325,772,9326,2026-02-07 12:00:00
9326,780,9327,2026-02-07 12:00:00
9327,785,9328,2026-02-07 12:00:00
9328,791,9329,2026-02-07 12:00:00
9329,797,9330,2026-02-07 12:00:00
9330,804,9331,2026-02-07 12:00:00
9331,811,9332,2026-02-07 12:00:00
9332,812,9333,2026-02-07 12:00:00
9333,813,9334,2026-02-07 12:00:00
9334,816,9335,2026-02-07 12:00:00
9335,824,9336,2026-02-07 12:00:00
9336,826,9337,2026-02-07 12:00:00
9337,828,9338,2026-02-07 12:00:00
9338,836,9339,2026-02-07 12:00:00
9339,840,9340,2026-02-07 12:00:00
9340,841,9341,2026-02-07 12:00:00
9341,846,9342,2026-02-07 12:00:00
9342,850,9343,2026-02-07 12:00:00
9343,852,9344,2026-02-07 12:00:00
9344,853,9345,2026-02-07 12:00:00
9345,862,9346,2026-02-07 12:00:00
9346,863,9347,2026-02-07 12:00:00
9347,864,9348,2026-02-07 12:00:00
9348,865,9349,2026-02-07 12:00:00
9349,872,9350,2026-02-07 12:00:00
9350,878,9351,2026-02-07 12:00:00
9351,883,9352,2026-02-07 12:00:00
9352,886,9353,2026-02-07 12:00:00
9353,894,9354,2026-02-07 12:00:00
9354,898,9355,2026-02-07 12:00:00
9355,901,9356,2026-02-07 12:00:00
9356,921,9357,2026-02-07 12:00:00
9357,929,9358,2026-02-07 12:00:00
9358,933,9359,2026-02-07 12:00:00
9359,965,9360,2026-02-07 12:00:00
9360,971,9361,2026-02-07 12:00:00
9361,985,9362,2026-02-07 12:00:00
9362,996,9363,2026-02-07 12:00:00
9363,997,9364,2026-02-07 12:00:00
9364,999,9365,2026-02-07 12:00:00
9365,1017,9366,2026-02-07 12:00:00
9366,1018,9367,2026-02-07 12:00:00
9367,1019,9368,2026-02-07 12:00:00
9368,1025,9369,2026-02-07 12:00:00
9369,1026,9370,2026-02-07 12:00:00
9370,1030,9371,2026-02-07 12:00:00
9371,1035,9372,2026-02-07 12:00:00
9372,1037,9373,2026-02-07 12:00:00
9373,1046,9374,2026-02-07 12:00:00
9374,1063,9375,2026-02-07 12:00:00
9375,1066,9376,2026-02-07 12:00:00
9376,1067,9377,2026-02-07 12:00:00
9377,1072,9378,2026-02-07 12:00:00
9378,1074,9379,2026-02-07 12:00:00
9379,1077,9380,2026-02-07 12:00:00
9380,1090,9381,2026-02-07 12:00:00
9381,1097,9382,2026-02-07 12:00:00
9382,1106,9383,2026-02-07 12:00:00
9383,1114,9384,2026-02-07 12:00:00
9384,1121,9385,2026-02-07 12:00:00
9385,1125,9386,2026-02-07 12:00:00
9386,1130,9387,2026-02-07 12:00:00
9387,1133,9388,2026-02-07 12:00:00
9388,1140,9389,2026-02-07 12:00:00
9389,1141,9390,2026-02-07 12:00:00
9390,1142,9391,2026-02-07 12:00:00
9391,1147,9392,2026-02-07 12:00:00
9392,1151,9393,2026-02-07 12:00:00
9393,1152,9394,2026-02-07 12:00:00
9394,1153,9395,2026-02-07 12:00:00
9395,1158,9396,2026-02-07 12:00:00
9396,1163,9397,2026-02-07 12:00:00
9397,1179,9398,2026-02-07 12:00:00
9398,1186,9399,2026-02-07 12:00:00
9399,1191,9400,2026-02-07 12:00:00
9400,1196,9401,2026-02-07 12:00:00
9401,1201,9402,2026-02-07 12:00:00
9402,1202,9403,2026-02-07 12:00:00
9403,1205,9404,2026-02-07 12:00:00
9404,1210,9405,2026-02-07 12:00:00
9405,1211,9406,2026-02-07 12:00:00
9406,1218,9407,2026-02-07 12:00:00
9407,1231,9408,2026-02-07 12:00:00
9408,1244,9409,2026-02-07 12:00:00
9409,1249,9410,2026-02-07 12:00:00
9410,1250,9411,2026-02-07 12:00:00
9411,1252,9412,2026-02-07 12:00:00
9412,1260,9413,2026-02-07 12:00:00
9413,1264,9414,2026-02-07 12:00:00
9414,1267,9415,2026-02-07 12:00:00
9415,1270,9416,2026-02-07 12:00:00
9416,1271,9417,2026-02-07 12:00:00
9417,1277,9418,2026-02-07 12:00:00
9418,1278,9419,2026-02-07 12:00:00
9419,1289,9420,2026-02-07 12:00:00
9420,1300,9421,2026-02-07 12:00:00
9421,1304,9422,2026-02-07 12:00:00
9422,1305,9423,2026-02-07 12:00:00
9423,1309,9424,2026-02-07 12:00:00
9424,1314,9425,2026-02-07 12:00:00
9425,1316,9426,2026-02-07 12:00:00
9426,1319,9427,2026-02-07 12:00:00
9427,1320,9428,2026-02-07 12:00:00
9428,1321,9429,2026-02-07 12:00:00
9429,1322,9430,2026-02-07 12:00:00
9430,1324,9431,2026-02-07 12:00:00
9431,1333,9432,2026-02-07 12:00:00
9432,1338,9433,2026-02-07 12:00:00
9433,1339,9434,2026-02-07 12:00:00
9434,1350,9435,2026-02-07 12:00:00
9435,1354,9436,2026-02-07 12:00:00
9436,1360,9437,2026-02-07 12:00:00
9437,1361,9438,2026-02-07 12:00:00
9438,1363,9439,2026-02-07 12:00:00
9439,1366,9440,2026-02-07 12:00:00
9440,1373,9441,2026-02-07 12:00:00
9441,1374,9442,2026-02-07 12:00:00
9442,1382,9443,2026-02-07 12:00:00
9443,1384,9444,2026-02-07 12:00:00
9444,1385,9445,2026-02-07 12:00:00
9445,1389,9446,2026-02-07 12:00:00
9446,1390,9447,2026-02-07 12:00:00
9447,1395,9448,2026-02-07 12:00:00
9448,1396,9449,2026-02-07 12:00:00
9449,1401,9450,2026-02-07 12:00:00
9450,1416,9451,2026-02-07 12:00:00
9451,1418,9452,2026-02-07 12:00:00
9452,1428,9453,2026-02-07 12:00:00
9453,1431,9454,2026-02-07 12:00:00
9454,1433,9455,2026-02-07 12:00:00
9455,1435,9456,2026-02-07 12:00:00
9456,1439,9457,2026-02-07 12:00:00
9457,1441,9458,2026-02-07 12:00:00
9458,1447,9459,2026-02-07 12:00:00
9459,1451,9460,2026-02-07 12:00:00
9460,1455,9461,2026-02-07 12:00:00
9461,1467,9462,2026-02-07 12:00:00
9462,1475,9463,2026-02-07 12:00:00
9463,1476,9464,2026-02-07 12:00:00
9464,1477,9465,2026-02-07 12:00:00
9465,1481,9466,2026-02-07 12:00:00
9466,1488,9467,2026-02-07 12:00:00
9467,1496,9468,2026-02-07 12:00:00
9468,1498,9469,2026-02-07 12:00:00
9469,1499,9470,2026-02-07 12:00:00
9470,1504,9471,2026-02-07 12:00:00
9471,1505,9472,2026-02-07 12:00:00
9472,1512,9473,2026-02-07 12:00:00
9473,1515,9474,2026-02-07 12:00:00
9474,1517,9475,2026-02-07 12:00:00
9475,1518,9476,2026-02-07 12:00:00
9476,1520,9477,2026-02-07 12:00:00
9477,1523,9478,2026-02-07 12:00:00
9478,1533,9479,2026-02-07 12:00:00
9479,1538,9480,2026-02-07 12:00:00
9480,1540,9481,2026-02-07 12:00:00
9481,1548,9482,2026-02-07 12:00:00
9482,1555,9483,2026-02-07 12:00:00
9483,1559,9484,2026-02-07 12:00:00
9484,1561,9485,2026-02-07 12:00:00
9485,1562,9486,2026-02-07 12:00:00
9486,1566,9487,2026-02-07 12:00:00
9487,1568,9488,2026-02-07 12:00:00
9488,1575,9489,2026-02-07 12:00:00
9489,1576,9490,2026-02-07 12:00:00
9490,1581,9491,2026-02-07 12:00:00
9491,1587,9492,2026-02-07 12:00:00
9492,8,9493,2026-02-08 12:00:00
9493,11,9494,2026-02-08 12:00:00
9494,21,9495,2026-02-08 12:00:00
9495,26,9496,2026-02-08 12:00:00
9496,27,9497,2026-02-08 12:00:00
9497,41,9498,2026-02-08 12:00:00
9498,46,9499,2026-02-08 12:00:00
9499,49,9500,2026-02-08 12:00:00
9500,50,9501,2026-02-08 12:00:00
9501,61,9502,2026-02-08 12:00:00
9502,63,9503,2026-02-08 12:00:00
9503,64,9504,2026-02-08 12:00:00
9504,66,9505,2026-02-08 12:00:00
9505,68,9506,2026-02-08 12:00:00
9506,69,9507,2026-02-08 12:00:00
9507,71,9508,2026-02-08 12:00:00
9508,84,9509,2026-02-08 12:00:00
9509,85,9510,2026-02-08 12:00:00
9510,98,9511,2026-02-08 12:00:00
9511,102,9512,2026-02-08 12:00:00
9512,107,9513,2026-02-08 12:00:00
9513,111,9514,2026-02-08 12:00:00
9514,118,9515,2026-02-08 12:00:00
9515,122,9516,2026-02-08 12:00:00
9516,123,9517,2026-02-08 12:00:00
9517,124,9518,2026-02-08 12:00:00
9518,133,9519,2026-02-08 12:00:00
9519,142,9520,2026-02-08 12:00:00
9520,148,9521,2026-02-08 12:00:00
9521,149,9522,2026-02-08 12:00:00
9522,155,9523,2026-02-08 12:00:00
9523,159,9524,2026-02-08 12:00:00
9524,164,9525,2026-02-08 12:00:00
9525,165,9526,2026-02-08 12:00:00
9526,166,9527,2026-02-08 12:00:00
9527,169,9528,2026-02-08 12:00:00
9528,174,9529,2026-02-08 12:00:00
9529,186,9530,2026-02-08 12:00:00
9530,187,9531,2026-02-08 12:00:00
9531,188,9532,2026-02-08 12:00:00
9532,190,9533,2026-02-08 12:00:00
9533,193,9534,2026-02-08 12:00:00
9534,210,9535,2026-02-08 12:00:00
9535,212,9536,2026-02-08 12:00:00
9536,220,9537,2026-02-08 12:00:00
9537,227,9538,2026-02-08 12:00:00
9538,232,9539,2026-02-08 12:00:00
9539,239,9540,2026-02-08 12:00:00
9540,248,9541,2026-02-08 12:00:00
9541,258,9542,2026-02-08 12:00:00
9542,263,9543,2026-02-08 12:00:00
9543,266,9544,2026-02-08 12:00:00
9544,268,9545,2026-02-08 12:00:00
9545,271,9546,2026-02-08 12:00:00
9546,276,9547,2026-02-08 12:00:00
9547,280,9548,2026-02-08 12:00:00
9548,296,9549,2026-02-08 12:00:00
9549,299,9550,2026-02-08 12:00:00
9550,302,9551,2026-02-08 12:00:00
9551,308,9552,2026-02-08 12:00:00
9552,309,9553,2026-02-08 12:00:00
9553,318,9554,2026-02-08 12:00:00
9554,320,9555,2026-02-08 12:00:00
9555,325,9556,2026-02-08 12:00:00
9556,328,9557,2026-02-08 12:00:00
9557,333,9558,2026-02-08 12:00:00
9558,340,9559,2026-02-08 12:00:00
9559,343,9560,2026-02-08 12:00:00
9560,356,9561,2026-02-08 12:00:00
9561,357,9562,2026-02-08 12:00:00
9562,359,9563,2026-02-08 12:00:00
9563,365,9564,2026-02-08 12:00:00
9564,367,9565,2026-02-08 12:00:00
9565,370,9566,2026-02-08 12:00:00
9566,382,9567,2026-02-08 12:00:00
9567,383,9568,2026-02-08 12:00:00
9568,385,9569,2026-02-08 12:00:00
9569,397,9570,2026-02-08 12:00:00
9570,398,9571,2026-02-08 12:00:00
9571,403,9572,2026-02-08 12:00:00
9572,405,9573,2026-02-08 12:00:00
9573,406,9574,2026-02-08 12:00:00
9574,415,9575,2026-02-08 12:00:00
9575,416,9576,2026-02-08 12:00:00
9576,422,9577,2026-02-08 12:00:00
9577,426,9578,2026-02-08 12:00:00
9578,436,9579,2026-02-08 12:00:00
9579,439,9580,2026-02-08 12:00:00
9580,447,9581,2026-02-08 12:00:00
9581,449,9582,2026-02-08 12:00:00
9582,450,9583,2026-02-08 12:00:00
9583,464,9584,2026-02-08 12:00:00
9584,465,9585,2026-02-08 12:00:00
9585,466,9586,2026-02-08 12:00:00
9586,467,9587,2026-02-08 12:00:00
9587,470,9588,2026-02-08 12:00:00
9588,481,9589,2026-02-08 12:00:00
9589,485,9590,2026-02-08 12:00:00
9590,495,9591,2026-02-08 12:00:00
9591,501,9592,2026-02-08 12:00:00
9592,506,9593,2026-02-08 12:00:00
9593,508,9594,2026-02-08 12:00:00
9594,516,9595,2026-02-08 12:00:00
9595,521,9596,2026-02-08 12:00:00
9596,522,9597,2026-02-08 12:00:00
9597,526,9598,2026-02-08 12:00:00
9598,545,9599,2026-02-08 12:00:00
9599,546,9600,2026-02-08 12:00:00
9600,548,9601,2026-02-08 12:00:00
9601,550,9602,2026-02-08 12:00:00
9602,551,9603,2026-02-08 12:00:00
9603,552,9604,2026-02-08 12:00:00
9604,556,9605,2026-02-08 12:00:00
9605,566,9606,2026-02-08 12:00:00
9606,572,9607,2026-02-08 12:00:00
9607,579,9608,2026-02-08 12:00:00
9608,580,9609,2026-02-08 12:00:00
9609,586,9610,2026-02-08 12:00:00
9610,587,9611,2026-02-08 12:00:00
9611,588,9612,2026-02-08 12:00:00
9612,592,9613,2026-02-08 12:00:00
9613,593,9614,2026-02-08 12:00:00
9614,597,9615,2026-02-08 12:00:00
9615,610,9616,2026-02-08 12:00:00
9616,611,9617,2026-02-08 12:00:00
9617,629,9618,2026-02-08 12:00:00
9618,631,9619,2026-02-08 12:00:00
9619,632,9620,2026-02-08 12:00:00
9620,643,9621,2026-02-08 12:00:00
9621,644,9622,2026-02-08 12:00:00
9622,650,9623,2026-02-08 12:00:00
9623,653,9624,2026-02-08 12:00:00
9624,654,9625,2026-02-08 12:00:00
9625,660,9626,2026-02-08 12:00:00
9626,663,9627,2026-02-08 12:00:00
9627,664,9628,2026-02-08 12:00:00
9628,665,9629,2026-02-08 12:00:00
9629,670,9630,2026-02-08 12:00:00
9630,672,9631,2026-02-08 12:00:00
9631,673,9632,2026-02-08 12:00:00
9632,685,9633,2026-02-08 12:00:00
9633,687,9634,2026-02-08 12:00:00
9634,690,9635,2026-02-08 12:00:00
9635,691,9636,2026-02-08 12:00:00
9636,692,9637,2026-02-08 12:00:00
9637,706,9638,2026-02-08 12:00:00
9638,712,9639,2026-02-08 12:00:00
9639,721,9640,2026-02-08 12:00:00
9640,729,9641,2026-02-08 12:00:00
9641,741,9642,2026-02-08 12:00:00
9642,742,9643,2026-02-08 12:00:00
9643,753,9644,2026-02-08 12:00:00
9644,755,9645,2026-02-08 12:00:00
9645,764,9646,2026-02-08 12:00:00
9646,766,9647,2026-02-08 12:00:00
9647,778,9648,2026-02-08 12:00:00
9648,779,9649,2026-02-08 12:00:00
9649,784,9650,2026-02-08 12:00:00
9650,788,9651,2026-02-08 12:00:00
9651,795,9652,2026-02-08 12:00:00
9652,801,9653,2026-02-08 12:00:00
9653,820,9654,2026-02-08 12:00:00
9654,829,9655,2026-02-08 12:00:00
9655,832,9656,2026-02-08 12:00:00
9656,836,9657,2026-02-08 12:00:00
9657,838,9658,2026-02-08 12:00:00
9658,842,9659,2026-02-08 12:00:00
9659,845,9660,2026-02-08 12:00:00
9660,848,9661,2026-02-08 12:00:00
9661,853,9662,2026-02-08 12:00:00
9662,859,9663,2026-02-08 12:00:00
9663,861,9664,2026-02-08 12:00:00
9664,868,9665,2026-02-08 12:00:00
9665,870,9666,2026-02-08 12:00:00
9666,871,9667,2026-02-08 12:00:00
9667,874,9668,2026-02-08 12:00:00
9668,881,9669,2026-02-08 12:00:00
9669,889,9670,2026-02-08 12:00:00
9670,892,9671,2026-02-08 12:00:00
9671,910,9672,2026-02-08 12:00:00
9672,913,9673,2026-02-08 12:00:00
9673,919,9674,2026-02-08 12:00:00
9674,920,9675,2026-02-08 12:00:00
9675,922,9676,2026-02-08 12:00:00
9676,925,9677,2026-02-08 12:00:00
9677,928,9678,2026-02-08 12:00:00
9678,932,9679,2026-02-08 12:00:00
9679,934,9680,2026-02-08 12:00:00
9680,952,9681,2026-02-08 12:00:00
9681,968,9682,2026-02-08 12:00:00
9682,975,9683,2026-02-08 12:00:00
9683,983,9684,2026-02-08 12:00:00
9684,985,9685,2026-02-08 12:00:00
9685,986,9686,2026-02-08 12:00:00
9686,996,9687,2026-02-08 12:00:00
9687,1007,9688,2026-02-08 12:00:00
9688,1017,9689,2026-02-08 12:00:00
9689,1020,9690,2026-02-08 12:00:00
9690,1022,9691,2026-02-08 12:00:00
9691,1027,9692,2026-02-08 12:00:00
9692,1031,9693,2026-02-08 12:00:00
9693,1033,9694,2026-02-08 12:00:00
9694,1036,9695,2026-02-08 12:00:00
9695,1050,9696,2026-02-08 12:00:00
9696,1052,9697,2026-02-08 12:00:00
9697,1053,9698,2026-02-08 12:00:00
9698,1063,9699,2026-02-08 12:00:00
9699,1065,9700,2026-02-08 12:00:00
9700,1067,9701,2026-02-08 12:00:00
9701,1073,9702,2026-02-08 12:00:00
9702,1081,9703,2026-02-08 12:00:00
9703,1085,9704,2026-02-08 12:00:00
9704,1089,9705,2026-02-08 12:00:00
9705,1097,9706,2026-02-08 12:00:00
9706,1103,9707,2026-02-08 12:00:00
9707,1106,9708,2026-02-08 12:00:00
9708,1117,9709,2026-02-08 12:00:00
9709,1118,9710,2026-02-08 12:00:00
9710,1123,9711,2026-02-08 12:00:00
9711,1133,9712,2026-02-08 12:00:00
9712,1137,9713,2026-02-08 12:00:00
9713,1142,9714,2026-02-08 12:00:00
9714,1154,9715,2026-02-08 12:00:00
9715,1157,9716,2026-02-08 12:00:00
9716,1167,9717,2026-02-08 12:00:00
9717,1172,9718,2026-02-08 12:00:00
9718,1176,9719,2026-02-08 12:00:00
9719,1199,9720,2026-02-08 12:00:00
9720,1202,9721,2026-02-08 12:00:00
9721,1205,9722,2026-02-08 12:00:00
9722,1207,9723,2026-02-08 12:00:00
9723,1215,9724,2026-02-08 12:00:00
9724,1232,9725,2026-02-08 12:00:00
9725,1233,9726,2026-02-08 12:00:00
9726,1236,9727,2026-02-08 12:00:00
9727,1237,9728,2026-02-08 12:00:00
9728,1241,9729,2026-02-08 12:00:00
9729,1252,9730,2026-02-08 12:00:00
9730,1255,9731,2026-02-08 12:00:00
9731,1259,9732,2026-02-08 12:00:00
9732,1263,9733,2026-02-08 12:00:00
9733,1273,9734,2026-02-08 12:00:00
9734,1275,9735,2026-02-08 12:00:00
9735,1278,9736,2026-02-08 12:00:00
9736,1279,9737,2026-02-08 12:00:00
9737,1289,9738,2026-02-08 12:00:00
9738,1291,9739,2026-02-08 12:00:00
9739,1301,9740,2026-02-08 12:00:00
9740,1312,9741,2026-02-08 12:00:00
9741,1317,9742,2026-02-08 12:00:00
9742,1319,9743,2026-02-08 12:00:00
9743,1321,9744,2026-02-08 12:00:00
9744,1324,9745,2026-02-08 12:00:00
9745,1327,9746,2026-02-08 12:00:00
9746,1336,9747,2026-02-08 12:00:00
9747,1339,9748,2026-02-08 12:00:00
9748,1343,9749,2026-02-08 12:00:00
9749,1345,9750,2026-02-08 12:00:00
9750,1352,9751,2026-02-08 12:00:00
9751,1356,9752,2026-02-08 12:00:00
9752,1359,9753,2026-02-08 12:00:00
9753,1361,9754,2026-02-08 12:00:00
9754,1362,9755,2026-02-08 12:00:00
9755,1365,9756,2026-02-08 12:00:00
9756,1370,9757,2026-02-08 12:00:00
9757,1371,9758,2026-02-08 12:00:00
9758,1379,9759,2026-02-08 12:00:00
9759,1386,9760,2026-02-08 12:00:00
9760,1393,9761,2026-02-08 12:00:00
9761,1397,9762,2026-02-08 12:00:00
9762,1398,9763,2026-02-08 12:00:00
9763,1406,9764,2026-02-08 12:00:00
9764,1407,9765,2026-02-08 12:00:00
9765,1409,9766,2026-02-08 12:00:00
9766,1415,9767,2026-02-08 12:00:00
9767,1419,9768,2026-02-08 12:00:00
9768,1425,9769,2026-02-08 12:00:00
9769,1426,9770,2026-02-08 12:00:00
9770,1428,9771,2026-02-08 12:00:00
9771,1430,9772,2026-02-08 12:00:00
9772,1436,9773,2026-02-08 12:00:00
9773,1444,9774,2026-02-08 12:00:00
9774,1445,9775,2026-02-08 12:00:00
9775,1459,9776,2026-02-08 12:00:00
9776,1463,9777,2026-02-08 12:00:00
9777,1471,9778,2026-02-08 12:00:00
9778,1473,9779,2026-02-08 12:00:00
9779,1477,9780,2026-02-08 12:00:00
9780,1486,9781,2026-02-08 12:00:00
9781,1494,9782,2026-02-08 12:00:00
9782,1500,9783,2026-02-08 12:00:00
9783,1501,9784,2026-02-08 12:00:00
9784,1507,9785,2026-02-08 12:00:00
9785,1514,9786,2026-02-08 12:00:00
9786,1530,9787,2026-02-08 12:00:00
9787,1546,9788,2026-02-08 12:00:00
9788,1547,9789,2026-02-08 12:00:00
9789,1548,9790,2026-02-08 12:00:00
9790,1553,9791,2026-02-08 12:00:00
9791,1555,9792,2026-02-08 12:00:00
9792,1557,9793,2026-02-08 12:00:00
9793,1560,9794,2026-02-08 12:00:00
9794,1561,9795,2026-02-08 12:00:00
9795,1562,9796,2026-02-08 12:00:00
9796,1573,9797,2026-02-08 12:00:00
9797,1574,9798,2026-02-08 12:00:00
9798,1582,9799,2026-02-08 12:00:00
9799,1592,9800,2026-02-08 12:00:00
9800,1604,9801,2026-02-08 12:00:00
9801,1611,9802,2026-02-08 12:00:00
9802,2,9803,2026-02-09 12:00:00
9803,5,9804,2026-02-09 12:00:00
9804,6,9805,2026-02-09 12:00:00
9805,12,9806,2026-02-09 12:00:00
9806,14,9807,2026-02-09 12:00:00
9807,17,9808,2026-02-09 12:00:00
9808,18,9809,2026-02-09 12:00:00
9809,27,9810,2026-02-09 12:00:00
9810,31,9811,2026-02-09 12:00:00
9811,39,9812,2026-02-09 12:00:00
9812,46,9813,2026-02-09 12:00:00
9813,52,9814,2026-02-09 12:00:00
9814,62,9815,2026-02-09 12:00:00
9815,65,9816,2026-02-09 12:00:00
9816,77,9817,2026-02-09 12:00:00
9817,83,9818,2026-02-09 12:00:00
9818,91,9819,2026-02-09 12:00:00
9819,94,9820,2026-02-09 12:00:00
9820,95,9821,2026-02-09 12:00:00
9821,104,9822,2026-02-09 12:00:00
9822,110,9823,2026-02-09 12:00:00
9823,112,9824,2026-02-09 12:00:00
9824,118,9825,2026-02-09 12:00:00
9825,133,9826,2026-02-09 12:00:00
9826,138,9827,2026-02-09 12:00:00
9827,142,9828,2026-02-09 12:00:00
9828,145,9829,2026-02-09 12:00:00
9829,147,9830,2026-02-09 12:00:00
9830,155,9831,2026-02-09 12:00:00
9831,156,9832,2026-02-09 12:00:00
9832,159,9833,2026-02-09 12:00:00
9833,161,9834,2026-02-09 12:00:00
9834,162,9835,2026-02-09 12:00:00
9835,164,9836,2026-02-09 12:00:00
9836,180,9837,2026-02-09 12:00:00
9837,183,9838,2026-02-09 12:00:00
9838,188,9839,2026-02-09 12:00:00
9839,189,9840,2026-02-09 12:00:00
9840,197,9841,2026-02-09 12:00:00
9841,205,9842,2026-02-09 12:00:00
9842,209,9843,2026-02-09 12:00:00
9843,231,9844,2026-02-09 12:00:00
9844,235,9845,2026-02-09 12:00:00
9845,239,9846,2026-02-09 12:00:00
9846,240,9847,2026-02-09 12:00:00
9847,244,9848,2026-02-09 12:00:00
9848,245,9849,2026-02-09 12:00:00
9849,248,9850,2026-02-09 12:00:00
9850,251,9851,2026-02-09 12:00:00
9851,252,9852,2026-02-09 12:00:00
9852,256,9853,2026-02-09 12:00:00
9853,258,9854,2026-02-09 12:00:00
9854,259,9855,2026-02-09 12:00:00
9855,262,9856,2026-02-09 12:00:00
9856,278,9857,2026-02-09 12:00:00
9857,280,9858,2026-02-09 12:00:00
9858,283,9859,2026-02-09 12:00:00
9859,286,9860,2026-02-09 12:00:00
9860,287,9861,2026-02-09 12:00:00
9861,294,9862,2026-02-09 12:00:00
9862,295,9863,2026-02-09 12:00:00
9863,297,9864,2026-02-09 12:00:00
9864,300,9865,2026-02-09 12:00:00
9865,307,9866,2026-02-09 12:00:00
9866,311,9867,2026-02-09 12:00:00
9867,319,9868,2026-02-09 12:00:00
9868,321,9869,2026-02-09 12:00:00
9869,322,9870,2026-02-09 12:00:00
9870,325,9871,2026-02-09 12:00:00
9871,326,9872,2026-02-09 12:00:00
9872,329,9873,2026-02-09 12:00:00
9873,347,9874,2026-02-09 12:00:00
9874,348,9875,2026-02-09 12:00:00
9875,356,9876,2026-02-09 12:00:00
9876,359,9877,2026-02-09 12:00:00
9877,361,9878,2026-02-09 12:00:00
9878,372,9879,2026-02-09 12:00:00
9879,374,9880,2026-02-09 12:00:00
9880,376,9881,2026-02-09 12:00:00
9881,382,9882,2026-02-09 12:00:00
9882,387,9883,2026-02-09 12:00:00
9883,390,9884,2026-02-09 12:00:00
9884,393,9885,2026-02-09 12:00:00
9885,394,9886,2026-02-09 12:00:00
9886,396,9887,2026-02-09 12:00:00
9887,399,9888,2026-02-09 12:00:00
9888,400,9889,2026-02-09 12:00:00
9889,405,9890,2026-02-09 12:00:00
9890,407,9891,2026-02-09 12:00:00
9891,409,9892,2026-02-09 12:00:00
9892,410,9893,2026-02-09 12:00:00
9893,411,9894,2026-02-09 12:00:00
9894,420,9895,2026-02-09 12:00:00
9895,424,9896,2026-02-09 12:00:00
9896,432,9897,2026-02-09 12:00:00
9897,446,9898,2026-02-09 12:00:00
9898,447,9899,2026-02-09 12:00:00
9899,466,9900,2026-02-09 12:00:00
9900,468,9901,2026-02-09 12:00:00
9901,471,9902,2026-02-09 12:00:00
9902,473,9903,2026-02-09 12:00:00
9903,476,9904,2026-02-09 12:00:00
9904,477,9905,2026-02-09 12:00:00
9905,480,9906,2026-02-09 12:00:00
9906,484,9907,2026-02-09 12:00:00
9907,485,9908,2026-02-09 12:00:00
9908,487,9909,2026-02-09 12:00:00
9909,489,9910,2026-02-09 12:00:00
9910,499,9911,2026-02-09 12:00:00
9911,503,9912,2026-02-09 12:00:00
9912,504,9913,2026-02-09 12:00:00
9913,516,9914,2026-02-09 12:00:00
9914,520,9915,2026-02-09 12:00:00
9915,535,9916,2026-02-09 12:00:00
9916,536,9917,2026-02-09 12:00:00
9917,540,9918,2026-02-09 12:00:00
9918,541,9919,2026-02-09 12:00:00
9919,548,9920,2026-02-09 12:00:00
9920,553,9921,2026-02-09 12:00:00
9921,554,9922,2026-02-09 12:00:00
9922,555,9923,2026-02-09 12:00:00
9923,568,9924,2026-02-09 12:00:00
9924,578,9925,2026-02-09 12:00:00
9925,585,9926,2026-02-09 12:00:00
9926,587,9927,2026-02-09 12:00:00
9927,589,9928,2026-02-09 12:00:00
9928,602,9929,2026-02-09 12:00:00
9929,607,9930,2026-02-09 12:00:00
9930,612,9931,2026-02-09 12:00:00
9931,618,9932,2026-02-09 12:00:00
9932,619,9933,2026-02-09 12:00:00
9933,622,9934,2026-02-09 12:00:00
9934,625,9935,2026-02-09 12:00:00
9935,627,9936,2026-02-09 12:00:00
9936,629,9937,2026-02-09 12:00:00
9937,632,9938,2026-02-09 12:00:00
9938,634,9939,2026-02-09 12:00:00
9939,636,9940,2026-02-09 12:00:00
9940,640,9941,2026-02-09 12:00:00
9941,641,9942,2026-02-09 12:00:00
9942,646,9943,2026-02-09 12:00:00
9943,655,9944,2026-02-09 12:00:00
9944,656,9945,2026-02-09 12:00:00
9945,670,9946,2026-02-09 12:00:00
9946,675,9947,2026-02-09 12:00:00
9947,676,9948,2026-02-09 12:00:00
9948,692,9949,2026-02-09 12:00:00
9949,694,9950,2026-02-09 12:00:00
9950,705,9951,2026-02-09 12:00:00
9951,723,9952,2026-02-09 12:00:00
9952,735,9953,2026-02-09 12:00:00
9953,743,9954,2026-02-09 12:00:00
9954,746,9955,2026-02-09 12:00:00
9955,748,9956,2026-02-09 12:00:00
9956,759,9957,2026-02-09 12:00:00
9957,769,9958,2026-02-09 12:00:00
9958,772,9959,2026-02-09 12:00:00
9959,779,9960,2026-02-09 12:00:00
9960,784,9961,2026-02-09 12:00:00
9961,786,9962,2026-02-09 12:00:00
9962,788,9963,2026-02-09 12:00:00
9963,793,9964,2026-02-09 12:00:00
9964,795,9965,2026-02-09 12:00:00
9965,827,9966,2026-02-09 12:00:00
9966,835,9967,2026-02-09 12:00:00
9967,846,9968,2026-02-09 12:00:00
9968,848,9969,2026-02-09 12:00:00
9969,849,9970,2026-02-09 12:00:00
9970,850,9971,2026-02-09 12:00:00
9971,851,9972,2026-02-09 12:00:00
9972,853,9973,2026-02-09 12:00:00
9973,854,9974,2026-02-09 12:00:00
9974,859,9975,2026-02-09 12:00:00
9975,860,9976,2026-02-09 12:00:00
9976,861,9977,2026-02-09 12:00:00
9977,866,9978,2026-02-09 12:00:00
9978,875,9979,2026-02-09 12:00:00
9979,876,9980,2026-02-09 12:00:00
9980,879,9981,2026-02-09 12:00:00
9981,883,9982,2026-02-09 12:00:00
9982,885,9983,2026-02-09 12:00:00
9983,887,9984,2026-02-09 12:00:00
9984,888,9985,2026-02-09 12:00:00
9985,890,9986,2026-02-09 12:00:00
9986,897,9987,2026-02-09 12:00:00
9987,898,9988,2026-02-09 12:00:00
9988,899,9989,2026-02-09 12:00:00
9989,900,9990,2026-02-09 12:00:00
9990,901,9991,2026-02-09 12:00:00
9991,910,9992,2026-02-09 12:00:00
9992,915,9993,2026-02-09 12:00:00
9993,918,9994,2026-02-09 12:00:00
9994,930,9995,2026-02-09 12:00:00
9995,937,9996,2026-02-09 12:00:00
9996,948,9997,2026-02-09 12:00:00
9997,949,9998,2026-02-09 12:00:00
9998,950,9999,2026-02-09 12:00:00
9999,957,10000,2026-02-09 12:00:00
10000,965,10001,2026-02-09 12:00:00
10001,977,10002,2026-02-09 12:00:00
10002,979,10003,2026-02-09 12:00:00
10003,980,10004,2026-02-09 12:00:00
10004,981,10005,2026-02-09 12:00:00
10005,983,10006,2026-02-09 12:00:00
10006,998,10007,2026-02-09 12:00:00
10007,1005,10008,2026-02-09 12:00:00
10008,1016,10009,2026-02-09 12:00:00
10009,1020,10010,2026-02-09 12:00:00
10010,1025,10011,2026-02-09 12:00:00
10011,1036,10012,2026-02-09 12:00:00
10012,1044,10013,2026-02-09 12:00:00
10013,1055,10014,2026-02-09 12:00:00
10014,1056,10015,2026-02-09 12:00:00
10015,1065,10016,2026-02-09 12:00:00
10016,1067,10017,2026-02-09 12:00:00
10017,1074,10018,2026-02-09 12:00:00
10018,1084,10019,2026-02-09 12:00:00
10019,1095,10020,2026-02-09 12:00:00
10020,1099,10021,2026-02-09 12:00:00
10021,1104,10022,2026-02-09 12:00:00
10022,1105,10023,2026-02-09 12:00:00
10023,1108,10024,2026-02-09 12:00:00
10024,1109,10025,2026-02-09 12:00:00
10025,1110,10026,2026-02-09 12:00:00
10026,1137,10027,2026-02-09 12:00:00
10027,1146,10028,2026-02-09 12:00:00
10028,1152,10029,2026-02-09 12:00:00
10029,1159,10030,2026-02-09 12:00:00
10030,1163,10031,2026-02-09 12:00:00
10031,1175,10032,2026-02-09 12:00:00
10032,1177,10033,2026-02-09 12:00:00
10033,1182,10034,2026-02-09 12:00:00
10034,1198,10035,2026-02-09 12:00:00
10035,1205,10036,2026-02-09 12:00:00
10036,1208,10037,2026-02-09 12:00:00
10037,1214,10038,2026-02-09 12:00:00
10038,1216,10039,2026-02-09 12:00:00
10039,1218,10040,2026-02-09 12:00:00
10040,1220,10041,2026-02-09 12:00:00
10041,1221,10042,2026-02-09 12:00:00
10042,1227,10043,2026-02-09 12:00:00
10043,1228,10044,2026-02-09 12:00:00
10044,1230,10045,2026-02-09 12:00:00
10045,1231,10046,2026-02-09 12:00:00
10046,1244,10047,2026-02-09 12:00:00
10047,1246,10048,2026-02-09 12:00:00
10048,1247,10049,2026-02-09 12:00:00
10049,1256,10050,2026-02-09 12:00:00
10050,1265,10051,2026-02-09 12:00:00
10051,1266,10052,2026-02-09 12:00:00
10052,1267,10053,2026-02-09 12:00:00
10053,1268,10054,2026-02-09 12:00:00
10054,1271,10055,2026-02-09 12:00:00
10055,1272,10056,2026-02-09 12:00:00
10056,1281,10057,2026-02-09 12:00:00
10057,1284,10058,2026-02-09 12:00:00
10058,1286,10059,2026-02-09 12:00:00
10059,1314,10060,2026-02-09 12:00:00
10060,1324,10061,2026-02-09 12:00:00
10061,1326,10062,2026-02-09 12:00:00
10062,1329,10063,2026-02-09 12:00:00
10063,1331,10064,2026-02-09 12:00:00
10064,1335,10065,2026-02-09 12:00:00
10065,1341,10066,2026-02-09 12:00:00
10066,1343,10067,2026-02-09 12:00:00
10067,1344,10068,2026-02-09 12:00:00
10068,1345,10069,2026-02-09 12:00:00
10069,1346,10070,2026-02-09 12:00:00
10070,1347,10071,2026-02-09 12:00:00
10071,1359,10072,2026-02-09 12:00:00
10072,1361,10073,2026-02-09 12:00:00
10073,1362,10074,2026-02-09 12:00:00
10074,1367,10075,2026-02-09 12:00:00
10075,1368,10076,2026-02-09 12:00:00
10076,1372,10077,2026-02-09 12:00:00
10077,1375,10078,2026-02-09 12:00:00
10078,1381,10079,2026-02-09 12:00:00
10079,1388,10080,2026-02-09 12:00:00
10080,1389,10081,2026-02-09 12:00:00
10081,1391,10082,2026-02-09 12:00:00
10082,1395,10083,2026-02-09 12:00:00
10083,1401,10084,2026-02-09 12:00:00
10084,1407,10085,2026-02-09 12:00:00
10085,1411,10086,2026-02-09 12:00:00
10086,1412,10087,2026-02-09 12:00:00
10087,1415,10088,2026-02-09 12:00:00
10088,1419,10089,2026-02-09 12:00:00
10089,1430,10090,2026-02-09 12:00:00
10090,1431,10091,2026-02-09 12:00:00
10091,1435,10092,2026-02-09 12:00:00
10092,1444,10093,2026-02-09 12:00:00
10093,1452,10094,2026-02-09 12:00:00
10094,1455,10095,2026-02-09 12:00:00
10095,1457,10096,2026-02-09 12:00:00
10096,1463,10097,2026-02-09 12:00:00
10097,1464,10098,2026-02-09 12:00:00
10098,1474,10099,2026-02-09 12:00:00
10099,1475,10100,2026-02-09 12:00:00
10100,1476,10101,2026-02-09 12:00:00
10101,1479,10102,2026-02-09 12:00:00
10102,1481,10103,2026-02-09 12:00:00
10103,1484,10104,2026-02-09 12:00:00
10104,1489,10105,2026-02-09 12:00:00
10105,1497,10106,2026-02-09 12:00:00
10106,1516,10107,2026-02-09 12:00:00
10107,1521,10108,2026-02-09 12:00:00
10108,1523,10109,2026-02-09 12:00:00
10109,1532,10110,2026-02-09 12:00:00
10110,1533,10111,2026-02-09 12:00:00
10111,1535,10112,2026-02-09 12:00:00
10112,1538,10113,2026-02-09 12:00:00
10113,1540,10114,2026-02-09 12:00:00
10114,1542,10115,2026-02-09 12:00:00
10115,1543,10116,2026-02-09 12:00:00
10116,1557,10117,2026-02-09 12:00:00
10117,1558,10118,2026-02-09 12:00:00
10118,1561,10119,2026-02-09 12:00:00
10119,1566,10120,2026-02-09 12:00:00
10120,1568,10121,2026-02-09 12:00:00
10121,1571,10122,2026-02-09 12:00:00
10122,1577,10123,2026-02-09 12:00:00
10123,1596,10124,2026-02-09 12:00:00
10124,1599,10125,2026-02-09 12:00:00
10125,1611,10126,2026-02-09 12:00:00
10126,1613,10127,2026-02-09 12:00:00
10127,1615,10128,2026-02-09 12:00:00
10128,1619,10129,2026-02-09 12:00:00
10129,1621,10130,2026-02-09 12:00:00
10130,1631,10131,2026-02-09 12:00:00
10131,4,10132,2026-02-10 12:00:00
10132,6,10133,2026-02-10 12:00:00
10133,10,10134,2026-02-10 12:00:00
10134,12,10135,2026-02-10 12:00:00
10135,18,10136,2026-02-10 12:00:00
10136,27,10137,2026-02-10 12:00:00
10137,28,10138,2026-02-10 12:00:00
10138,34,10139,2026-02-10 12:00:00
10139,35,10140,2026-02-10 12:00:00
10140,36,10141,2026-02-10 12:00:00
10141,40,10142,2026-02-10 12:00:00
10142,44,10143,2026-02-10 12:00:00
10143,50,10144,2026-02-10 12:00:00
10144,54,10145,2026-02-10 12:00:00
10145,56,10146,2026-02-10 12:00:00
10146,67,10147,2026-02-10 12:00:00
10147,73,10148,2026-02-10 12:00:00
10148,79,10149,2026-02-10 12:00:00
10149,82,10150,2026-02-10 12:00:00
10150,86,10151,2026-02-10 12:00:00
10151,87,10152,2026-02-10 12:00:00
10152,89,10153,2026-02-10 12:00:00
10153,93,10154,2026-02-10 12:00:00
10154,98,10155,2026-02-10 12:00:00
10155,100,10156,2026-02-10 12:00:00
10156,103,10157,2026-02-10 12:00:00
10157,104,10158,2026-02-10 12:00:00
10158,112,10159,2026-02-10 12:00:00
10159,118,10160,2026-02-10 12:00:00
10160,125,10161,2026-02-10 12:00:00
10161,137,10162,2026-02-10 12:00:00
10162,140,10163,2026-02-10 12:00:00
10163,144,10164,2026-02-10 12:00:00
10164,145,10165,2026-02-10 12:00:00
10165,148,10166,2026-02-10 12:00:00
10166,156,10167,2026-02-10 12:00:00
10167,163,10168,2026-02-10 12:00:00
10168,166,10169,2026-02-10 12:00:00
10169,170,10170,2026-02-10 12:00:00
10170,173,10171,2026-02-10 12:00:00
10171,177,10172,2026-02-10 12:00:00
10172,179,10173,2026-02-10 12:00:00
10173,180,10174,2026-02-10 12:00:00
10174,193,10175,2026-02-10 12:00:00
10175,198,10176,2026-02-10 12:00:00
10176,214,10177,2026-02-10 12:00:00
10177,217,10178,2026-02-10 12:00:00
10178,229,10179,2026-02-10 12:00:00
10179,230,10180,2026-02-10 12:00:00
10180,231,10181,2026-02-10 12:00:00
10181,233,10182,2026-02-10 12:00:00
10182,234,10183,2026-02-10 12:00:00
10183,240,10184,2026-02-10 12:00:00
10184,253,10185,2026-02-10 12:00:00
10185,255,10186,2026-02-10 12:00:00
10186,256,10187,2026-02-10 12:00:00
10187,262,10188,2026-02-10 12:00:00
10188,267,10189,2026-02-10 12:00:00
10189,270,10190,2026-02-10 12:00:00
10190,275,10191,2026-02-10 12:00:00
10191,277,10192,2026-02-10 12:00:00
10192,291,10193,2026-02-10 12:00:00
10193,292,10194,2026-02-10 12:00:00
10194,298,10195,2026-02-10 12:00:00
10195,303,10196,2026-02-10 12:00:00
10196,304,10197,2026-02-10 12:00:00
10197,312,10198,2026-02-10 12:00:00
10198,317,10199,2026-02-10 12:00:00
10199,320,10200,2026-02-10 12:00:00
10200,323,10201,2026-02-10 12:00:00
10201,326,10202,2026-02-10 12:00:00
10202,327,10203,2026-02-10 12:00:00
10203,340,10204,2026-02-10 12:00:00
10204,349,10205,2026-02-10 12:00:00
10205,357,10206,2026-02-10 12:00:00
10206,358,10207,2026-02-10 12:00:00
10207,363,10208,2026-02-10 12:00:00
10208,365,10209,2026-02-10 12:00:00
10209,366,10210,2026-02-10 12:00:00
10210,370,10211,2026-02-10 12:00:00
10211,378,10212,2026-02-10 12:00:00
10212,384,10213,2026-02-10 12:00:00
10213,387,10214,2026-02-10 12:00:00
10214,391,10215,2026-02-10 12:00:00
10215,392,10216,2026-02-10 12:00:00
10216,393,10217,2026-02-10 12:00:00
10217,394,10218,2026-02-10 12:00:00
10218,395,10219,2026-02-10 12:00:00
10219,397,10220,2026-02-10 12:00:00
10220,412,10221,2026-02-10 12:00:00
10221,415,10222,2026-02-10 12:00:00
10222,425,10223,2026-02-10 12:00:00
10223,431,10224,2026-02-10 12:00:00
10224,432,10225,2026-02-10 12:00:00
10225,434,10226,2026-02-10 12:00:00
10226,440,10227,2026-02-10 12:00:00
10227,445,10228,2026-02-10 12:00:00
10228,448,10229,2026-02-10 12:00:00
10229,450,10230,2026-02-10 12:00:00
10230,457,10231,2026-02-10 12:00:00
10231,461,10232,2026-02-10 12:00:00
10232,462,10233,2026-02-10 12:00:00
10233,471,10234,2026-02-10 12:00:00
10234,477,10235,2026-02-10 12:00:00
10235,481,10236,2026-02-10 12:00:00
10236,483,10237,2026-02-10 12:00:00
10237,487,10238,2026-02-10 12:00:00
10238,489,10239,2026-02-10 12:00:00
10239,491,10240,2026-02-10 12:00:00
10240,493,10241,2026-02-10 12:00:00
10241,494,10242,2026-02-10 12:00:00
10242,496,10243,2026-02-10 12:00:00
10243,500,10244,2026-02-10 12:00:00
10244,505,10245,2026-02-10 12:00:00
10245,508,10246,2026-02-10 12:00:00
10246,509,10247,2026-02-10 12:00:00
10247,526,10248,2026-02-10 12:00:00
10248,534,10249,2026-02-10 12:00:00
10249,537,10250,2026-02-10 12:00:00
10250,546,10251,2026-02-10 12:00:00
10251,552,10252,2026-02-10 12:00:00
10252,565,10253,2026-02-10 12:00:00
10253,566,10254,2026-02-10 12:00:00
10254,579,10255,2026-02-10 12:00:00
10255,583,10256,2026-02-10 12:00:00
10256,585,10257,2026-02-10 12:00:00
10257,602,10258,2026-02-10 12:00:00
10258,604,10259,2026-02-10 12:00:00
10259,606,10260,2026-02-10 12:00:00
10260,607,10261,2026-02-10 12:00:00
10261,617,10262,2026-02-10 12:00:00
10262,620,10263,2026-02-10 12:00:00
10263,623,10264,2026-02-10 12:00:00
10264,625,10265,2026-02-10 12:00:00
10265,633,10266,2026-02-10 12:00:00
10266,636,10267,2026-02-10 12:00:00
10267,638,10268,2026-02-10 12:00:00
10268,640,10269,2026-02-10 12:00:00
10269,649,10270,2026-02-10 12:00:00
10270,658,10271,2026-02-10 12:00:00
10271,667,10272,2026-02-10 12:00:00
10272,673,10273,2026-02-10 12:00:00
10273,682,10274,2026-02-10 12:00:00
10274,690,10275,2026-02-10 12:00:00
10275,692,10276,2026-02-10 12:00:00
10276,694,10277,2026-02-10 12:00:00
10277,695,10278,2026-02-10 12:00:00
10278,697,10279,2026-02-10 12:00:00
10279,703,10280,2026-02-10 12:00:00
10280,705,10281,2026-02-10 12:00:00
10281,706,10282,2026-02-10 12:00:00
10282,708,10283,2026-02-10 12:00:00
10283,710,10284,2026-02-10 12:00:00
10284,711,10285,2026-02-10 12:00:00
10285,717,10286,2026-02-10 12:00:00
10286,726,10287,2026-02-10 12:00:00
10287,730,10288,2026-02-10 12:00:00
10288,732,10289,2026-02-10 12:00:00
10289,735,10290,2026-02-10 12:00:00
10290,743,10291,2026-02-10 12:00:00
10291,748,10292,2026-02-10 12:00:00
10292,758,10293,2026-02-10 12:00:00
10293,766,10294,2026-02-10 12:00:00
10294,771,10295,2026-02-10 12:00:00
10295,772,10296,2026-02-10 12:00:00
10296,773,10297,2026-02-10 12:00:00
10297,775,10298,2026-02-10 12:00:00
10298,779,10299,2026-02-10 12:00:00
10299,800,10300,2026-02-10 12:00:00
10300,803,10301,2026-02-10 12:00:00
10301,808,10302,2026-02-10 12:00:00
10302,823,10303,2026-02-10 12:00:00
10303,825,10304,2026-02-10 12:00:00
10304,833,10305,2026-02-10 12:00:00
10305,839,10306,2026-02-10 12:00:00
10306,842,10307,2026-02-10 12:00:00
10307,848,10308,2026-02-10 12:00:00
10308,849,10309,2026-02-10 12:00:00
10309,852,10310,2026-02-10 12:00:00
10310,853,10311,2026-02-10 12:00:00
10311,859,10312,2026-02-10 12:00:00
10312,861,10313,2026-02-10 12:00:00
10313,869,10314,2026-02-10 12:00:00
10314,872,10315,2026-02-10 12:00:00
10315,880,10316,2026-02-10 12:00:00
10316,882,10317,2026-02-10 12:00:00
10317,884,10318,2026-02-10 12:00:00
10318,885,10319,2026-02-10 12:00:00
10319,894,10320,2026-02-10 12:00:00
10320,899,10321,2026-02-10 12:00:00
10321,901,10322,2026-02-10 12:00:00
10322,914,10323,2026-02-10 12:00:00
10323,916,10324,2026-02-10 12:00:00
10324,924,10325,2026-02-10 12:00:00
10325,927,10326,2026-02-10 12:00:00
10326,929,10327,2026-02-10 12:00:00
10327,930,10328,2026-02-10 12:00:00
10328,933,10329,2026-02-10 12:00:00
10329,934,10330,2026-02-10 12:00:00
10330,937,10331,2026-02-10 12:00:00
10331,938,10332,2026-02-10 12:00:00
10332,948,10333,2026-02-10 12:00:00
10333,956,10334,2026-02-10 12:00:00
10334,971,10335,2026-02-10 12:00:00
10335,993,10336,2026-02-10 12:00:00
10336,1005,10337,2026-02-10 12:00:00
10337,1006,10338,2026-02-10 12:00:00
10338,1009,10339,2026-02-10 12:00:00
10339,1017,10340,2026-02-10 12:00:00
10340,1019,10341,2026-02-10 12:00:00
10341,1020,10342,2026-02-10 12:00:00
10342,1022,10343,2026-02-10 12:00:00
10343,1024,10344,2026-02-10 12:00:00
10344,1033,10345,2026-02-10 12:00:00
10345,1036,10346,2026-02-10 12:00:00
10346,1055,10347,2026-02-10 12:00:00
10347,1060,10348,2026-02-10 12:00:00
10348,1061,10349,2026-02-10 12:00:00
10349,1063,10350,2026-02-10 12:00:00
10350,1064,10351,2026-02-10 12:00:00
10351,1066,10352,2026-02-10 12:00:00
10352,1067,10353,2026-02-10 12:00:00
10353,1075,10354,2026-02-10 12:00:00
10354,1080,10355,2026-02-10 12:00:00
10355,1082,10356,2026-02-10 12:00:00
10356,1085,10357,2026-02-10 12:00:00
10357,1093,10358,2026-02-10 12:00:00
10358,1113,10359,2026-02-10 12:00:00
10359,1115,10360,2026-02-10 12:00:00
10360,1120,10361,2026-02-10 12:00:00
10361,1133,10362,2026-02-10 12:00:00
10362,1134,10363,2026-02-10 12:00:00
10363,1136,10364,2026-02-10 12:00:00
10364,1143,10365,2026-02-10 12:00:00
10365,1159,10366,2026-02-10 12:00:00
10366,1164,10367,2026-02-10 12:00:00
10367,1166,10368,2026-02-10 12:00:00
10368,1167,10369,2026-02-10 12:00:00
10369,1175,10370,2026-02-10 12:00:00
10370,1181,10371,2026-02-10 12:00:00
10371,1182,10372,2026-02-10 12:00:00
10372,1188,10373,2026-02-10 12:00:00
10373,1191,10374,2026-02-10 12:00:00
10374,1202,10375,2026-02-10 12:00:00
10375,1213,10376,2026-02-10 12:00:00
10376,1219,10377,2026-02-10 12:00:00
10377,1228,10378,2026-02-10 12:00:00
10378,1233,10379,2026-02-10 12:00:00
10379,1242,10380,2026-02-10 12:00:00
10380,1246,10381,2026-02-10 12:00:00
10381,1249,10382,2026-02-10 12:00:00
10382,1259,10383,2026-02-10 12:00:00
10383,1273,10384,2026-02-10 12:00:00
10384,1274,10385,2026-02-10 12:00:00
10385,1278,10386,2026-02-10 12:00:00
10386,1280,10387,2026-02-10 12:00:00
10387,1284,10388,2026-02-10 12:00:00
10388,1293,10389,2026-02-10 12:00:00
10389,1294,10390,2026-02-10 12:00:00
10390,1310,10391,2026-02-10 12:00:00
10391,1312,10392,2026-02-10 12:00:00
10392,1319,10393,2026-02-10 12:00:00
10393,1322,10394,2026-02-10 12:00:00
10394,1331,10395,2026-02-10 12:00:00
10395,1332,10396,2026-02-10 12:00:00
10396,1333,10397,2026-02-10 12:00:00
10397,1336,10398,2026-02-10 12:00:00
10398,1340,10399,2026-02-10 12:00:00
10399,1342,10400,2026-02-10 12:00:00
10400,1343,10401,2026-02-10 12:00:00
10401,1350,10402,2026-02-10 12:00:00
10402,1352,10403,2026-02-10 12:00:00
10403,1359,10404,2026-02-10 12:00:00
10404,1363,10405,2026-02-10 12:00:00
10405,1379,10406,2026-02-10 12:00:00
10406,1387,10407,2026-02-10 12:00:00
10407,1388,10408,2026-02-10 12:00:00
10408,1392,10409,2026-02-10 12:00:00
10409,1393,10410,2026-02-10 12:00:00
10410,1394,10411,2026-02-10 12:00:00
10411,1395,10412,2026-02-10 12:00:00
10412,1404,10413,2026-02-10 12:00:00
10413,1410,10414,2026-02-10 12:00:00
10414,1412,10415,2026-02-10 12:00:00
10415,1425,10416,2026-02-10 12:00:00
10416,1429,10417,2026-02-10 12:00:00
10417,1431,10418,2026-02-10 12:00:00
10418,1436,10419,2026-02-10 12:00:00
10419,1441,10420,2026-02-10 12:00:00
10420,1447,10421,2026-02-10 12:00:00
10421,1451,10422,2026-02-10 12:00:00
10422,1454,10423,2026-02-10 12:00:00
10423,1457,10424,2026-02-10 12:00:00
10424,1458,10425,2026-02-10 12:00:00
10425,1459,10426,2026-02-10 12:00:00
10426,1465,10427,2026-02-10 12:00:00
10427,1479,10428,2026-02-10 12:00:00
10428,1481,10429,2026-02-10 12:00:00
10429,1488,10430,2026-02-10 12:00:00
10430,1489,10431,2026-02-10 12:00:00
10431,1498,10432,2026-02-10 12:00:00
10432,1499,10433,2026-02-10 12:00:00
10433,1517,10434,2026-02-10 12:00:00
10434,1521,10435,2026-02-10 12:00:00
10435,1525,10436,2026-02-10 12:00:00
10436,1541,10437,2026-02-10 12:00:00
10437,1547,10438,2026-02-10 12:00:00
10438,1548,10439,2026-02-10 12:00:00
10439,1550,10440,2026-02-10 12:00:00
10440,1552,10441,2026-02-10 12:00:00
10441,1566,10442,2026-02-10 12:00:00
10442,1574,10443,2026-02-10 12:00:00
10443,1575,10444,2026-02-10 12:00:00
10444,1580,10445,2026-02-10 12:00:00
10445,1581,10446,2026-02-10 12:00:00
10446,1584,10447,2026-02-10 12:00:00
10447,1590,10448,2026-02-10 12:00:00
10448,1592,10449,2026-02-10 12:00:00
10449,1593,10450,2026-02-10 12:00:00
10450,1601,10451,2026-02-10 12:00:00
10451,1605,10452,2026-02-10 12:00:00
10452,1616,10453,2026-02-10 12:00:00
10453,1617,10454,2026-02-10 12:00:00
10454,1618,10455,2026-02-10 12:00:00
10455,1621,10456,2026-02-10 12:00:00
10456,1624,10457,2026-02-10 12:00:00
10457,1634,10458,2026-02-10 12:00:00
10458,1635,10459,2026-02-10 12:00:00
10459,1641,10460,2026-02-10 12:00:00
10460,1642,10461,2026-02-10 12:00:00
10461,4,10462,2026-02-11 12:00:00
10462,18,10463,2026-02-11 12:00:00
10463,24,10464,2026-02-11 12:00:00
10464,31,10465,2026-02-11 12:00:00
10465,45,10466,2026-02-11 12:00:00
10466,57,10467,2026-02-11 12:00:00
10467,60,10468,2026-02-11 12:00:00
10468,61,10469,2026-02-11 12:00:00
10469,70,10470,2026-02-11 12:00:00
10470,72,10471,2026-02-11 12:00:00
10471,78,10472,2026-02-11 12:00:00
10472,79,10473,2026-02-11 12:00:00
10473,82,10474,2026-02-11 12:00:00
10474,85,10475,2026-02-11 12:00:00
10475,87,10476,2026-02-11 12:00:00
10476,95,10477,2026-02-11 12:00:00
10477,111,10478,2026-02-11 12:00:00
10478,113,10479,2026-02-11 12:00:00
10479,114,10480,2026-02-11 12:00:00
10480,117,10481,2026-02-11 12:00:00
10481,118,10482,2026-02-11 12:00:00
10482,122,10483,2026-02-11 12:00:00
10483,126,10484,2026-02-11 12:00:00
10484,128,10485,2026-02-11 12:00:00
10485,130,10486,2026-02-11 12:00:00
10486,131,10487,2026-02-11 12:00:00
10487,133,10488,2026-02-11 12:00:00
10488,135,10489,2026-02-11 12:00:00
10489,137,10490,2026-02-11 12:00:00
10490,140,10491,2026-02-11 12:00:00
10491,156,10492,2026-02-11 12:00:00
10492,159,10493,2026-02-11 12:00:00
10493,160,10494,2026-02-11 12:00:00
10494,165,10495,2026-02-11 12:00:00
10495,169,10496,2026-02-11 12:00:00
10496,172,10497,2026-02-11 12:00:00
10497,174,10498,2026-02-11 12:00:00
10498,176,10499,2026-02-11 12:00:00
10499,183,10500,2026-02-11 12:00:00
10500,184,10501,2026-02-11 12:00:00
10501,188,10502,2026-02-11 12:00:00
10502,191,10503,2026-02-11 12:00:00
10503,196,10504,2026-02-11 12:00:00
10504,199,10505,2026-02-11 12:00:00
10505,205,10506,2026-02-11 12:00:00
10506,206,10507,2026-02-11 12:00:00
10507,221,10508,2026-02-11 12:00:00
10508,222,10509,2026-02-11 12:00:00
10509,227,10510,2026-02-11 12:00:00
10510,229,10511,2026-02-11 12:00:00
10511,231,10512,2026-02-11 12:00:00
10512,233,10513,2026-02-11 12:00:00
10513,241,10514,2026-02-11 12:00:00
10514,244,10515,2026-02-11 12:00:00
10515,247,10516,2026-02-11 12:00:00
10516,268,10517,2026-02-11 12:00:00
10517,269,10518,2026-02-11 12:00:00
10518,283,10519,2026-02-11 12:00:00
10519,287,10520,2026-02-11 12:00:00
10520,296,10521,2026-02-11 12:00:00
10521,297,10522,2026-02-11 12:00:00
10522,299,10523,2026-02-11 12:00:00
10523,303,10524,2026-02-11 12:00:00
10524,311,10525,2026-02-11 12:00:00
10525,312,10526,2026-02-11 12:00:00
10526,317,10527,2026-02-11 12:00:00
10527,330,10528,2026-02-11 12:00:00
10528,333,10529,2026-02-11 12:00:00
10529,341,10530,2026-02-11 12:00:00
10530,343,10531,2026-02-11 12:00:00
10531,345,10532,2026-02-11 12:00:00
10532,347,10533,2026-02-11 12:00:00
10533,349,10534,2026-02-11 12:00:00
10534,351,10535,2026-02-11 12:00:00
10535,369,10536,2026-02-11 12:00:00
10536,370,10537,2026-02-11 12:00:00
10537,371,10538,2026-02-11 12:00:00
10538,373,10539,2026-02-11 12:00:00
10539,375,10540,2026-02-11 12:00:00
10540,376,10541,2026-02-11 12:00:00
10541,382,10542,2026-02-11 12:00:00
10542,389,10543,2026-02-11 12:00:00
10543,392,10544,2026-02-11 12:00:00
10544,394,10545,2026-02-11 12:00:00
10545,404,10546,2026-02-11 12:00:00
10546,405,10547,2026-02-11 12:00:00
10547,417,10548,2026-02-11 12:00:00
10548,420,10549,2026-02-11 12:00:00
10549,428,10550,2026-02-11 12:00:00
10550,432,10551,2026-02-11 12:00:00
10551,442,10552,2026-02-11 12:00:00
10552,444,10553,2026-02-11 12:00:00
10553,457,10554,2026-02-11 12:00:00
10554,461,10555,2026-02-11 12:00:00
10555,465,10556,2026-02-11 12:00:00
10556,469,10557,2026-02-11 12:00:00
10557,473,10558,2026-02-11 12:00:00
10558,479,10559,2026-02-11 12:00:00
10559,482,10560,2026-02-11 12:00:00
10560,485,10561,2026-02-11 12:00:00
10561,496,10562,2026-02-11 12:00:00
10562,503,10563,2026-02-11 12:00:00
10563,508,10564,2026-02-11 12:00:00
10564,511,10565,2026-02-11 12:00:00
10565,514,10566,2026-02-11 12:00:00
10566,528,10567,2026-02-11 12:00:00
10567,529,10568,2026-02-11 12:00:00
10568,536,10569,2026-02-11 12:00:00
10569,541,10570,2026-02-11 12:00:00
10570,546,10571,2026-02-11 12:00:00
10571,552,10572,2026-02-11 12:00:00
10572,558,10573,2026-02-11 12:00:00
10573,563,10574,2026-02-11 12:00:00
10574,567,10575,2026-02-11 12:00:00
10575,568,10576,2026-02-11 12:00:00
10576,569,10577,2026-02-11 12:00:00
10577,577,10578,2026-02-11 12:00:00
10578,578,10579,2026-02-11 12:00:00
10579,589,10580,2026-02-11 12:00:00
10580,597,10581,2026-02-11 12:00:00
10581,599,10582,2026-02-11 12:00:00
10582,609,10583,2026-02-11 12:00:00
10583,612,10584,2026-02-11 12:00:00
10584,622,10585,2026-02-11 12:00:00
10585,629,10586,2026-02-11 12:00:00
10586,638,10587,2026-02-11 12:00:00
10587,640,10588,2026-02-11 12:00:00
10588,645,10589,2026-02-11 12:00:00
10589,646,10590,2026-02-11 12:00:00
10590,660,10591,2026-02-11 12:00:00
10591,661,10592,2026-02-11 12:00:00
10592,663,10593,2026-02-11 12:00:00
10593,669,10594,2026-02-11 12:00:00
10594,683,10595,2026-02-11 12:00:00
10595,691,10596,2026-02-11 12:00:00
10596,701,10597,2026-02-11 12:00:00
10597,710,10598,2026-02-11 12:00:00
10598,711,10599,2026-02-11 12:00:00
10599,714,10600,2026-02-11 12:00:00
10600,716,10601,2026-02-11 12:00:00
10601,718,10602,2026-02-11 12:00:00
10602,719,10603,2026-02-11 12:00:00
10603,721,10604,2026-02-11 12:00:00
10604,724,10605,2026-02-11 12:00:00
10605,727,10606,2026-02-11 12:00:00
10606,731,10607,2026-02-11 12:00:00
10607,751,10608,2026-02-11 12:00:00
10608,752,10609,2026-02-11 12:00:00
10609,754,10610,2026-02-11 12:00:00
10610,763,10611,2026-02-11 12:00:00
10611,771,10612,2026-02-11 12:00:00
10612,773,10613,2026-02-11 12:00:00
10613,786,10614,2026-02-11 12:00:00
10614,790,10615,2026-02-11 12:00:00
10615,791,10616,2026-02-11 12:00:00
10616,793,10617,2026-02-11 12:00:00
10617,795,10618,2026-02-11 12:00:00
10618,797,10619,2026-02-11 12:00:00
10619,799,10620,2026-02-11 12:00:00
10620,801,10621,2026-02-11 12:00:00
10621,807,10622,2026-02-11 12:00:00
10622,819,10623,2026-02-11 12:00:00
10623,825,10624,2026-02-11 12:00:00
10624,827,10625,2026-02-11 12:00:00
10625,830,10626,2026-02-11 12:00:00
10626,835,10627,2026-02-11 12:00:00
10627,841,10628,2026-02-11 12:00:00
10628,851,10629,2026-02-11 12:00:00
10629,853,10630,2026-02-11 12:00:00
10630,858,10631,2026-02-11 12:00:00
10631,860,10632,2026-02-11 12:00:00
10632,868,10633,2026-02-11 12:00:00
10633,869,10634,2026-02-11 12:00:00
10634,875,10635,2026-02-11 12:00:00
10635,884,10636,2026-02-11 12:00:00
10636,894,10637,2026-02-11 12:00:00
10637,900,10638,2026-02-11 12:00:00
10638,920,10639,2026-02-11 12:00:00
10639,922,10640,2026-02-11 12:00:00
10640,925,10641,2026-02-11 12:00:00
10641,926,10642,2026-02-11 12:00:00
10642,929,10643,2026-02-11 12:00:00
10643,937,10644,2026-02-11 12:00:00
10644,943,10645,2026-02-11 12:00:00
10645,948,10646,2026-02-11 12:00:00
10646,951,10647,2026-02-11 12:00:00
10647,952,10648,2026-02-11 12:00:00
10648,955,10649,2026-02-11 12:00:00
10649,958,10650,2026-02-11 12:00:00
10650,969,10651,2026-02-11 12:00:00
10651,975,10652,2026-02-11 12:00:00
10652,977,10653,2026-02-11 12:00:00
10653,981,10654,2026-02-11 12:00:00
10654,984,10655,2026-02-11 12:00:00
10655,993,10656,2026-02-11 12:00:00
10656,1001,10657,2026-02-11 12:00:00
10657,1004,10658,2026-02-11 12:00:00
10658,1007,10659,2026-02-11 12:00:00
10659,1011,10660,2026-02-11 12:00:00
10660,1018,10661,2026-02-11 12:00:00
10661,1019,10662,2026-02-11 12:00:00
10662,1025,10663,2026-02-11 12:00:00
10663,1032,10664,2026-02-11 12:00:00
10664,1041,10665,2026-02-11 12:00:00
10665,1065,10666,2026-02-11 12:00:00
10666,1066,10667,2026-02-11 12:00:00
10667,1074,10668,2026-02-11 12:00:00
10668,1075,10669,2026-02-11 12:00:00
10669,1077,10670,2026-02-11 12:00:00
10670,1080,10671,2026-02-11 12:00:00
10671,1081,10672,2026-02-11 12:00:00
10672,1083,10673,2026-02-11 12:00:00
10673,1093,10674,2026-02-11 12:00:00
10674,1098,10675,2026-02-11 12:00:00
10675,1102,10676,2026-02-11 12:00:00
10676,1106,10677,2026-02-11 12:00:00
10677,1108,10678,2026-02-11 12:00:00
10678,1115,10679,2026-02-11 12:00:00
10679,1118,10680,2026-02-11 12:00:00
10680,1119,10681,2026-02-11 12:00:00
10681,1126,10682,2026-02-11 12:00:00
10682,1137,10683,2026-02-11 12:00:00
10683,1142,10684,2026-02-11 12:00:00
10684,1157,10685,2026-02-11 12:00:00
10685,1169,10686,2026-02-11 12:00:00
10686,1170,10687,2026-02-11 12:00:00
10687,1173,10688,2026-02-11 12:00:00
10688,1177,10689,2026-02-11 12:00:00
10689,1184,10690,2026-02-11 12:00:00
10690,1194,10691,2026-02-11 12:00:00
10691,1206,10692,2026-02-11 12:00:00
10692,1212,10693,2026-02-11 12:00:00
10693,1213,10694,2026-02-11 12:00:00
10694,1216,10695,2026-02-11 12:00:00
10695,1217,10696,2026-02-11 12:00:00
10696,1218,10697,2026-02-11 12:00:00
10697,1221,10698,2026-02-11 12:00:00
10698,1236,10699,2026-02-11 12:00:00
10699,1239,10700,2026-02-11 12:00:00
10700,1242,10701,2026-02-11 12:00:00
10701,1244,10702,2026-02-11 12:00:00
10702,1245,10703,2026-02-11 12:00:00
10703,1248,10704,2026-02-11 12:00:00
10704,1251,10705,2026-02-11 12:00:00
10705,1252,10706,2026-02-11 12:00:00
10706,1262,10707,2026-02-11 12:00:00
10707,1264,10708,2026-02-11 12:00:00
10708,1265,10709,2026-02-11 12:00:00
10709,1273,10710,2026-02-11 12:00:00
10710,1279,10711,2026-02-11 12:00:00
10711,1291,10712,2026-02-11 12:00:00
10712,1293,10713,2026-02-11 12:00:00
10713,1295,10714,2026-02-11 12:00:00
10714,1300,10715,2026-02-11 12:00:00
10715,1301,10716,2026-02-11 12:00:00
10716,1305,10717,2026-02-11 12:00:00
10717,1310,10718,2026-02-11 12:00:00
10718,1317,10719,2026-02-11 12:00:00
10719,1318,10720,2026-02-11 12:00:00
10720,1319,10721,2026-02-11 12:00:00
10721,1331,10722,2026-02-11 12:00:00
10722,1338,10723,2026-02-11 12:00:00
10723,1347,10724,2026-02-11 12:00:00
10724,1364,10725,2026-02-11 12:00:00
10725,1367,10726,2026-02-11 12:00:00
10726,1372,10727,2026-02-11 12:00:00
10727,1374,10728,2026-02-11 12:00:00
10728,1376,10729,2026-02-11 12:00:00
10729,1381,10730,2026-02-11 12:00:00
10730,1386,10731,2026-02-11 12:00:00
10731,1387,10732,2026-02-11 12:00:00
10732,1397,10733,2026-02-11 12:00:00
10733,1402,10734,2026-02-11 12:00:00
10734,1411,10735,2026-02-11 12:00:00
10735,1412,10736,2026-02-11 12:00:00
10736,1419,10737,2026-02-11 12:00:00
10737,1423,10738,2026-02-11 12:00:00
10738,1431,10739,2026-02-11 12:00:00
10739,1433,10740,2026-02-11 12:00:00
10740,1434,10741,2026-02-11 12:00:00
10741,1437,10742,2026-02-11 12:00:00
10742,1440,10743,2026-02-11 12:00:00
10743,1451,10744,2026-02-11 12:00:00
10744,1464,10745,2026-02-11 12:00:00
10745,1478,10746,2026-02-11 12:00:00
10746,1481,10747,2026-02-11 12:00:00
10747,1482,10748,2026-02-11 12:00:00
10748,1483,10749,2026-02-11 12:00:00
10749,1485,10750,2026-02-11 12:00:00
10750,1489,10751,2026-02-11 12:00:00
10751,1491,10752,2026-02-11 12:00:00
10752,1500,10753,2026-02-11 12:00:00
10753,1504,10754,2026-02-11 12:00:00
10754,1510,10755,2026-02-11 12:00:00
10755,1512,10756,2026-02-11 12:00:00
10756,1514,10757,2026-02-11 12:00:00
10757,1517,10758,2026-02-11 12:00:00
10758,1518,10759,2026-02-11 12:00:00
10759,1527,10760,2026-02-11 12:00:00
10760,1543,10761,2026-02-11 12:00:00
10761,1565,10762,2026-02-11 12:00:00
10762,1566,10763,2026-02-11 12:00:00
10763,1567,10764,2026-02-11 12:00:00
10764,1574,10765,2026-02-11 12:00:00
10765,1582,10766,2026-02-11 12:00:00
10766,1586,10767,2026-02-11 12:00:00
10767,1592,10768,2026-02-11 12:00:00
10768,1605,10769,2026-02-11 12:00:00
10769,1607,10770,2026-02-11 12:00:00
10770,1610,10771,2026-02-11 12:00:00
10771,1611,10772,2026-02-11 12:00:00
10772,1613,10773,2026-02-11 12:00:00
10773,1619,10774,2026-02-11 12:00:00
10774,1631,10775,2026-02-11 12:00:00
10775,1632,10776,2026-02-11 12:00:00
10776,1633,10777,2026-02-11 12:00:00
10777,1640,10778,2026-02-11 12:00:00
10778,1643,10779,2026-02-11 12:00:00
10779,1645,10780,2026-02-11 12:00:00
10780,1647,10781,2026-02-11 12:00:00
10781,1651,10782,2026-02-11 12:00:00
10782,1656,10783,2026-02-11 12:00:00
10783,1657,10784,2026-02-11 12:00:00
10784,1658,10785,2026-02-11 12:00:00
10785,1660,10786,2026-02-11 12:00:00
10786,1662,10787,2026-02-11 12:00:00
10787,1664,10788,2026-02-11 12:00:00
10788,2,10789,2026-02-12 12:00:00
10789,4,10790,2026-02-12 12:00:00
10790,22,10791,2026-02-12 12:00:00
10791,25,10792,2026-02-12 12:00:00
10792,40,10793,2026-02-12 12:00:00
10793,44,10794,2026-02-12 12:00:00
10794,46,10795,2026-02-12 12:00:00
10795,48,10796,2026-02-12 12:00:00
10796,49,10797,2026-02-12 12:00:00
10797,53,10798,2026-02-12 12:00:00
10798,63,10799,2026-02-12 12:00:00
10799,71,10800,2026-02-12 12:00:00
10800,93,10801,2026-02-12 12:00:00
10801,94,10802,2026-02-12 12:00:00
10802,96,10803,2026-02-12 12:00:00
10803,97,10804,2026-02-12 12:00:00
10804,100,10805,2026-02-12 12:00:00
10805,101,10806,2026-02-12 12:00:00
10806,102,10807,2026-02-12 12:00:00
10807,105,10808,2026-02-12 12:00:00
10808,106,10809,2026-02-12 12:00:00
10809,107,10810,2026-02-12 12:00:00
10810,109,10811,2026-02-12 12:00:00
10811,117,10812,2026-02-12 12:00:00
10812,129,10813,2026-02-12 12:00:00
10813,141,10814,2026-02-12 12:00:00
10814,143,10815,2026-02-12 12:00:00
10815,145,10816,2026-02-12 12:00:00
10816,149,10817,2026-02-12 12:00:00
10817,157,10818,2026-02-12 12:00:00
10818,166,10819,2026-02-12 12:00:00
10819,174,10820,2026-02-12 12:00:00
10820,175,10821,2026-02-12 12:00:00
10821,179,10822,2026-02-12 12:00:00
10822,190,10823,2026-02-12 12:00:00
10823,192,10824,2026-02-12 12:00:00
10824,197,10825,2026-02-12 12:00:00
10825,200,10826,2026-02-12 12:00:00
10826,206,10827,2026-02-12 12:00:00
10827,209,10828,2026-02-12 12:00:00
10828,212,10829,2026-02-12 12:00:00
10829,213,10830,2026-02-12 12:00:00
10830,214,10831,2026-02-12 12:00:00
10831,215,10832,2026-02-12 12:00:00
10832,218,10833,2026-02-12 12:00:00
10833,219,10834,2026-02-12 12:00:00
10834,230,10835,2026-02-12 12:00:00
10835,240,10836,2026-02-12 12:00:00
10836,241,10837,2026-02-12 12:00:00
10837,246,10838,2026-02-12 12:00:00
10838,247,10839,2026-02-12 12:00:00
10839,255,10840,2026-02-12 12:00:00
10840,258,10841,2026-02-12 12:00:00
10841,263,10842,2026-02-12 12:00:00
10842,270,10843,2026-02-12 12:00:00
10843,277,10844,2026-02-12 12:00:00
10844,283,10845,2026-02-12 12:00:00
10845,293,10846,2026-02-12 12:00:00
10846,295,10847,2026-02-12 12:00:00
10847,300,10848,2026-02-12 12:00:00
10848,308,10849,2026-02-12 12:00:00
10849,310,10850,2026-02-12 12:00:00
10850,311,10851,2026-02-12 12:00:00
10851,312,10852,2026-02-12 12:00:00
10852,313,10853,2026-02-12 12:00:00
10853,315,10854,2026-02-12 12:00:00
10854,318,10855,2026-02-12 12:00:00
10855,319,10856,2026-02-12 12:00:00
10856,322,10857,2026-02-12 12:00:00
10857,330,10858,2026-02-12 12:00:00
10858,349,10859,2026-02-12 12:00:00
10859,352,10860,2026-02-12 12:00:00
10860,354,10861,2026-02-12 12:00:00
10861,358,10862,2026-02-12 12:00:00
10862,364,10863,2026-02-12 12:00:00
10863,365,10864,2026-02-12 12:00:00
10864,369,10865,2026-02-12 12:00:00
10865,373,10866,2026-02-12 12:00:00
10866,383,10867,2026-02-12 12:00:00
10867,385,10868,2026-02-12 12:00:00
10868,394,10869,2026-02-12 12:00:00
10869,399,10870,2026-02-12 12:00:00
10870,401,10871,2026-02-12 12:00:00
10871,402,10872,2026-02-12 12:00:00
10872,410,10873,2026-02-12 12:00:00
10873,413,10874,2026-02-12 12:00:00
10874,421,10875,2026-02-12 12:00:00
10875,423,10876,2026-02-12 12:00:00
10876,425,10877,2026-02-12 12:00:00
10877,432,10878,2026-02-12 12:00:00
10878,443,10879,2026-02-12 12:00:00
10879,444,10880,2026-02-12 12:00:00
10880,447,10881,2026-02-12 12:00:00
10881,450,10882,2026-02-12 12:00:00
10882,451,10883,2026-02-12 12:00:00
10883,455,10884,2026-02-12 12:00:00
10884,456,10885,2026-02-12 12:00:00
10885,469,10886,2026-02-12 12:00:00
10886,479,10887,2026-02-12 12:00:00
10887,480,10888,2026-02-12 12:00:00
10888,492,10889,2026-02-12 12:00:00
10889,494,10890,2026-02-12 12:00:00
10890,496,10891,2026-02-12 12:00:00
10891,500,10892,2026-02-12 12:00:00
10892,505,10893,2026-02-12 12:00:00
10893,506,10894,2026-02-12 12:00:00
10894,508,10895,2026-02-12 12:00:00
10895,526,10896,2026-02-12 12:00:00
10896,530,10897,2026-02-12 12:00:00
10897,538,10898,2026-02-12 12:00:00
10898,543,10899,2026-02-12 12:00:00
10899,553,10900,2026-02-12 12:00:00
10900,554,10901,2026-02-12 12:00:00
10901,555,10902,2026-02-12 12:00:00
10902,557,10903,2026-02-12 12:00:00
10903,562,10904,2026-02-12 12:00:00
10904,574,10905,2026-02-12 12:00:00
10905,577,10906,2026-02-12 12:00:00
10906,583,10907,2026-02-12 12:00:00
10907,588,10908,2026-02-12 12:00:00
10908,592,10909,2026-02-12 12:00:00
10909,593,10910,2026-02-12 12:00:00
10910,602,10911,2026-02-12 12:00:00
10911,609,10912,2026-02-12 12:00:00
10912,610,10913,2026-02-12 12:00:00
10913,617,10914,2026-02-12 12:00:00
10914,619,10915,2026-02-12 12:00:00
10915,620,10916,2026-02-12 12:00:00
10916,625,10917,2026-02-12 12:00:00
10917,630,10918,2026-02-12 12:00:00
10918,640,10919,2026-02-12 12:00:00
10919,641,10920,2026-02-12 12:00:00
10920,651,10921,2026-02-12 12:00:00
10921,652,10922,2026-02-12 12:00:00
10922,654,10923,2026-02-12 12:00:00
10923,662,10924,2026-02-12 12:00:00
10924,672,10925,2026-02-12 12:00:00
10925,673,10926,2026-02-12 12:00:00
10926,679,10927,2026-02-12 12:00:00
10927,686,10928,2026-02-12 12:00:00
10928,688,10929,2026-02-12 12:00:00
10929,692,10930,2026-02-12 12:00:00
10930,693,10931,2026-02-12 12:00:00
10931,698,10932,2026-02-12 12:00:00
10932,699,10933,2026-02-12 12:00:00
10933,700,10934,2026-02-12 12:00:00
10934,703,10935,2026-02-12 12:00:00
10935,714,10936,2026-02-12 12:00:00
10936,734,10937,2026-02-12 12:00:00
10937,741,10938,2026-02-12 12:00:00
10938,742,10939,2026-02-12 12:00:00
10939,750,10940,2026-02-12 12:00:00
10940,754,10941,2026-02-12 12:00:00
10941,761,10942,2026-02-12 12:00:00
10942,764,10943,2026-02-12 12:00:00
10943,768,10944,2026-02-12 12:00:00
10944,774,10945,2026-02-12 12:00:00
10945,775,10946,2026-02-12 12:00:00
10946,779,10947,2026-02-12 12:00:00
10947,784,10948,2026-02-12 12:00:00
10948,790,10949,2026-02-12 12:00:00
10949,791,10950,2026-02-12 12:00:00
10950,799,10951,2026-02-12 12:00:00
10951,806,10952,2026-02-12 12:00:00
10952,811,10953,2026-02-12 12:00:00
10953,825,10954,2026-02-12 12:00:00
10954,828,10955,2026-02-12 12:00:00
10955,829,10956,2026-02-12 12:00:00
10956,835,10957,2026-02-12 12:00:00
10957,839,10958,2026-02-12 12:00:00
10958,850,10959,2026-02-12 12:00:00
10959,851,10960,2026-02-12 12:00:00
10960,862,10961,2026-02-12 12:00:00
10961,866,10962,2026-02-12 12:00:00
10962,870,10963,2026-02-12 12:00:00
10963,874,10964,2026-02-12 12:00:00
10964,880,10965,2026-02-12 12:00:00
10965,884,10966,2026-02-12 12:00:00
10966,886,10967,2026-02-12 12:00:00
10967,888,10968,2026-02-12 12:00:00
10968,906,10969,2026-02-12 12:00:00
10969,911,10970,2026-02-12 12:00:00
10970,915,10971,2026-02-12 12:00:00
10971,923,10972,2026-02-12 12:00:00
10972,932,10973,2026-02-12 12:00:00
10973,933,10974,2026-02-12 12:00:00
10974,934,10975,2026-02-12 12:00:00
10975,935,10976,2026-02-12 12:00:00
10976,946,10977,2026-02-12 12:00:00
10977,949,10978,2026-02-12 12:00:00
10978,951,10979,2026-02-12 12:00:00
10979,961,10980,2026-02-12 12:00:00
10980,963,10981,2026-02-12 12:00:00
10981,965,10982,2026-02-12 12:00:00
10982,968,10983,2026-02-12 12:00:00
10983,970,10984,2026-02-12 12:00:00
10984,974,10985,2026-02-12 12:00:00
10985,979,10986,2026-02-12 12:00:00
10986,984,10987,2026-02-12 12:00:00
10987,994,10988,2026-02-12 12:00:00
10988,997,10989,2026-02-12 12:00:00
10989,998,10990,2026-02-12 12:00:00
10990,1004,10991,2026-02-12 12:00:00
10991,1017,10992,2026-02-12 12:00:00
10992,1026,10993,2026-02-12 12:00:00
10993,1041,10994,2026-02-12 12:00:00
10994,1058,10995,2026-02-12 12:00:00
10995,1063,10996,2026-02-12 12:00:00
10996,1064,10997,2026-02-12 12:00:00
10997,1069,10998,2026-02-12 12:00:00
10998,1079,10999,2026-02-12 12:00:00
10999,1082,11000,2026-02-12 12:00:00
11000,1083,11001,2026-02-12 12:00:00
11001,1085,11002,2026-02-12 12:00:00
11002,1086,11003,2026-02-12 12:00:00
11003,1091,11004,2026-02-12 12:00:00
11004,1093,11005,2026-02-12 12:00:00
11005,1097,11006,2026-02-12 12:00:00
11006,1098,11007,2026-02-12 12:00:00
11007,1100,11008,2026-02-12 12:00:00
11008,1119,11009,2026-02-12 12:00:00
11009,1126,11010,2026-02-12 12:00:00
11010,1136,11011,2026-02-12 12:00:00
11011,1141,11012,2026-02-12 12:00:00
11012,1142,11013,2026-02-12 12:00:00
11013,1162,11014,2026-02-12 12:00:00
11014,1167,11015,2026-02-12 12:00:00
11015,1175,11016,2026-02-12 12:00:00
11016,1178,11017,2026-02-12 12:00:00
11017,1179,11018,2026-02-12 12:00:00
11018,1188,11019,2026-02-12 12:00:00
11019,1191,11020,2026-02-12 12:00:00
11020,1204,11021,2026-02-12 12:00:00
11021,1206,11022,2026-02-12 12:00:00
11022,1209,11023,2026-02-12 12:00:00
11023,1216,11024,2026-02-12 12:00:00
11024,1219,11025,2026-02-12 12:00:00
11025,1231,11026,2026-02-12 12:00:00
11026,1236,11027,2026-02-12 12:00:00
11027,1257,11028,2026-02-12 12:00:00
11028,1283,11029,2026-02-12 12:00:00
11029,1297,11030,2026-02-12 12:00:00
11030,1303,11031,2026-02-12 12:00:00
11031,1309,11032,2026-02-12 12:00:00
11032,1315,11033,2026-02-12 12:00:00
11033,1320,11034,2026-02-12 12:00:00
11034,1331,11035,2026-02-12 12:00:00
11035,1339,11036,2026-02-12 12:00:00
11036,1341,11037,2026-02-12 12:00:00
11037,1344,11038,2026-02-12 12:00:00
11038,1349,11039,2026-02-12 12:00:00
11039,1350,11040,2026-02-12 12:00:00
11040,1355,11041,2026-02-12 12:00:00
11041,1357,11042,2026-02-12 12:00:00
11042,1359,11043,2026-02-12 12:00:00
11043,1363,11044,2026-02-12 12:00:00
11044,1364,11045,2026-02-12 12:00:00
11045,1366,11046,2026-02-12 12:00:00
11046,1367,11047,2026-02-12 12:00:00
11047,1376,11048,2026-02-12 12:00:00
11048,1382,11049,2026-02-12 12:00:00
11049,1387,11050,2026-02-12 12:00:00
11050,1388,11051,2026-02-12 12:00:00
11051,1389,11052,2026-02-12 12:00:00
11052,1393,11053,2026-02-12 12:00:00
11053,1398,11054,2026-02-12 12:00:00
11054,1399,11055,2026-02-12 12:00:00
11055,1400,11056,2026-02-12 12:00:00
11056,1401,11057,2026-02-12 12:00:00
11057,1406,11058,2026-02-12 12:00:00
11058,1416,11059,2026-02-12 12:00:00
11059,1418,11060,2026-02-12 12:00:00
11060,1422,11061,2026-02-12 12:00:00
11061,1449,11062,2026-02-12 12:00:00
11062,1450,11063,2026-02-12 12:00:00
11063,1462,11064,2026-02-12 12:00:00
11064,1471,11065,2026-02-12 12:00:00
11065,1489,11066,2026-02-12 12:00:00
11066,1498,11067,2026-02-12 12:00:00
11067,1504,11068,2026-02-12 12:00:00
11068,1506,11069,2026-02-12 12:00:00
11069,1508,11070,2026-02-12 12:00:00
11070,1510,11071,2026-02-12 12:00:00
11071,1513,11072,2026-02-12 12:00:00
11072,1514,11073,2026-02-12 12:00:00
11073,1516,11074,2026-02-12 12:00:00
11074,1518,11075,2026-02-12 12:00:00
11075,1533,11076,2026-02-12 12:00:00
11076,1537,11077,2026-02-12 12:00:00
11077,1539,11078,2026-02-12 12:00:00
11078,1540,11079,2026-02-12 12:00:00
11079,1545,11080,2026-02-12 12:00:00
11080,1546,11081,2026-02-12 12:00:00
11081,1547,11082,2026-02-12 12:00:00
11082,1552,11083,2026-02-12 12:00:00
11083,1560,11084,2026-02-12 12:00:00
11084,1568,11085,2026-02-12 12:00:00
11085,1573,11086,2026-02-12 12:00:00
11086,1576,11087,2026-02-12 12:00:00
11087,1587,11088,2026-02-12 12:00:00
11088,1594,11089,2026-02-12 12:00:00
11089,1597,11090,2026-02-12 12:00:00
11090,1599,11091,2026-02-12 12:00:00
11091,1602,11092,2026-02-12 12:00:00
11092,1604,11093,2026-02-12 12:00:00
11093,1617,11094,2026-02-12 12:00:00
11094,1618,11095,2026-02-12 12:00:00
11095,1625,11096,2026-02-12 12:00:00
11096,1629,11097,2026-02-12 12:00:00
11097,1635,11098,2026-02-12 12:00:00
11098,1637,11099,2026-02-12 12:00:00
11099,1640,11100,2026-02-12 12:00:00
11100,1657,11101,2026-02-12 12:00:00
11101,1661,11102,2026-02-12 12:00:00
11102,1666,11103,2026-02-12 12:00:00
11103,1675,11104,2026-02-12 12:00:00
11104,1677,11105,2026-02-12 12:00:00
11105,1686,11106,2026-02-12 12:00:00
11106,1687,11107,2026-02-12 12:00:00
11107,1690,11108,2026-02-12 12:00:00
11108,1691,11109,2026-02-12 12:00:00
11109,1692,11110,2026-02-12 12:00:00
11110,1696,11111,2026-02-12 12:00:00
11111,4,11112,2026-02-13 12:00:00
11112,18,11113,2026-02-13 12:00:00
11113,25,11114,2026-02-13 12:00:00
11114,30,11115,2026-02-13 12:00:00
11115,46,11116,2026-02-13 12:00:00
11116,50,11117,2026-02-13 12:00:00
11117,51,11118,2026-02-13 12:00:00
11118,53,11119,2026-02-13 12:00:00
11119,59,11120,2026-02-13 12:00:00
11120,62,11121,2026-02-13 12:00:00
11121,66,11122,2026-02-13 12:00:00
11122,68,11123,2026-02-13 12:00:00
11123,78,11124,2026-02-13 12:00:00
11124,79,11125,2026-02-13 12:00:00
11125,95,11126,2026-02-13 12:00:00
11126,100,11127,2026-02-13 12:00:00
11127,103,11128,2026-02-13 12:00:00
11128,104,11129,2026-02-13 12:00:00
11129,109,11130,2026-02-13 12:00:00
11130,114,11131,2026-02-13 12:00:00
11131,119,11132,2026-02-13 12:00:00
11132,123,11133,2026-02-13 12:00:00
11133,130,11134,2026-02-13 12:00:00
11134,134,11135,2026-02-13 12:00:00
11135,145,11136,2026-02-13 12:00:00
11136,150,11137,2026-02-13 12:00:00
11137,156,11138,2026-02-13 12:00:00
11138,178,11139,2026-02-13 12:00:00
11139,181,11140,2026-02-13 12:00:00
11140,183,11141,2026-02-13 12:00:00
11141,194,11142,2026-02-13 12:00:00
11142,198,11143,2026-02-13 12:00:00
11143,201,11144,2026-02-13 12:00:00
11144,209,11145,2026-02-13 12:00:00
11145,214,11146,2026-02-13 12:00:00
11146,215,11147,2026-02-13 12:00:00
11147,216,11148,2026-02-13 12:00:00
11148,218,11149,2026-02-13 12:00:00
11149,219,11150,2026-02-13 12:00:00
11150,222,11151,2026-02-13 12:00:00
11151,227,11152,2026-02-13 12:00:00
11152,231,11153,2026-02-13 12:00:00
11153,239,11154,2026-02-13 12:00:00
11154,244,11155,2026-02-13 12:00:00
11155,245,11156,2026-02-13 12:00:00
11156,254,11157,2026-02-13 12:00:00
11157,258,11158,2026-02-13 12:00:00
11158,264,11159,2026-02-13 12:00:00
11159,265,11160,2026-02-13 12:00:00
11160,277,11161,2026-02-13 12:00:00
11161,285,11162,2026-02-13 12:00:00
11162,286,11163,2026-02-13 12:00:00
11163,290,11164,2026-02-13 12:00:00
11164,295,11165,2026-02-13 12:00:00
11165,296,11166,2026-02-13 12:00:00
11166,300,11167,2026-02-13 12:00:00
11167,302,11168,2026-02-13 12:00:00
11168,321,11169,2026-02-13 12:00:00
11169,326,11170,2026-02-13 12:00:00
11170,336,11171,2026-02-13 12:00:00
11171,345,11172,2026-02-13 12:00:00
11172,356,11173,2026-02-13 12:00:00
11173,357,11174,2026-02-13 12:00:00
11174,366,11175,2026-02-13 12:00:00
11175,370,11176,2026-02-13 12:00:00
11176,372,11177,2026-02-13 12:00:00
11177,380,11178,2026-02-13 12:00:00
11178,384,11179,2026-02-13 12:00:00
11179,402,11180,2026-02-13 12:00:00
11180,405,11181,2026-02-13 12:00:00
11181,411,11182,2026-02-13 12:00:00
11182,412,11183,2026-02-13 12:00:00
11183,428,11184,2026-02-13 12:00:00
11184,432,11185,2026-02-13 12:00:00
11185,440,11186,2026-02-13 12:00:00
11186,444,11187,2026-02-13 12:00:00
11187,446,11188,2026-02-13 12:00:00
11188,448,11189,2026-02-13 12:00:00
11189,453,11190,2026-02-13 12:00:00
11190,454,11191,2026-02-13 12:00:00
11191,459,11192,2026-02-13 12:00:00
11192,460,11193,2026-02-13 12:00:00
11193,462,11194,2026-02-13 12:00:00
11194,465,11195,2026-02-13 12:00:00
11195,470,11196,2026-02-13 12:00:00
11196,471,11197,2026-02-13 12:00:00
11197,480,11198,2026-02-13 12:00:00
11198,481,11199,2026-02-13 12:00:00
11199,484,11200,2026-02-13 12:00:00
11200,496,11201,2026-02-13 12:00:00
11201,501,11202,2026-02-13 12:00:00
11202,502,11203,2026-02-13 12:00:00
11203,503,11204,2026-02-13 12:00:00
11204,504,11205,2026-02-13 12:00:00
11205,506,11206,2026-02-13 12:00:00
11206,520,11207,2026-02-13 12:00:00
11207,523,11208,2026-02-13 12:00:00
11208,526,11209,2026-02-13 12:00:00
11209,527,11210,2026-02-13 12:00:00
11210,528,11211,2026-02-13 12:00:00
11211,537,11212,2026-02-13 12:00:00
11212,544,11213,2026-02-13 12:00:00
11213,547,11214,2026-02-13 12:00:00
11214,556,11215,2026-02-13 12:00:00
11215,570,11216,2026-02-13 12:00:00
11216,571,11217,2026-02-13 12:00:00
11217,586,11218,2026-02-13 12:00:00
11218,591,11219,2026-02-13 12:00:00
11219,600,11220,2026-02-13 12:00:00
11220,609,11221,2026-02-13 12:00:00
11221,610,11222,2026-02-13 12:00:00
11222,616,11223,2026-02-13 12:00:00
11223,620,11224,2026-02-13 12:00:00
11224,621,11225,2026-02-13 12:00:00
11225,629,11226,2026-02-13 12:00:00
11226,634,11227,2026-02-13 12:00:00
11227,642,11228,2026-02-13 12:00:00
11228,649,11229,2026-02-13 12:00:00
11229,654,11230,2026-02-13 12:00:00
11230,659,11231,2026-02-13 12:00:00
11231,663,11232,2026-02-13 12:00:00
11232,668,11233,2026-02-13 12:00:00
11233,670,11234,2026-02-13 12:00:00
11234,671,11235,2026-02-13 12:00:00
11235,677,11236,2026-02-13 12:00:00
11236,681,11237,2026-02-13 12:00:00
11237,682,11238,2026-02-13 12:00:00
11238,683,11239,2026-02-13 12:00:00
11239,685,11240,2026-02-13 12:00:00
11240,688,11241,2026-02-13 12:00:00
11241,689,11242,2026-02-13 12:00:00
11242,713,11243,2026-02-13 12:00:00
11243,714,11244,2026-02-13 12:00:00
11244,721,11245,2026-02-13 12:00:00
11245,725,11246,2026-02-13 12:00:00
11246,727,11247,2026-02-13 12:00:00
11247,730,11248,2026-02-13 12:00:00
11248,733,11249,2026-02-13 12:00:00
11249,739,11250,2026-02-13 12:00:00
11250,741,11251,2026-02-13 12:00:00
11251,742,11252,2026-02-13 12:00:00
11252,758,11253,2026-02-13 12:00:00
11253,759,11254,2026-02-13 12:00:00
11254,762,11255,2026-02-13 12:00:00
11255,767,11256,2026-02-13 12:00:00
11256,769,11257,2026-02-13 12:00:00
11257,777,11258,2026-02-13 12:00:00
11258,778,11259,2026-02-13 12:00:00
11259,791,11260,2026-02-13 12:00:00
11260,794,11261,2026-02-13 12:00:00
11261,801,11262,2026-02-13 12:00:00
11262,803,11263,2026-02-13 12:00:00
11263,806,11264,2026-02-13 12:00:00
11264,809,11265,2026-02-13 12:00:00
11265,810,11266,2026-02-13 12:00:00
11266,812,11267,2026-02-13 12:00:00
11267,818,11268,2026-02-13 12:00:00
11268,825,11269,2026-02-13 12:00:00
11269,826,11270,2026-02-13 12:00:00
11270,827,11271,2026-02-13 12:00:00
11271,834,11272,2026-02-13 12:00:00
11272,838,11273,2026-02-13 12:00:00
11273,839,11274,2026-02-13 12:00:00
11274,841,11275,2026-02-13 12:00:00
11275,845,11276,2026-02-13 12:00:00
11276,852,11277,2026-02-13 12:00:00
11277,854,11278,2026-02-13 12:00:00
11278,860,11279,2026-02-13 12:00:00
11279,864,11280,2026-02-13 12:00:00
11280,865,11281,2026-02-13 12:00:00
11281,872,11282,2026-02-13 12:00:00
11282,876,11283,2026-02-13 12:00:00
11283,880,11284,2026-02-13 12:00:00
11284,882,11285,2026-02-13 12:00:00
11285,884,11286,2026-02-13 12:00:00
11286,885,11287,2026-02-13 12:00:00
11287,886,11288,2026-02-13 12:00:00
11288,897,11289,2026-02-13 12:00:00
11289,902,11290,2026-02-13 12:00:00
11290,908,11291,2026-02-13 12:00:00
11291,913,11292,2026-02-13 12:00:00
11292,919,11293,2026-02-13 12:00:00
11293,921,11294,2026-02-13 12:00:00
11294,924,11295,2026-02-13 12:00:00
11295,926,11296,2026-02-13 12:00:00
11296,927,11297,2026-02-13 12:00:00
11297,928,11298,2026-02-13 12:00:00
11298,930,11299,2026-02-13 12:00:00
11299,937,11300,2026-02-13 12:00:00
11300,943,11301,2026-02-13 12:00:00
11301,950,11302,2026-02-13 12:00:00
11302,962,11303,2026-02-13 12:00:00
11303,968,11304,2026-02-13 12:00:00
11304,972,11305,2026-02-13 12:00:00
11305,975,11306,2026-02-13 12:00:00
11306,983,11307,2026-02-13 12:00:00
11307,989,11308,2026-02-13 12:00:00
11308,990,11309,2026-02-13 12:00:00
11309,993,11310,2026-02-13 12:00:00
11310,994,11311,2026-02-13 12:00:00
11311,998,11312,2026-02-13 12:00:00
11312,999,11313,2026-02-13 12:00:00
11313,1003,11314,2026-02-13 12:00:00
11314,1021,11315,2026-02-13 12:00:00
11315,1055,11316,2026-02-13 12:00:00
11316,1061,11317,2026-02-13 12:00:00
11317,1062,11318,2026-02-13 12:00:00
11318,1074,11319,2026-02-13 12:00:00
11319,1081,11320,2026-02-13 12:00:00
11320,1084,11321,2026-02-13 12:00:00
11321,1089,11322,2026-02-13 12:00:00
11322,1105,11323,2026-02-13 12:00:00
11323,1120,11324,2026-02-13 12:00:00
11324,1125,11325,2026-02-13 12:00:00
11325,1134,11326,2026-02-13 12:00:00
11326,1140,11327,2026-02-13 12:00:00
11327,1141,11328,2026-02-13 12:00:00
11328,1143,11329,2026-02-13 12:00:00
11329,1146,11330,2026-02-13 12:00:00
11330,1147,11331,2026-02-13 12:00:00
11331,1162,11332,2026-02-13 12:00:00
11332,1163,11333,2026-02-13 12:00:00
11333,1164,11334,2026-02-13 12:00:00
11334,1177,11335,2026-02-13 12:00:00
11335,1179,11336,2026-02-13 12:00:00
11336,1181,11337,2026-02-13 12:00:00
11337,1184,11338,2026-02-13 12:00:00
11338,1194,11339,2026-02-13 12:00:00
11339,1203,11340,2026-02-13 12:00:00
11340,1204,11341,2026-02-13 12:00:00
11341,1208,11342,2026-02-13 12:00:00
11342,1211,11343,2026-02-13 12:00:00
11343,1213,11344,2026-02-13 12:00:00
11344,1214,11345,2026-02-13 12:00:00
11345,1216,11346,2026-02-13 12:00:00
11346,1227,11347,2026-02-13 12:00:00
11347,1229,11348,2026-02-13 12:00:00
11348,1235,11349,2026-02-13 12:00:00
11349,1241,11350,2026-02-13 12:00:00
11350,1246,11351,2026-02-13 12:00:00
11351,1248,11352,2026-02-13 12:00:00
11352,1267,11353,2026-02-13 12:00:00
11353,1270,11354,2026-02-13 12:00:00
11354,1274,11355,2026-02-13 12:00:00
11355,1277,11356,2026-02-13 12:00:00
11356,1281,11357,2026-02-13 12:00:00
11357,1283,11358,2026-02-13 12:00:00
11358,1290,11359,2026-02-13 12:00:00
11359,1292,11360,2026-02-13 12:00:00
11360,1314,11361,2026-02-13 12:00:00
11361,1318,11362,2026-02-13 12:00:00
11362,1321,11363,2026-02-13 12:00:00
11363,1330,11364,2026-02-13 12:00:00
11364,1332,11365,2026-02-13 12:00:00
11365,1335,11366,2026-02-13 12:00:00
11366,1338,11367,2026-02-13 12:00:00
11367,1341,11368,2026-02-13 12:00:00
11368,1345,11369,2026-02-13 12:00:00
11369,1353,11370,2026-02-13 12:00:00
11370,1355,11371,2026-02-13 12:00:00
11371,1358,11372,2026-02-13 12:00:00
11372,1367,11373,2026-02-13 12:00:00
11373,1368,11374,2026-02-13 12:00:00
11374,1380,11375,2026-02-13 12:00:00
11375,1393,11376,2026-02-13 12:00:00
11376,1404,11377,2026-02-13 12:00:00
11377,1405,11378,2026-02-13 12:00:00
11378,1410,11379,2026-02-13 12:00:00
11379,1436,11380,2026-02-13 12:00:00
11380,1440,11381,2026-02-13 12:00:00
11381,1454,11382,2026-02-13 12:00:00
11382,1456,11383,2026-02-13 12:00:00
11383,1466,11384,2026-02-13 12:00:00
11384,1469,11385,2026-02-13 12:00:00
11385,1482,11386,2026-02-13 12:00:00
11386,1485,11387,2026-02-13 12:00:00
11387,1490,11388,2026-02-13 12:00:00
11388,1492,11389,2026-02-13 12:00:00
11389,1493,11390,2026-02-13 12:00:00
11390,1497,11391,2026-02-13 12:00:00
11391,1500,11392,2026-02-13 12:00:00
11392,1503,11393,2026-02-13 12:00:00
11393,1508,11394,2026-02-13 12:00:00
11394,1509,11395,2026-02-13 12:00:00
11395,1512,11396,2026-02-13 12:00:00
11396,1513,11397,2026-02-13 12:00:00
11397,1515,11398,2026-02-13 12:00:00
11398,1529,11399,2026-02-13 12:00:00
11399,1539,11400,2026-02-13 12:00:00
11400,1543,11401,2026-02-13 12:00:00
11401,1544,11402,2026-02-13 12:00:00
11402,1547,11403,2026-02-13 12:00:00
11403,1549,11404,2026-02-13 12:00:00
11404,1553,11405,2026-02-13 12:00:00
11405,1566,11406,2026-02-13 12:00:00
11406,1567,11407,2026-02-13 12:00:00
11407,1569,11408,2026-02-13 12:00:00
11408,1579,11409,2026-02-13 12:00:00
11409,1582,11410,2026-02-13 12:00:00
11410,1586,11411,2026-02-13 12:00:00
11411,1590,11412,2026-02-13 12:00:00
11412,1597,11413,2026-02-13 12:00:00
11413,1608,11414,2026-02-13 12:00:00
11414,1615,11415,2026-02-13 12:00:00
11415,1616,11416,2026-02-13 12:00:00
11416,1617,11417,2026-02-13 12:00:00
11417,1620,11418,2026-02-13 12:00:00
11418,1622,11419,2026-02-13 12:00:00
11419,1628,11420,2026-02-13 12:00:00
11420,1639,11421,2026-02-13 12:00:00
11421,1645,11422,2026-02-13 12:00:00
11422,1649,11423,2026-02-13 12:00:00
11423,1658,11424,2026-02-13 12:00:00
11424,1662,11425,2026-02-13 12:00:00
11425,1665,11426,2026-02-13 12:00:00
11426,1666,11427,2026-02-13 12:00:00
11427,1670,11428,2026-02-13 12:00:00
11428,1675,11429,2026-02-13 12:00:00
11429,1679,11430,2026-02-13 12:00:00
11430,1681,11431,2026-02-13 12:00:00
11431,1683,11432,2026-02-13 12:00:00
11432,1687,11433,2026-02-13 12:00:00
11433,1688,11434,2026-02-13 12:00:00
11434,1693,11435,2026-02-13 12:00:00
11435,1705,11436,2026-02-13 12:00:00
11436,1712,11437,2026-02-13 12:00:00
11437,1718,11438,2026-02-13 12:00:00
11438,3,11439,2026-02-14 12:00:00
11439,4,11440,2026-02-14 12:00:00
11440,6,11441,2026-02-14 12:00:00
11441,11,11442,2026-02-14 12:00:00
11442,18,11443,2026-02-14 12:00:00
11443,22,11444,2026-02-14 12:00:00
11444,23,11445,2026-02-14 12:00:00
11445,27,11446,2026-02-14 12:00:00
11446,31,11447,2026-02-14 12:00:00
11447,37,11448,2026-02-14 12:00:00
11448,41,11449,2026-02-14 12:00:00
11449,47,11450,2026-02-14 12:00:00
11450,54,11451,2026-02-14 12:00:00
11451,57,11452,2026-02-14 12:00:00
11452,58,11453,2026-02-14 12:00:00
11453,78,11454,2026-02-14 12:00:00
11454,83,11455,2026-02-14 12:00:00
11455,87,11456,2026-02-14 12:00:00
11456,89,11457,2026-02-14 12:00:00
11457,91,11458,2026-02-14 12:00:00
11458,93,11459,2026-02-14 12:00:00
11459,97,11460,2026-02-14 12:00:00
11460,100,11461,2026-02-14 12:00:00
11461,105,11462,2026-02-14 12:00:00
11462,111,11463,2026-02-14 12:00:00
11463,118,11464,2026-02-14 12:00:00
11464,121,11465,2026-02-14 12:00:00
11465,124,11466,2026-02-14 12:00:00
11466,125,11467,2026-02-14 12:00:00
11467,134,11468,2026-02-14 12:00:00
11468,140,11469,2026-02-14 12:00:00
11469,143,11470,2026-02-14 12:00:00
11470,148,11471,2026-02-14 12:00:00
11471,150,11472,2026-02-14 12:00:00
11472,164,11473,2026-02-14 12:00:00
11473,165,11474,2026-02-14 12:00:00
11474,171,11475,2026-02-14 12:00:00
11475,185,11476,2026-02-14 12:00:00
11476,192,11477,2026-02-14 12:00:00
11477,197,11478,2026-02-14 12:00:00
11478,202,11479,2026-02-14 12:00:00
11479,206,11480,2026-02-14 12:00:00
11480,209,11481,2026-02-14 12:00:00
11481,211,11482,2026-02-14 12:00:00
11482,230,11483,2026-02-14 12:00:00
11483,233,11484,2026-02-14 12:00:00
11484,237,11485,2026-02-14 12:00:00
11485,240,11486,2026-02-14 12:00:00
11486,247,11487,2026-02-14 12:00:00
11487,252,11488,2026-02-14 12:00:00
11488,256,11489,2026-02-14 12:00:00
11489,278,11490,2026-02-14 12:00:00
11490,279,11491,2026-02-14 12:00:00
11491,290,11492,2026-02-14 12:00:00
11492,291,11493,2026-02-14 12:00:00
11493,293,11494,2026-02-14 12:00:00
11494,297,11495,2026-02-14 12:00:00
11495,301,11496,2026-02-14 12:00:00
11496,303,11497,2026-02-14 12:00:00
11497,306,11498,2026-02-14 12:00:00
11498,311,11499,2026-02-14 12:00:00
11499,312,11500,2026-02-14 12:00:00
11500,313,11501,2026-02-14 12:00:00
11501,316,11502,2026-02-14 12:00:00
11502,317,11503,2026-02-14 12:00:00
11503,326,11504,2026-02-14 12:00:00
11504,327,11505,2026-02-14 12:00:00
11505,333,11506,2026-02-14 12:00:00
11506,338,11507,2026-02-14 12:00:00
11507,345,11508,2026-02-14 12:00:00
11508,349,11509,2026-02-14 12:00:00
11509,358,11510,2026-02-14 12:00:00
11510,365,11511,2026-02-14 12:00:00
11511,366,11512,2026-02-14 12:00:00
11512,369,11513,2026-02-14 12:00:00
11513,388,11514,2026-02-14 12:00:00
11514,392,11515,2026-02-14 12:00:00
11515,401,11516,2026-02-14 12:00:00
11516,405,11517,2026-02-14 12:00:00
11517,410,11518,2026-02-14 12:00:00
11518,411,11519,2026-02-14 12:00:00
11519,418,11520,2026-02-14 12:00:00
11520,423,11521,2026-02-14 12:00:00
11521,436,11522,2026-02-14 12:00:00
11522,441,11523,2026-02-14 12:00:00
11523,442,11524,2026-02-14 12:00:00
11524,443,11525,2026-02-14 12:00:00
11525,448,11526,2026-02-14 12:00:00
11526,449,11527,2026-02-14 12:00:00
11527,457,11528,2026-02-14 12:00:00
11528,458,11529,2026-02-14 12:00:00
11529,460,11530,2026-02-14 12:00:00
11530,463,11531,2026-02-14 12:00:00
11531,466,11532,2026-02-14 12:00:00
11532,467,11533,2026-02-14 12:00:00
11533,476,11534,2026-02-14 12:00:00
11534,491,11535,2026-02-14 12:00:00
11535,492,11536,2026-02-14 12:00:00
11536,493,11537,2026-02-14 12:00:00
11537,499,11538,2026-02-14 12:00:00
11538,501,11539,2026-02-14 12:00:00
11539,502,11540,2026-02-14 12:00:00
11540,503,11541,2026-02-14 12:00:00
11541,506,11542,2026-02-14 12:00:00
11542,507,11543,2026-02-14 12:00:00
11543,508,11544,2026-02-14 12:00:00
11544,513,11545,2026-02-14 12:00:00
11545,514,11546,2026-02-14 12:00:00
11546,525,11547,2026-02-14 12:00:00
11547,527,11548,2026-02-14 12:00:00
11548,536,11549,2026-02-14 12:00:00
11549,552,11550,2026-02-14 12:00:00
11550,555,11551,2026-02-14 12:00:00
11551,558,11552,2026-02-14 12:00:00
11552,561,11553,2026-02-14 12:00:00
11553,569,11554,2026-02-14 12:00:00
11554,571,11555,2026-02-14 12:00:00
11555,572,11556,2026-02-14 12:00:00
11556,580,11557,2026-02-14 12:00:00
11557,582,11558,2026-02-14 12:00:00
11558,584,11559,2026-02-14 12:00:00
11559,591,11560,2026-02-14 12:00:00
11560,602,11561,2026-02-14 12:00:00
11561,614,11562,2026-02-14 12:00:00
11562,617,11563,2026-02-14 12:00:00
11563,619,11564,2026-02-14 12:00:00
11564,620,11565,2026-02-14 12:00:00
11565,628,11566,2026-02-14 12:00:00
11566,638,11567,2026-02-14 12:00:00
11567,641,11568,2026-02-14 12:00:00
11568,643,11569,2026-02-14 12:00:00
11569,657,11570,2026-02-14 12:00:00
11570,661,11571,2026-02-14 12:00:00
11571,664,11572,2026-02-14 12:00:00
11572,666,11573,2026-02-14 12:00:00
11573,681,11574,2026-02-14 12:00:00
11574,682,11575,2026-02-14 12:00:00
11575,688,11576,2026-02-14 12:00:00
11576,692,11577,2026-02-14 12:00:00
11577,694,11578,2026-02-14 12:00:00
11578,695,11579,2026-02-14 12:00:00
11579,697,11580,2026-02-14 12:00:00
11580,707,11581,2026-02-14 12:00:00
11581,712,11582,2026-02-14 12:00:00
11582,716,11583,2026-02-14 12:00:00
11583,717,11584,2026-02-14 12:00:00
11584,720,11585,2026-02-14 12:00:00
11585,722,11586,2026-02-14 12:00:00
11586,726,11587,2026-02-14 12:00:00
11587,730,11588,2026-02-14 12:00:00
11588,735,11589,2026-02-14 12:00:00
11589,736,11590,2026-02-14 12:00:00
11590,742,11591,2026-02-14 12:00:00
11591,751,11592,2026-02-14 12:00:00
11592,754,11593,2026-02-14 12:00:00
11593,764,11594,2026-02-14 12:00:00
11594,768,11595,2026-02-14 12:00:00
11595,769,11596,2026-02-14 12:00:00
11596,770,11597,2026-02-14 12:00:00
11597,771,11598,2026-02-14 12:00:00
11598,777,11599,2026-02-14 12:00:00
11599,781,11600,2026-02-14 12:00:00
11600,786,11601,2026-02-14 12:00:00
11601,789,11602,2026-02-14 12:00:00
11602,793,11603,2026-02-14 12:00:00
11603,800,11604,2026-02-14 12:00:00
11604,801,11605,2026-02-14 12:00:00
11605,803,11606,2026-02-14 12:00:00
11606,813,11607,2026-02-14 12:00:00
11607,814,11608,2026-02-14 12:00:00
11608,827,11609,2026-02-14 12:00:00
11609,831,11610,2026-02-14 12:00:00
11610,835,11611,2026-02-14 12:00:00
11611,836,11612,2026-02-14 12:00:00
11612,840,11613,2026-02-14 12:00:00
11613,847,11614,2026-02-14 12:00:00
11614,850,11615,2026-02-14 12:00:00
11615,858,11616,2026-02-14 12:00:00
11616,871,11617,2026-02-14 12:00:00
11617,880,11618,2026-02-14 12:00:00
11618,884,11619,2026-02-14 12:00:00
11619,885,11620,2026-02-14 12:00:00
11620,892,11621,2026-02-14 12:00:00
11621,899,11622,2026-02-14 12:00:00
11622,901,11623,2026-02-14 12:00:00
11623,904,11624,2026-02-14 12:00:00
11624,907,11625,2026-02-14 12:00:00
11625,927,11626,2026-02-14 12:00:00
11626,934,11627,2026-02-14 12:00:00
11627,935,11628,2026-02-14 12:00:00
11628,941,11629,2026-02-14 12:00:00
11629,943,11630,2026-02-14 12:00:00
11630,952,11631,2026-02-14 12:00:00
11631,953,11632,2026-02-14 12:00:00
11632,956,11633,2026-02-14 12:00:00
11633,958,11634,2026-02-14 12:00:00
11634,963,11635,2026-02-14 12:00:00
11635,967,11636,2026-02-14 12:00:00
11636,980,11637,2026-02-14 12:00:00
11637,985,11638,2026-02-14 12:00:00
11638,986,11639,2026-02-14 12:00:00
11639,1000,11640,2026-02-14 12:00:00
11640,1009,11641,2026-02-14 12:00:00
11641,1012,11642,2026-02-14 12:00:00
11642,1013,11643,2026-02-14 12:00:00
11643,1021,11644,2026-02-14 12:00:00
11644,1035,11645,2026-02-14 12:00:00
11645,1038,11646,2026-02-14 12:00:00
11646,1040,11647,2026-02-14 12:00:00
11647,1055,11648,2026-02-14 12:00:00
11648,1066,11649,2026-02-14 12:00:00
11649,1068,11650,2026-02-14 12:00:00
11650,1070,11651,2026-02-14 12:00:00
11651,1075,11652,2026-02-14 12:00:00
11652,1081,11653,2026-02-14 12:00:00
11653,1084,11654,2026-02-14 12:00:00
11654,1086,11655,2026-02-14 12:00:00
11655,1093,11656,2026-02-14 12:00:00
11656,1094,11657,2026-02-14 12:00:00
11657,1106,11658,2026-02-14 12:00:00
11658,1110,11659,2026-02-14 12:00:00
11659,1113,11660,2026-02-14 12:00:00
11660,1114,11661,2026-02-14 12:00:00
11661,1125,11662,2026-02-14 12:00:00
11662,1131,11663,2026-02-14 12:00:00
11663,1140,11664,2026-02-14 12:00:00
11664,1150,11665,2026-02-14 12:00:00
11665,1153,11666,2026-02-14 12:00:00
11666,1154,11667,2026-02-14 12:00:00
11667,1158,11668,2026-02-14 12:00:00
11668,1160,11669,2026-02-14 12:00:00
11669,1161,11670,2026-02-14 12:00:00
11670,1165,11671,2026-02-14 12:00:00
11671,1173,11672,2026-02-14 12:00:00
11672,1179,11673,2026-02-14 12:00:00
11673,1181,11674,2026-02-14 12:00:00
11674,1188,11675,2026-02-14 12:00:00
11675,1192,11676,2026-02-14 12:00:00
11676,1203,11677,2026-02-14 12:00:00
11677,1204,11678,2026-02-14 12:00:00
11678,1208,11679,2026-02-14 12:00:00
11679,1210,11680,2026-02-14 12:00:00
11680,1211,11681,2026-02-14 12:00:00
11681,1213,11682,2026-02-14 12:00:00
11682,1218,11683,2026-02-14 12:00:00
11683,1219,11684,2026-02-14 12:00:00
11684,1223,11685,2026-02-14 12:00:00
11685,1243,11686,2026-02-14 12:00:00
11686,1250,11687,2026-02-14 12:00:00
11687,1262,11688,2026-02-14 12:00:00
11688,1265,11689,2026-02-14 12:00:00
11689,1267,11690,2026-02-14 12:00:00
11690,1272,11691,2026-02-14 12:00:00
11691,1278,11692,2026-02-14 12:00:00
11692,1284,11693,2026-02-14 12:00:00
11693,1301,11694,2026-02-14 12:00:00
11694,1303,11695,2026-02-14 12:00:00
11695,1306,11696,2026-02-14 12:00:00
11696,1307,11697,2026-02-14 12:00:00
11697,1321,11698,2026-02-14 12:00:00
11698,1322,11699,2026-02-14 12:00:00
11699,1324,11700,2026-02-14 12:00:00
11700,1326,11701,2026-02-14 12:00:00
11701,1331,11702,2026-02-14 12:00:00
11702,1349,11703,2026-02-14 12:00:00
11703,1361,11704,2026-02-14 12:00:00
11704,1367,11705,2026-02-14 12:00:00
11705,1368,11706,2026-02-14 12:00:00
11706,1369,11707,2026-02-14 12:00:00
11707,1371,11708,2026-02-14 12:00:00
11708,1375,11709,2026-02-14 12:00:00
11709,1382,11710,2026-02-14 12:00:00
11710,1385,11711,2026-02-14 12:00:00
11711,1393,11712,2026-02-14 12:00:00
11712,1394,11713,2026-02-14 12:00:00
11713,1407,11714,2026-02-14 12:00:00
11714,1411,11715,2026-02-14 12:00:00
11715,1414,11716,2026-02-14 12:00:00
11716,1417,11717,2026-02-14 12:00:00
11717,1418,11718,2026-02-14 12:00:00
11718,1422,11719,2026-02-14 12:00:00
11719,1435,11720,2026-02-14 12:00:00
11720,1437,11721,2026-02-14 12:00:00
11721,1440,11722,2026-02-14 12:00:00
11722,1442,11723,2026-02-14 12:00:00
11723,1451,11724,2026-02-14 12:00:00
11724,1458,11725,2026-02-14 12:00:00
11725,1465,11726,2026-02-14 12:00:00
11726,1471,11727,2026-02-14 12:00:00
11727,1474,11728,2026-02-14 12:00:00
11728,1480,11729,2026-02-14 12:00:00
11729,1483,11730,2026-02-14 12:00:00
11730,1485,11731,2026-02-14 12:00:00
11731,1488,11732,2026-02-14 12:00:00
11732,1494,11733,2026-02-14 12:00:00
11733,1501,11734,2026-02-14 12:00:00
11734,1503,11735,2026-02-14 12:00:00
11735,1508,11736,2026-02-14 12:00:00
11736,1516,11737,2026-02-14 12:00:00
11737,1517,11738,2026-02-14 12:00:00
11738,1518,11739,2026-02-14 12:00:00
11739,1520,11740,2026-02-14 12:00:00
11740,1524,11741,2026-02-14 12:00:00
11741,1530,11742,2026-02-14 12:00:00
11742,1531,11743,2026-02-14 12:00:00
11743,1543,11744,2026-02-14 12:00:00
11744,1546,11745,2026-02-14 12:00:00
11745,1550,11746,2026-02-14 12:00:00
11746,1553,11747,2026-02-14 12:00:00
11747,1565,11748,2026-02-14 12:00:00
11748,1566,11749,2026-02-14 12:00:00
11749,1570,11750,2026-02-14 12:00:00
11750,1579,11751,2026-02-14 12:00:00
11751,1582,11752,2026-02-14 12:00:00
11752,1585,11753,2026-02-14 12:00:00
11753,1586,11754,2026-02-14 12:00:00
11754,1588,11755,2026-02-14 12:00:00
11755,1595,11756,2026-02-14 12:00:00
11756,1601,11757,2026-02-14 12:00:00
11757,1620,11758,2026-02-14 12:00:00
11758,1621,11759,2026-02-14 12:00:00
11759,1628,11760,2026-02-14 12:00:00
11760,1635,11761,2026-02-14 12:00:00
11761,1638,11762,2026-02-14 12:00:00
11762,1640,11763,2026-02-14 12:00:00
11763,1645,11764,2026-02-14 12:00:00
11764,1651,11765,2026-02-14 12:00:00
11765,1656,11766,2026-02-14 12:00:00
11766,1657,11767,2026-02-14 12:00:00
11767,1660,11768,2026-02-14 12:00:00
11768,1661,11769,2026-02-14 12:00:00
11769,1667,11770,2026-02-14 12:00:00
11770,1668,11771,2026-02-14 12:00:00
11771,1669,11772,2026-02-14 12:00:00
11772,1681,11773,2026-02-14 12:00:00
11773,1683,11774,2026-02-14 12:00:00
11774,1685,11775,2026-02-14 12:00:00
11775,1686,11776,2026-02-14 12:00:00
11776,1693,11777,2026-02-14 12:00:00
11777,1694,11778,2026-02-14 12:00:00
11778,1695,11779,2026-02-14 12:00:00
11779,1701,11780,2026-02-14 12:00:00
11780,1707,11781,2026-02-14 12:00:00
11781,1720,11782,2026-02-14 12:00:00
11782,1732,11783,2026-02-14 12:00:00
11783,1736,11784,2026-02-14 12:00:00
11784,1739,11785,2026-02-14 12:00:00
11785,3,11786,2026-02-15 12:00:00
11786,6,11787,2026-02-15 12:00:00
11787,11,11788,2026-02-15 12:00:00
11788,12,11789,2026-02-15 12:00:00
11789,25,11790,2026-02-15 12:00:00
11790,35,11791,2026-02-15 12:00:00
11791,36,11792,2026-02-15 12:00:00
11792,40,11793,2026-02-15 12:00:00
11793,41,11794,2026-02-15 12:00:00
11794,45,11795,2026-02-15 12:00:00
11795,65,11796,2026-02-15 12:00:00
11796,67,11797,2026-02-15 12:00:00
11797,70,11798,2026-02-15 12:00:00
11798,72,11799,2026-02-15 12:00:00
11799,73,11800,2026-02-15 12:00:00
11800,75,11801,2026-02-15 12:00:00
11801,78,11802,2026-02-15 12:00:00
11802,81,11803,2026-02-15 12:00:00
11803,83,11804,2026-02-15 12:00:00
11804,86,11805,2026-02-15 12:00:00
11805,94,11806,2026-02-15 12:00:00
11806,102,11807,2026-02-15 12:00:00
11807,104,11808,2026-02-15 12:00:00
11808,108,11809,2026-02-15 12:00:00
11809,115,11810,2026-02-15 12:00:00
11810,116,11811,2026-02-15 12:00:00
11811,118,11812,2026-02-15 12:00:00
11812,134,11813,2026-02-15 12:00:00
11813,136,11814,2026-02-15 12:00:00
11814,138,11815,2026-02-15 12:00:00
11815,141,11816,2026-02-15 12:00:00
11816,144,11817,2026-02-15 12:00:00
11817,146,11818,2026-02-15 12:00:00
11818,147,11819,2026-02-15 12:00:00
11819,148,11820,2026-02-15 12:00:00
11820,150,11821,2026-02-15 12:00:00
11821,152,11822,2026-02-15 12:00:00
11822,154,11823,2026-02-15 12:00:00
11823,157,11824,2026-02-15 12:00:00
11824,158,11825,2026-02-15 12:00:00
11825,160,11826,2026-02-15 12:00:00
11826,177,11827,2026-02-15 12:00:00
11827,182,11828,2026-02-15 12:00:00
11828,183,11829,2026-02-15 12:00:00
11829,187,11830,2026-02-15 12:00:00
11830,190,11831,2026-02-15 12:00:00
11831,194,11832,2026-02-15 12:00:00
11832,200,11833,2026-02-15 12:00:00
11833,202,11834,2026-02-15 12:00:00
11834,204,11835,2026-02-15 12:00:00
11835,207,11836,2026-02-15 12:00:00
11836,210,11837,2026-02-15 12:00:00
11837,215,11838,2026-02-15 12:00:00
11838,217,11839,2026-02-15 12:00:00
11839,218,11840,2026-02-15 12:00:00
11840,221,11841,2026-02-15 12:00:00
11841,222,11842,2026-02-15 12:00:00
11842,229,11843,2026-02-15 12:00:00
11843,230,11844,2026-02-15 12:00:00
11844,241,11845,2026-02-15 12:00:00
11845,248,11846,2026-02-15 12:00:00
11846,251,11847,2026-02-15 12:00:00
11847,254,11848,2026-02-15 12:00:00
11848,259,11849,2026-02-15 12:00:00
11849,265,11850,2026-02-15 12:00:00
11850,271,11851,2026-02-15 12:00:00
11851,274,11852,2026-02-15 12:00:00
11852,275,11853,2026-02-15 12:00:00
11853,277,11854,2026-02-15 12:00:00
11854,287,11855,2026-02-15 12:00:00
11855,292,11856,2026-02-15 12:00:00
11856,297,11857,2026-02-15 12:00:00
11857,298,11858,2026-02-15 12:00:00
11858,299,11859,2026-02-15 12:00:00
11859,302,11860,2026-02-15 12:00:00
11860,304,11861,2026-02-15 12:00:00
11861,311,11862,2026-02-15 12:00:00
11862,313,11863,2026-02-15 12:00:00
11863,323,11864,2026-02-15 12:00:00
11864,332,11865,2026-02-15 12:00:00
11865,340,11866,2026-02-15 12:00:00
11866,342,11867,2026-02-15 12:00:00
11867,353,11868,2026-02-15 12:00:00
11868,361,11869,2026-02-15 12:00:00
11869,367,11870,2026-02-15 12:00:00
11870,370,11871,2026-02-15 12:00:00
11871,376,11872,2026-02-15 12:00:00
11872,388,11873,2026-02-15 12:00:00
11873,389,11874,2026-02-15 12:00:00
11874,397,11875,2026-02-15 12:00:00
11875,408,11876,2026-02-15 12:00:00
11876,419,11877,2026-02-15 12:00:00
11877,422,11878,2026-02-15 12:00:00
11878,424,11879,2026-02-15 12:00:00
11879,426,11880,2026-02-15 12:00:00
11880,431,11881,2026-02-15 12:00:00
11881,435,11882,2026-02-15 12:00:00
11882,440,11883,2026-02-15 12:00:00
11883,444,11884,2026-02-15 12:00:00
11884,449,11885,2026-02-15 12:00:00
11885,451,11886,2026-02-15 12:00:00
11886,457,11887,2026-02-15 12:00:00
11887,463,11888,2026-02-15 12:00:00
11888,470,11889,2026-02-15 12:00:00
11889,475,11890,2026-02-15 12:00:00
11890,476,11891,2026-02-15 12:00:00
11891,477,11892,2026-02-15 12:00:00
11892,480,11893,2026-02-15 12:00:00
11893,492,11894,2026-02-15 12:00:00
11894,494,11895,2026-02-15 12:00:00
11895,503,11896,2026-02-15 12:00:00
11896,504,11897,2026-02-15 12:00:00
11897,507,11898,2026-02-15 12:00:00
11898,512,11899,2026-02-15 12:00:00
11899,513,11900,2026-02-15 12:00:00
11900,514,11901,2026-02-15 12:00:00
11901,517,11902,2026-02-15 12:00:00
11902,518,11903,2026-02-15 12:00:00
11903,521,11904,2026-02-15 12:00:00
11904,535,11905,2026-02-15 12:00:00
11905,546,11906,2026-02-15 12:00:00
11906,549,11907,2026-02-15 12:00:00
11907,551,11908,2026-02-15 12:00:00
11908,552,11909,2026-02-15 12:00:00
11909,555,11910,2026-02-15 12:00:00
11910,557,11911,2026-02-15 12:00:00
11911,558,11912,2026-02-15 12:00:00
11912,559,11913,2026-02-15 12:00:00
11913,562,11914,2026-02-15 12:00:00
11914,571,11915,2026-02-15 12:00:00
11915,574,11916,2026-02-15 12:00:00
11916,578,11917,2026-02-15 12:00:00
11917,580,11918,2026-02-15 12:00:00
11918,586,11919,2026-02-15 12:00:00
11919,596,11920,2026-02-15 12:00:00
11920,599,11921,2026-02-15 12:00:00
11921,600,11922,2026-02-15 12:00:00
11922,601,11923,2026-02-15 12:00:00
11923,603,11924,2026-02-15 12:00:00
11924,613,11925,2026-02-15 12:00:00
11925,624,11926,2026-02-15 12:00:00
11926,625,11927,2026-02-15 12:00:00
11927,631,11928,2026-02-15 12:00:00
11928,634,11929,2026-02-15 12:00:00
11929,638,11930,2026-02-15 12:00:00
11930,639,11931,2026-02-15 12:00:00
11931,649,11932,2026-02-15 12:00:00
11932,652,11933,2026-02-15 12:00:00
11933,670,11934,2026-02-15 12:00:00
11934,671,11935,2026-02-15 12:00:00
11935,677,11936,2026-02-15 12:00:00
11936,692,11937,2026-02-15 12:00:00
11937,694,11938,2026-02-15 12:00:00
11938,697,11939,2026-02-15 12:00:00
11939,722,11940,2026-02-15 12:00:00
11940,731,11941,2026-02-15 12:00:00
11941,734,11942,2026-02-15 12:00:00
11942,735,11943,2026-02-15 12:00:00
11943,739,11944,2026-02-15 12:00:00
11944,741,11945,2026-02-15 12:00:00
11945,744,11946,2026-02-15 12:00:00
11946,750,11947,2026-02-15 12:00:00
11947,759,11948,2026-02-15 12:00:00
11948,761,11949,2026-02-15 12:00:00
11949,762,11950,2026-02-15 12:00:00
11950,765,11951,2026-02-15 12:00:00
11951,772,11952,2026-02-15 12:00:00
11952,773,11953,2026-02-15 12:00:00
11953,774,11954,2026-02-15 12:00:00
11954,777,11955,2026-02-15 12:00:00
11955,779,11956,2026-02-15 12:00:00
11956,783,11957,2026-02-15 12:00:00
11957,786,11958,2026-02-15 12:00:00
11958,789,11959,2026-02-15 12:00:00
11959,793,11960,2026-02-15 12:00:00
11960,794,11961,2026-02-15 12:00:00
11961,801,11962,2026-02-15 12:00:00
11962,802,11963,2026-02-15 12:00:00
11963,808,11964,2026-02-15 12:00:00
11964,815,11965,2026-02-15 12:00:00
11965,817,11966,2026-02-15 12:00:00
11966,830,11967,2026-02-15 12:00:00
11967,833,11968,2026-02-15 12:00:00
11968,836,11969,2026-02-15 12:00:00
11969,840,11970,2026-02-15 12:00:00
11970,841,11971,2026-02-15 12:00:00
11971,845,11972,2026-02-15 12:00:00
11972,854,11973,2026-02-15 12:00:00
11973,856,11974,2026-02-15 12:00:00
11974,860,11975,2026-02-15 12:00:00
11975,864,11976,2026-02-15 12:00:00
11976,867,11977,2026-02-15 12:00:00
11977,870,11978,2026-02-15 12:00:00
11978,873,11979,2026-02-15 12:00:00
11979,880,11980,2026-02-15 12:00:00
11980,889,11981,2026-02-15 12:00:00
11981,897,11982,2026-02-15 12:00:00
11982,900,11983,2026-02-15 12:00:00
11983,916,11984,2026-02-15 12:00:00
11984,922,11985,2026-02-15 12:00:00
11985,929,11986,2026-02-15 12:00:00
11986,931,11987,2026-02-15 12:00:00
11987,939,11988,2026-02-15 12:00:00
11988,947,11989,2026-02-15 12:00:00
11989,952,11990,2026-02-15 12:00:00
11990,953,11991,2026-02-15 12:00:00
11991,961,11992,2026-02-15 12:00:00
11992,963,11993,2026-02-15 12:00:00
11993,970,11994,2026-02-15 12:00:00
11994,976,11995,2026-02-15 12:00:00
11995,980,11996,2026-02-15 12:00:00
11996,1003,11997,2026-02-15 12:00:00
11997,1010,11998,2026-02-15 12:00:00
11998,1014,11999,2026-02-15 12:00:00
11999,1029,12000,2026-02-15 12:00:00
12000,1034,12001,2026-02-15 12:00:00
12001,1038,12002,2026-02-15 12:00:00
12002,1049,12003,2026-02-15 12:00:00
12003,1067,12004,2026-02-15 12:00:00
12004,1080,12005,2026-02-15 12:00:00
12005,1088,12006,2026-02-15 12:00:00
12006,1092,12007,2026-02-15 12:00:00
12007,1101,12008,2026-02-15 12:00:00
12008,1105,12009,2026-02-15 12:00:00
12009,1107,12010,2026-02-15 12:00:00
12010,1113,12011,2026-02-15 12:00:00
12011,1116,12012,2026-02-15 12:00:00
12012,1119,12013,2026-02-15 12:00:00
12013,1122,12014,2026-02-15 12:00:00
12014,1142,12015,2026-02-15 12:00:00
12015,1144,12016,2026-02-15 12:00:00
12016,1145,12017,2026-02-15 12:00:00
12017,1158,12018,2026-02-15 12:00:00
12018,1173,12019,2026-02-15 12:00:00
12019,1176,12020,2026-02-15 12:00:00
12020,1177,12021,2026-02-15 12:00:00
12021,1182,12022,2026-02-15 12:00:00
12022,1193,12023,2026-02-15 12:00:00
12023,1205,12024,2026-02-15 12:00:00
12024,1211,12025,2026-02-15 12:00:00
12025,1216,12026,2026-02-15 12:00:00
12026,1218,12027,2026-02-15 12:00:00
12027,1227,12028,2026-02-15 12:00:00
12028,1228,12029,2026-02-15 12:00:00
12029,1231,12030,2026-02-15 12:00:00
12030,1235,12031,2026-02-15 12:00:00
12031,1248,12032,2026-02-15 12:00:00
12032,1250,12033,2026-02-15 12:00:00
12033,1258,12034,2026-02-15 12:00:00
12034,1263,12035,2026-02-15 12:00:00
12035,1265,12036,2026-02-15 12:00:00
12036,1267,12037,2026-02-15 12:00:00
12037,1279,12038,2026-02-15 12:00:00
12038,1284,12039,2026-02-15 12:00:00
12039,1285,12040,2026-02-15 12:00:00
12040,1286,12041,2026-02-15 12:00:00
12041,1287,12042,2026-02-15 12:00:00
12042,1291,12043,2026-02-15 12:00:00
12043,1298,12044,2026-02-15 12:00:00
12044,1300,12045,2026-02-15 12:00:00
12045,1302,12046,2026-02-15 12:00:00
12046,1307,12047,2026-02-15 12:00:00
12047,1311,12048,2026-02-15 12:00:00
12048,1318,12049,2026-02-15 12:00:00
12049,1319,12050,2026-02-15 12:00:00
12050,1323,12051,2026-02-15 12:00:00
12051,1330,12052,2026-02-15 12:00:00
12052,1331,12053,2026-02-15 12:00:00
12053,1338,12054,2026-02-15 12:00:00
12054,1339,12055,2026-02-15 12:00:00
12055,1359,12056,2026-02-15 12:00:00
12056,1360,12057,2026-02-15 12:00:00
12057,1370,12058,2026-02-15 12:00:00
12058,1375,12059,2026-02-15 12:00:00
12059,1382,12060,2026-02-15 12:00:00
12060,1389,12061,2026-02-15 12:00:00
12061,1391,12062,2026-02-15 12:00:00
12062,1400,12063,2026-02-15 12:00:00
12063,1401,12064,2026-02-15 12:00:00
12064,1403,12065,2026-02-15 12:00:00
12065,1412,12066,2026-02-15 12:00:00
12066,1413,12067,2026-02-15 12:00:00
12067,1423,12068,2026-02-15 12:00:00
12068,1429,12069,2026-02-15 12:00:00
12069,1432,12070,2026-02-15 12:00:00
12070,1435,12071,2026-02-15 12:00:00
12071,1440,12072,2026-02-15 12:00:00
12072,1441,12073,2026-02-15 12:00:00
12073,1451,12074,2026-02-15 12:00:00
12074,1458,12075,2026-02-15 12:00:00
12075,1459,12076,2026-02-15 12:00:00
12076,1464,12077,2026-02-15 12:00:00
12077,1466,12078,2026-02-15 12:00:00
12078,1475,12079,2026-02-15 12:00:00
12079,1482,12080,2026-02-15 12:00:00
12080,1489,12081,2026-02-15 12:00:00
12081,1494,12082,2026-02-15 12:00:00
12082,1496,12083,2026-02-15 12:00:00
12083,1500,12084,2026-02-15 12:00:00
12084,1503,12085,2026-02-15 12:00:00
12085,1504,12086,2026-02-15 12:00:00
12086,1505,12087,2026-02-15 12:00:00
12087,1506,12088,2026-02-15 12:00:00
12088,1507,12089,2026-02-15 12:00:00
12089,1509,12090,2026-02-15 12:00:00
12090,1510,12091,2026-02-15 12:00:00
12091,1517,12092,2026-02-15 12:00:00
12092,1520,12093,2026-02-15 12:00:00
12093,1524,12094,2026-02-15 12:00:00
12094,1528,12095,2026-02-15 12:00:00
12095,1531,12096,2026-02-15 12:00:00
12096,1540,12097,2026-02-15 12:00:00
12097,1541,12098,2026-02-15 12:00:00
12098,1545,12099,2026-02-15 12:00:00
12099,1551,12100,2026-02-15 12:00:00
12100,1560,12101,2026-02-15 12:00:00
12101,1562,12102,2026-02-15 12:00:00
12102,1564,12103,2026-02-15 12:00:00
12103,1572,12104,2026-02-15 12:00:00
12104,1576,12105,2026-02-15 12:00:00
12105,1579,12106,2026-02-15 12:00:00
12106,1580,12107,2026-02-15 12:00:00
12107,1582,12108,2026-02-15 12:00:00
12108,1585,12109,2026-02-15 12:00:00
12109,1586,12110,2026-02-15 12:00:00
12110,1587,12111,2026-02-15 12:00:00
12111,1592,12112,2026-02-15 12:00:00
12112,1598,12113,2026-02-15 12:00:00
12113,1599,12114,2026-02-15 12:00:00
12114,1605,12115,2026-02-15 12:00:00
12115,1609,12116,2026-02-15 12:00:00
12116,1615,12117,2026-02-15 12:00:00
12117,1626,12118,2026-02-15 12:00:00
12118,1630,12119,2026-02-15 12:00:00
12119,1637,12120,2026-02-15 12:00:00
12120,1638,12121,2026-02-15 12:00:00
12121,1646,12122,2026-02-15 12:00:00
12122,1656,12123,2026-02-15 12:00:00
12123,1657,12124,2026-02-15 12:00:00
12124,1665,12125,2026-02-15 12:00:00
12125,1667,12126,2026-02-15 12:00:00
12126,1672,12127,2026-02-15 12:00:00
12127,1674,12128,2026-02-15 12:00:00
12128,1677,12129,2026-02-15 12:00:00
12129,1679,12130,2026-02-15 12:00:00
12130,1685,12131,2026-02-15 12:00:00
12131,1687,12132,2026-02-15 12:00:00
12132,1690,12133,2026-02-15 12:00:00
12133,1705,12134,2026-02-15 12:00:00
12134,1710,12135,2026-02-15 12:00:00
12135,1718,12136,2026-02-15 12:00:00
12136,1728,12137,2026-02-15 12:00:00
12137,1734,12138,2026-02-15 12:00:00
12138,1740,12139,2026-02-15 12:00:00
12139,1752,12140,2026-02-15 12:00:00
12140,1753,12141,2026-02-15 12:00:00
12141,1755,12142,2026-02-15 12:00:00
12142,1763,12143,2026-02-15 12:00:00
12143,2,12144,2026-02-16 12:00:00
12144,22,12145,2026-02-16 12:00:00
12145,27,12146,2026-02-16 12:00:00
12146,30,12147,2026-02-16 12:00:00
12147,33,12148,2026-02-16 12:00:00
12148,40,12149,2026-02-16 12:00:00
12149,45,12150,2026-02-16 12:00:00
12150,53,12151,2026-02-16 12:00:00
12151,54,12152,2026-02-16 12:00:00
12152,62,12153,2026-02-16 12:00:00
12153,75,12154,2026-02-16 12:00:00
12154,78,12155,2026-02-16 12:00:00
12155,81,12156,2026-02-16 12:00:00
12156,86,12157,2026-02-16 12:00:00
12157,91,12158,2026-02-16 12:00:00
12158,97,12159,2026-02-16 12:00:00
12159,99,12160,2026-02-16 12:00:00
12160,101,12161,2026-02-16 12:00:00
12161,107,12162,2026-02-16 12:00:00
12162,116,12163,2026-02-16 12:00:00
12163,127,12164,2026-02-16 12:00:00
12164,130,12165,2026-02-16 12:00:00
12165,131,12166,2026-02-16 12:00:00
12166,135,12167,2026-02-16 12:00:00
12167,139,12168,2026-02-16 12:00:00
12168,146,12169,2026-02-16 12:00:00
12169,148,12170,2026-02-16 12:00:00
12170,153,12171,2026-02-16 12:00:00
12171,154,12172,2026-02-16 12:00:00
12172,155,12173,2026-02-16 12:00:00
12173,156,12174,2026-02-16 12:00:00
12174,157,12175,2026-02-16 12:00:00
12175,179,12176,2026-02-16 12:00:00
12176,192,12177,2026-02-16 12:00:00
12177,205,12178,2026-02-16 12:00:00
12178,208,12179,2026-02-16 12:00:00
12179,222,12180,2026-02-16 12:00:00
12180,223,12181,2026-02-16 12:00:00
12181,225,12182,2026-02-16 12:00:00
12182,226,12183,2026-02-16 12:00:00
12183,233,12184,2026-02-16 12:00:00
12184,245,12185,2026-02-16 12:00:00
12185,248,12186,2026-02-16 12:00:00
12186,251,12187,2026-02-16 12:00:00
12187,253,12188,2026-02-16 12:00:00
12188,265,12189,2026-02-16 12:00:00
12189,267,12190,2026-02-16 12:00:00
12190,268,12191,2026-02-16 12:00:00
12191,274,12192,2026-02-16 12:00:00
12192,277,12193,2026-02-16 12:00:00
12193,278,12194,2026-02-16 12:00:00
12194,287,12195,2026-02-16 12:00:00
12195,289,12196,2026-02-16 12:00:00
12196,301,12197,2026-02-16 12:00:00
12197,306,12198,2026-02-16 12:00:00
12198,314,12199,2026-02-16 12:00:00
12199,321,12200,2026-02-16 12:00:00
12200,323,12201,2026-02-16 12:00:00
12201,329,12202,2026-02-16 12:00:00
12202,340,12203,2026-02-16 12:00:00
12203,344,12204,2026-02-16 12:00:00
12204,349,12205,2026-02-16 12:00:00
12205,351,12206,2026-02-16 12:00:00
12206,356,12207,2026-02-16 12:00:00
12207,376,12208,2026-02-16 12:00:00
12208,388,12209,2026-02-16 12:00:00
12209,394,12210,2026-02-16 12:00:00
12210,396,12211,2026-02-16 12:00:00
12211,397,12212,2026-02-16 12:00:00
12212,400,12213,2026-02-16 12:00:00
12213,401,12214,2026-02-16 12:00:00
12214,402,12215,2026-02-16 12:00:00
12215,403,12216,2026-02-16 12:00:00
12216,407,12217,2026-02-16 12:00:00
12217,408,12218,2026-02-16 12:00:00
12218,413,12219,2026-02-16 12:00:00
12219,421,12220,2026-02-16 12:00:00
12220,434,12221,2026-02-16 12:00:00
12221,438,12222,2026-02-16 12:00:00
12222,439,12223,2026-02-16 12:00:00
12223,441,12224,2026-02-16 12:00:00
12224,443,12225,2026-02-16 12:00:00
12225,446,12226,2026-02-16 12:00:00
12226,447,12227,2026-02-16 12:00:00
12227,450,12228,2026-02-16 12:00:00
12228,451,12229,2026-02-16 12:00:00
12229,460,12230,2026-02-16 12:00:00
12230,465,12231,2026-02-16 12:00:00
12231,468,12232,2026-02-16 12:00:00
12232,479,12233,2026-02-16 12:00:00
12233,485,12234,2026-02-16 12:00:00
12234,497,12235,2026-02-16 12:00:00
12235,506,12236,2026-02-16 12:00:00
12236,518,12237,2026-02-16 12:00:00
12237,519,12238,2026-02-16 12:00:00
12238,520,12239,2026-02-16 12:00:00
12239,529,12240,2026-02-16 12:00:00
12240,538,12241,2026-02-16 12:00:00
12241,547,12242,2026-02-16 12:00:00
12242,549,12243,2026-02-16 12:00:00
12243,552,12244,2026-02-16 12:00:00
12244,554,12245,2026-02-16 12:00:00
12245,557,12246,2026-02-16 12:00:00
12246,559,12247,2026-02-16 12:00:00
12247,575,12248,2026-02-16 12:00:00
12248,579,12249,2026-02-16 12:00:00
12249,582,12250,2026-02-16 12:00:00
12250,589,12251,2026-02-16 12:00:00
12251,595,12252,2026-02-16 12:00:00
12252,600,12253,2026-02-16 12:00:00
12253,606,12254,2026-02-16 12:00:00
12254,607,12255,2026-02-16 12:00:00
12255,613,12256,2026-02-16 12:00:00
12256,622,12257,2026-02-16 12:00:00
12257,623,12258,2026-02-16 12:00:00
12258,626,12259,2026-02-16 12:00:00
12259,638,12260,2026-02-16 12:00:00
12260,639,12261,2026-02-16 12:00:00
12261,642,12262,2026-02-16 12:00:00
12262,647,12263,2026-02-16 12:00:00
12263,650,12264,2026-02-16 12:00:00
12264,657,12265,2026-02-16 12:00:00
12265,659,12266,2026-02-16 12:00:00
12266,665,12267,2026-02-16 12:00:00
12267,666,12268,2026-02-16 12:00:00
12268,676,12269,2026-02-16 12:00:00
12269,679,12270,2026-02-16 12:00:00
12270,681,12271,2026-02-16 12:00:00
12271,683,12272,2026-02-16 12:00:00
12272,685,12273,2026-02-16 12:00:00
12273,686,12274,2026-02-16 12:00:00
12274,688,12275,2026-02-16 12:00:00
12275,689,12276,2026-02-16 12:00:00
12276,690,12277,2026-02-16 12:00:00
12277,709,12278,2026-02-16 12:00:00
12278,712,12279,2026-02-16 12:00:00
12279,713,12280,2026-02-16 12:00:00
12280,717,12281,2026-02-16 12:00:00
12281,718,12282,2026-02-16 12:00:00
12282,722,12283,2026-02-16 12:00:00
12283,724,12284,2026-02-16 12:00:00
12284,730,12285,2026-02-16 12:00:00
12285,737,12286,2026-02-16 12:00:00
12286,745,12287,2026-02-16 12:00:00
12287,747,12288,2026-02-16 12:00:00
12288,748,12289,2026-02-16 12:00:00
12289,753,12290,2026-02-16 12:00:00
12290,758,12291,2026-02-16 12:00:00
12291,764,12292,2026-02-16 12:00:00
12292,768,12293,2026-02-16 12:00:00
12293,780,12294,2026-02-16 12:00:00
12294,783,12295,2026-02-16 12:00:00
12295,784,12296,2026-02-16 12:00:00
12296,803,12297,2026-02-16 12:00:00
12297,812,12298,2026-02-16 12:00:00
12298,816,12299,2026-02-16 12:00:00
12299,825,12300,2026-02-16 12:00:00
12300,827,12301,2026-02-16 12:00:00
12301,833,12302,2026-02-16 12:00:00
12302,840,12303,2026-02-16 12:00:00
12303,843,12304,2026-02-16 12:00:00
12304,844,12305,2026-02-16 12:00:00
12305,846,12306,2026-02-16 12:00:00
12306,847,12307,2026-02-16 12:00:00
12307,848,12308,2026-02-16 12:00:00
12308,852,12309,2026-02-16 12:00:00
12309,854,12310,2026-02-16 12:00:00
12310,855,12311,2026-02-16 12:00:00
12311,860,12312,2026-02-16 12:00:00
12312,862,12313,2026-02-16 12:00:00
12313,864,12314,2026-02-16 12:00:00
12314,870,12315,2026-02-16 12:00:00
12315,874,12316,2026-02-16 12:00:00
12316,877,12317,2026-02-16 12:00:00
12317,882,12318,2026-02-16 12:00:00
12318,885,12319,2026-02-16 12:00:00
12319,887,12320,2026-02-16 12:00:00
12320,929,12321,2026-02-16 12:00:00
12321,941,12322,2026-02-16 12:00:00
12322,942,12323,2026-02-16 12:00:00
12323,944,12324,2026-02-16 12:00:00
12324,954,12325,2026-02-16 12:00:00
12325,957,12326,2026-02-16 12:00:00
12326,963,12327,2026-02-16 12:00:00
12327,967,12328,2026-02-16 12:00:00
12328,970,12329,2026-02-16 12:00:00
12329,971,12330,2026-02-16 12:00:00
12330,975,12331,2026-02-16 12:00:00
12331,976,12332,2026-02-16 12:00:00
12332,983,12333,2026-02-16 12:00:00
12333,984,12334,2026-02-16 12:00:00
12334,992,12335,2026-02-16 12:00:00
12335,998,12336,2026-02-16 12:00:00
12336,1012,12337,2026-02-16 12:00:00
12337,1014,12338,2026-02-16 12:00:00
12338,1020,12339,2026-02-16 12:00:00
12339,1026,12340,2026-02-16 12:00:00
12340,1033,12341,2026-02-16 12:00:00
12341,1034,12342,2026-02-16 12:00:00
12342,1037,12343,2026-02-16 12:00:00
12343,1045,12344,2026-02-16 12:00:00
12344,1047,12345,2026-02-16 12:00:00
12345,1048,12346,2026-02-16 12:00:00
12346,1049,12347,2026-02-16 12:00:00
12347,1056,12348,2026-02-16 12:00:00
12348,1057,12349,2026-02-16 12:00:00
12349,1059,12350,2026-02-16 12:00:00
12350,1066,12351,2026-02-16 12:00:00
12351,1069,12352,2026-02-16 12:00:00
12352,1070,12353,2026-02-16 12:00:00
12353,1077,12354,2026-02-16 12:00:00
12354,1081,12355,2026-02-16 12:00:00
12355,1083,12356,2026-02-16 12:00:00
12356,1085,12357,2026-02-16 12:00:00
12357,1086,12358,2026-02-16 12:00:00
12358,1088,12359,2026-02-16 12:00:00
12359,1089,12360,2026-02-16 12:00:00
12360,1091,12361,2026-02-16 12:00:00
12361,1095,12362,2026-02-16 12:00:00
12362,1097,12363,2026-02-16 12:00:00
12363,1101,12364,2026-02-16 12:00:00
12364,1117,12365,2026-02-16 12:00:00
12365,1118,12366,2026-02-16 12:00:00
12366,1123,12367,2026-02-16 12:00:00
12367,1129,12368,2026-02-16 12:00:00
12368,1137,12369,2026-02-16 12:00:00
12369,1147,12370,2026-02-16 12:00:00
12370,1148,12371,2026-02-16 12:00:00
12371,1151,12372,2026-02-16 12:00:00
12372,1153,12373,2026-02-16 12:00:00
12373,1168,12374,2026-02-16 12:00:00
12374,1178,12375,2026-02-16 12:00:00
12375,1183,12376,2026-02-16 12:00:00
12376,1199,12377,2026-02-16 12:00:00
12377,1203,12378,2026-02-16 12:00:00
12378,1205,12379,2026-02-16 12:00:00
12379,1210,12380,2026-02-16 12:00:00
12380,1211,12381,2026-02-16 12:00:00
12381,1214,12382,2026-02-16 12:00:00
12382,1215,12383,2026-02-16 12:00:00
12383,1216,12384,2026-02-16 12:00:00
12384,1220,12385,2026-02-16 12:00:00
12385,1221,12386,2026-02-16 12:00:00
12386,1236,12387,2026-02-16 12:00:00
12387,1237,12388,2026-02-16 12:00:00
12388,1253,12389,2026-02-16 12:00:00
12389,1259,12390,2026-02-16 12:00:00
12390,1262,12391,2026-02-16 12:00:00
12391,1264,12392,2026-02-16 12:00:00
12392,1271,12393,2026-02-16 12:00:00
12393,1274,12394,2026-02-16 12:00:00
12394,1277,12395,2026-02-16 12:00:00
12395,1288,12396,2026-02-16 12:00:00
12396,1291,12397,2026-02-16 12:00:00
12397,1298,12398,2026-02-16 12:00:00
12398,1300,12399,2026-02-16 12:00:00
12399,1302,12400,2026-02-16 12:00:00
12400,1310,12401,2026-02-16 12:00:00
12401,1332,12402,2026-02-16 12:00:00
12402,1334,12403,2026-02-16 12:00:00
12403,1337,12404,2026-02-16 12:00:00
12404,1342,12405,2026-02-16 12:00:00
12405,1343,12406,2026-02-16 12:00:00
12406,1357,12407,2026-02-16 12:00:00
12407,1358,12408,2026-02-16 12:00:00
12408,1367,12409,2026-02-16 12:00:00
12409,1368,12410,2026-02-16 12:00:00
12410,1371,12411,2026-02-16 12:00:00
12411,1380,12412,2026-02-16 12:00:00
12412,1395,12413,2026-02-16 12:00:00
12413,1400,12414,2026-02-16 12:00:00
12414,1413,12415,2026-02-16 12:00:00
12415,1415,12416,2026-02-16 12:00:00
12416,1421,12417,2026-02-16 12:00:00
12417,1425,12418,2026-02-16 12:00:00
12418,1428,12419,2026-02-16 12:00:00
12419,1436,12420,2026-02-16 12:00:00
12420,1445,12421,2026-02-16 12:00:00
12421,1446,12422,2026-02-16 12:00:00
12422,1447,12423,2026-02-16 12:00:00
12423,1454,12424,2026-02-16 12:00:00
12424,1457,12425,2026-02-16 12:00:00
12425,1465,12426,2026-02-16 12:00:00
12426,1474,12427,2026-02-16 12:00:00
12427,1483,12428,2026-02-16 12:00:00
12428,1485,12429,2026-02-16 12:00:00
12429,1495,12430,2026-02-16 12:00:00
12430,1496,12431,2026-02-16 12:00:00
12431,1501,12432,2026-02-16 12:00:00
12432,1505,12433,2026-02-16 12:00:00
12433,1510,12434,2026-02-16 12:00:00
12434,1514,12435,2026-02-16 12:00:00
12435,1517,12436,2026-02-16 12:00:00
12436,1519,12437,2026-02-16 12:00:00
12437,1520,12438,2026-02-16 12:00:00
12438,1548,12439,2026-02-16 12:00:00
12439,1552,12440,2026-02-16 12:00:00
12440,1557,12441,2026-02-16 12:00:00
12441,1560,12442,2026-02-16 12:00:00
12442,1562,12443,2026-02-16 12:00:00
12443,1563,12444,2026-02-16 12:00:00
12444,1582,12445,2026-02-16 12:00:00
12445,1585,12446,2026-02-16 12:00:00
12446,1587,12447,2026-02-16 12:00:00
12447,1594,12448,2026-02-16 12:00:00
12448,1599,12449,2026-02-16 12:00:00
12449,1606,12450,2026-02-16 12:00:00
12450,1608,12451,2026-02-16 12:00:00
12451,1610,12452,2026-02-16 12:00:00
12452,1613,12453,2026-02-16 12:00:00
12453,1616,12454,2026-02-16 12:00:00
12454,1630,12455,2026-02-16 12:00:00
12455,1640,12456,2026-02-16 12:00:00
12456,1649,12457,2026-02-16 12:00:00
12457,1651,12458,2026-02-16 12:00:00
12458,1655,12459,2026-02-16 12:00:00
12459,1657,12460,2026-02-16 12:00:00
12460,1668,12461,2026-02-16 12:00:00
12461,1672,12462,2026-02-16 12:00:00
12462,1675,12463,2026-02-16 12:00:00
12463,1679,12464,2026-02-16 12:00:00
12464,1681,12465,2026-02-16 12:00:00
12465,1687,12466,2026-02-16 12:00:00
12466,1689,12467,2026-02-16 12:00:00
12467,1701,12468,2026-02-16 12:00:00
12468,1703,12469,2026-02-16 12:00:00
12469,1706,12470,2026-02-16 12:00:00
12470,1707,12471,2026-02-16 12:00:00
12471,1709,12472,2026-02-16 12:00:00
12472,1710,12473,2026-02-16 12:00:00
12473,1711,12474,2026-02-16 12:00:00
12474,1714,12475,2026-02-16 12:00:00
12475,1718,12476,2026-02-16 12:00:00
12476,1725,12477,2026-02-16 12:00:00
12477,1734,12478,2026-02-16 12:00:00
12478,1737,12479,2026-02-16 12:00:00
12479,1745,12480,2026-02-16 12:00:00
12480,1748,12481,2026-02-16 12:00:00
12481,1750,12482,2026-02-16 12:00:00
12482,1753,12483,2026-02-16 12:00:00
12483,1756,12484,2026-02-16 12:00:00
12484,1763,12485,2026-02-16 12:00:00
12485,1767,12486,2026-02-16 12:00:00
12486,1777,12487,2026-02-16 12:00:00
12487,1779,12488,2026-02-16 12:00:00
12488,1780,12489,2026-02-16 12:00:00
12489,1789,12490,2026-02-16 12:00:00
12490,6,12491,2026-02-17 12:00:00
12491,13,12492,2026-02-17 12:00:00
12492,18,12493,2026-02-17 12:00:00
12493,19,12494,2026-02-17 12:00:00
12494,29,12495,2026-02-17 12:00:00
12495,37,12496,2026-02-17 12:00:00
12496,40,12497,2026-02-17 12:00:00
12497,42,12498,2026-02-17 12:00:00
12498,45,12499,2026-02-17 12:00:00
12499,46,12500,2026-02-17 12:00:00
12500,47,12501,2026-02-17 12:00:00
12501,49,12502,2026-02-17 12:00:00
12502,55,12503,2026-02-17 12:00:00
12503,57,12504,2026-02-17 12:00:00
12504,67,12505,2026-02-17 12:00:00
12505,71,12506,2026-02-17 12:00:00
12506,73,12507,2026-02-17 12:00:00
12507,78,12508,2026-02-17 12:00:00
12508,88,12509,2026-02-17 12:00:00
12509,89,12510,2026-02-17 12:00:00
12510,92,12511,2026-02-17 12:00:00
12511,93,12512,2026-02-17 12:00:00
12512,105,12513,2026-02-17 12:00:00
12513,106,12514,2026-02-17 12:00:00
12514,112,12515,2026-02-17 12:00:00
12515,117,12516,2026-02-17 12:00:00
12516,123,12517,2026-02-17 12:00:00
12517,127,12518,2026-02-17 12:00:00
12518,138,12519,2026-02-17 12:00:00
12519,142,12520,2026-02-17 12:00:00
12520,143,12521,2026-02-17 12:00:00
12521,145,12522,2026-02-17 12:00:00
12522,147,12523,2026-02-17 12:00:00
12523,158,12524,2026-02-17 12:00:00
12524,161,12525,2026-02-17 12:00:00
12525,163,12526,2026-02-17 12:00:00
12526,166,12527,2026-02-17 12:00:00
12527,168,12528,2026-02-17 12:00:00
12528,170,12529,2026-02-17 12:00:00
12529,189,12530,2026-02-17 12:00:00
12530,196,12531,2026-02-17 12:00:00
12531,202,12532,2026-02-17 12:00:00
12532,203,12533,2026-02-17 12:00:00
12533,205,12534,2026-02-17 12:00:00
12534,218,12535,2026-02-17 12:00:00
12535,222,12536,2026-02-17 12:00:00
12536,224,12537,2026-02-17 12:00:00
12537,231,12538,2026-02-17 12:00:00
12538,233,12539,2026-02-17 12:00:00
12539,238,12540,2026-02-17 12:00:00
12540,239,12541,2026-02-17 12:00:00
12541,246,12542,2026-02-17 12:00:00
12542,251,12543,2026-02-17 12:00:00
12543,255,12544,2026-02-17 12:00:00
12544,259,12545,2026-02-17 12:00:00
12545,269,12546,2026-02-17 12:00:00
12546,275,12547,2026-02-17 12:00:00
12547,280,12548,2026-02-17 12:00:00
12548,289,12549,2026-02-17 12:00:00
12549,295,12550,2026-02-17 12:00:00
12550,297,12551,2026-02-17 12:00:00
12551,306,12552,2026-02-17 12:00:00
12552,308,12553,2026-02-17 12:00:00
12553,323,12554,2026-02-17 12:00:00
12554,324,12555,2026-02-17 12:00:00
12555,326,12556,2026-02-17 12:00:00
12556,328,12557,2026-02-17 12:00:00
12557,331,12558,2026-02-17 12:00:00
12558,345,12559,2026-02-17 12:00:00
12559,348,12560,2026-02-17 12:00:00
12560,350,12561,2026-02-17 12:00:00
12561,352,12562,2026-02-17 12:00:00
12562,363,12563,2026-02-17 12:00:00
12563,366,12564,2026-02-17 12:00:00
12564,367,12565,2026-02-17 12:00:00
12565,369,12566,2026-02-17 12:00:00
12566,378,12567,2026-02-17 12:00:00
12567,386,12568,2026-02-17 12:00:00
12568,389,12569,2026-02-17 12:00:00
12569,399,12570,2026-02-17 12:00:00
12570,401,12571,2026-02-17 12:00:00
12571,410,12572,2026-02-17 12:00:00
12572,413,12573,2026-02-17 12:00:00
12573,431,12574,2026-02-17 12:00:00
12574,434,12575,2026-02-17 12:00:00
12575,441,12576,2026-02-17 12:00:00
12576,444,12577,2026-02-17 12:00:00
12577,445,12578,2026-02-17 12:00:00
12578,446,12579,2026-02-17 12:00:00
12579,450,12580,2026-02-17 12:00:00
12580,461,12581,2026-02-17 12:00:00
12581,464,12582,2026-02-17 12:00:00
12582,466,12583,2026-02-17 12:00:00
12583,473,12584,2026-02-17 12:00:00
12584,475,12585,2026-02-17 12:00:00
12585,476,12586,2026-02-17 12:00:00
12586,478,12587,2026-02-17 12:00:00
12587,479,12588,2026-02-17 12:00:00
12588,480,12589,2026-02-17 12:00:00
12589,481,12590,2026-02-17 12:00:00
12590,484,12591,2026-02-17 12:00:00
12591,486,12592,2026-02-17 12:00:00
12592,490,12593,2026-02-17 12:00:00
12593,495,12594,2026-02-17 12:00:00
12594,500,12595,2026-02-17 12:00:00
12595,503,12596,2026-02-17 12:00:00
12596,513,12597,2026-02-17 12:00:00
12597,524,12598,2026-02-17 12:00:00
12598,526,12599,2026-02-17 12:00:00
12599,532,12600,2026-02-17 12:00:00
12600,537,12601,2026-02-17 12:00:00
12601,539,12602,2026-02-17 12:00:00
12602,542,12603,2026-02-17 12:00:00
12603,564,12604,2026-02-17 12:00:00
12604,571,12605,2026-02-17 12:00:00
12605,574,12606,2026-02-17 12:00:00
12606,580,12607,2026-02-17 12:00:00
12607,582,12608,2026-02-17 12:00:00
12608,590,12609,2026-02-17 12:00:00
12609,596,12610,2026-02-17 12:00:00
12610,601,12611,2026-02-17 12:00:00
12611,605,12612,2026-02-17 12:00:00
12612,616,12613,2026-02-17 12:00:00
12613,624,12614,2026-02-17 12:00:00
12614,628,12615,2026-02-17 12:00:00
12615,646,12616,2026-02-17 12:00:00
12616,649,12617,2026-02-17 12:00:00
12617,650,12618,2026-02-17 12:00:00
12618,654,12619,2026-02-17 12:00:00
12619,657,12620,2026-02-17 12:00:00
12620,670,12621,2026-02-17 12:00:00
12621,694,12622,2026-02-17 12:00:00
12622,697,12623,2026-02-17 12:00:00
12623,698,12624,2026-02-17 12:00:00
12624,702,12625,2026-02-17 12:00:00
12625,717,12626,2026-02-17 12:00:00
12626,720,12627,2026-02-17 12:00:00
12627,733,12628,2026-02-17 12:00:00
12628,735,12629,2026-02-17 12:00:00
12629,736,12630,2026-02-17 12:00:00
12630,750,12631,2026-02-17 12:00:00
12631,751,12632,2026-02-17 12:00:00
12632,752,12633,2026-02-17 12:00:00
12633,760,12634,2026-02-17 12:00:00
12634,766,12635,2026-02-17 12:00:00
12635,767,12636,2026-02-17 12:00:00
12636,778,12637,2026-02-17 12:00:00
12637,779,12638,2026-02-17 12:00:00
12638,780,12639,2026-02-17 12:00:00
12639,783,12640,2026-02-17 12:00:00
12640,788,12641,2026-02-17 12:00:00
12641,791,12642,2026-02-17 12:00:00
12642,795,12643,2026-02-17 12:00:00
12643,807,12644,2026-02-17 12:00:00
12644,808,12645,2026-02-17 12:00:00
12645,809,12646,2026-02-17 12:00:00
12646,811,12647,2026-02-17 12:00:00
12647,814,12648,2026-02-17 12:00:00
12648,818,12649,2026-02-17 12:00:00
12649,820,12650,2026-02-17 12:00:00
12650,827,12651,2026-02-17 12:00:00
12651,828,12652,2026-02-17 12:00:00
12652,830,12653,2026-02-17 12:00:00
12653,837,12654,2026-02-17 12:00:00
12654,838,12655,2026-02-17 12:00:00
12655,839,12656,2026-02-17 12:00:00
12656,840,12657,2026-02-17 12:00:00
12657,841,12658,2026-02-17 12:00:00
12658,845,12659,2026-02-17 12:00:00
12659,861,12660,2026-02-17 12:00:00
12660,863,12661,2026-02-17 12:00:00
12661,864,12662,2026-02-17 12:00:00
12662,868,12663,2026-02-17 12:00:00
12663,870,12664,2026-02-17 12:00:00
12664,881,12665,2026-02-17 12:00:00
12665,890,12666,2026-02-17 12:00:00
12666,900,12667,2026-02-17 12:00:00
12667,903,12668,2026-02-17 12:00:00
12668,909,12669,2026-02-17 12:00:00
12669,914,12670,2026-02-17 12:00:00
12670,917,12671,2026-02-17 12:00:00
12671,931,12672,2026-02-17 12:00:00
12672,934,12673,2026-02-17 12:00:00
12673,944,12674,2026-02-17 12:00:00
12674,946,12675,2026-02-17 12:00:00
12675,959,12676,2026-02-17 12:00:00
12676,972,12677,2026-02-17 12:00:00
12677,976,12678,2026-02-17 12:00:00
12678,977,12679,2026-02-17 12:00:00
12679,986,12680,2026-02-17 12:00:00
12680,987,12681,2026-02-17 12:00:00
12681,990,12682,2026-02-17 12:00:00
12682,1003,12683,2026-02-17 12:00:00
12683,1009,12684,2026-02-17 12:00:00
12684,1010,12685,2026-02-17 12:00:00
12685,1033,12686,2026-02-17 12:00:00
12686,1036,12687,2026-02-17 12:00:00
12687,1046,12688,2026-02-17 12:00:00
12688,1048,12689,2026-02-17 12:00:00
12689,1051,12690,2026-02-17 12:00:00
12690,1053,12691,2026-02-17 12:00:00
12691,1055,12692,2026-02-17 12:00:00
12692,1060,12693,2026-02-17 12:00:00
12693,1062,12694,2026-02-17 12:00:00
12694,1065,12695,2026-02-17 12:00:00
12695,1070,12696,2026-02-17 12:00:00
12696,1074,12697,2026-02-17 12:00:00
12697,1080,12698,2026-02-17 12:00:00
12698,1081,12699,2026-02-17 12:00:00
12699,1097,12700,2026-02-17 12:00:00
12700,1099,12701,2026-02-17 12:00:00
12701,1100,12702,2026-02-17 12:00:00
12702,1109,12703,2026-02-17 12:00:00
12703,1113,12704,2026-02-17 12:00:00
12704,1118,12705,2026-02-17 12:00:00
12705,1120,12706,2026-02-17 12:00:00
12706,1122,12707,2026-02-17 12:00:00
12707,1146,12708,2026-02-17 12:00:00
12708,1147,12709,2026-02-17 12:00:00
12709,1150,12710,2026-02-17 12:00:00
12710,1151,12711,2026-02-17 12:00:00
12711,1159,12712,2026-02-17 12:00:00
12712,1171,12713,2026-02-17 12:00:00
12713,1172,12714,2026-02-17 12:00:00
12714,1181,12715,2026-02-17 12:00:00
12715,1187,12716,2026-02-17 12:00:00
12716,1189,12717,2026-02-17 12:00:00
12717,1200,12718,2026-02-17 12:00:00
12718,1205,12719,2026-02-17 12:00:00
12719,1206,12720,2026-02-17 12:00:00
12720,1219,12721,2026-02-17 12:00:00
12721,1227,12722,2026-02-17 12:00:00
12722,1231,12723,2026-02-17 12:00:00
12723,1246,12724,2026-02-17 12:00:00
12724,1247,12725,2026-02-17 12:00:00
12725,1251,12726,2026-02-17 12:00:00
12726,1260,12727,2026-02-17 12:00:00
12727,1273,12728,2026-02-17 12:00:00
12728,1279,12729,2026-02-17 12:00:00
12729,1285,12730,2026-02-17 12:00:00
12730,1290,12731,2026-02-17 12:00:00
12731,1291,12732,2026-02-17 12:00:00
12732,1292,12733,2026-02-17 12:00:00
12733,1298,12734,2026-02-17 12:00:00
12734,1300,12735,2026-02-17 12:00:00
12735,1303,12736,2026-02-17 12:00:00
12736,1307,12737,2026-02-17 12:00:00
12737,1320,12738,2026-02-17 12:00:00
12738,1324,12739,2026-02-17 12:00:00
12739,1325,12740,2026-02-17 12:00:00
12740,1326,12741,2026-02-17 12:00:00
12741,1327,12742,2026-02-17 12:00:00
12742,1331,12743,2026-02-17 12:00:00
12743,1332,12744,2026-02-17 12:00:00
12744,1333,12745,2026-02-17 12:00:00
12745,1343,12746,2026-02-17 12:00:00
12746,1354,12747,2026-02-17 12:00:00
12747,1359,12748,2026-02-17 12:00:00
12748,1363,12749,2026-02-17 12:00:00
12749,1368,12750,2026-02-17 12:00:00
12750,1374,12751,2026-02-17 12:00:00
12751,1387,12752,2026-02-17 12:00:00
12752,1390,12753,2026-02-17 12:00:00
12753,1392,12754,2026-02-17 12:00:00
12754,1395,12755,2026-02-17 12:00:00
12755,1398,12756,2026-02-17 12:00:00
12756,1403,12757,2026-02-17 12:00:00
12757,1407,12758,2026-02-17 12:00:00
12758,1408,12759,2026-02-17 12:00:00
12759,1415,12760,2026-02-17 12:00:00
12760,1416,12761,2026-02-17 12:00:00
12761,1421,12762,2026-02-17 12:00:00
12762,1428,12763,2026-02-17 12:00:00
12763,1432,12764,2026-02-17 12:00:00
12764,1436,12765,2026-02-17 12:00:00
12765,1453,12766,2026-02-17 12:00:00
12766,1457,12767,2026-02-17 12:00:00
12767,1460,12768,2026-02-17 12:00:00
12768,1464,12769,2026-02-17 12:00:00
12769,1470,12770,2026-02-17 12:00:00
12770,1474,12771,2026-02-17 12:00:00
12771,1475,12772,2026-02-17 12:00:00
12772,1480,12773,2026-02-17 12:00:00
12773,1486,12774,2026-02-17 12:00:00
12774,1490,12775,2026-02-17 12:00:00
12775,1496,12776,2026-02-17 12:00:00
12776,1501,12777,2026-02-17 12:00:00
12777,1504,12778,2026-02-17 12:00:00
12778,1505,12779,2026-02-17 12:00:00
12779,1514,12780,2026-02-17 12:00:00
12780,1520,12781,2026-02-17 12:00:00
12781,1524,12782,2026-02-17 12:00:00
12782,1527,12783,2026-02-17 12:00:00
12783,1529,12784,2026-02-17 12:00:00
12784,1533,12785,2026-02-17 12:00:00
12785,1550,12786,2026-02-17 12:00:00
12786,1552,12787,2026-02-17 12:00:00
12787,1563,12788,2026-02-17 12:00:00
12788,1566,12789,2026-02-17 12:00:00
12789,1567,12790,2026-02-17 12:00:00
12790,1570,12791,2026-02-17 12:00:00
12791,1571,12792,2026-02-17 12:00:00
12792,1573,12793,2026-02-17 12:00:00
12793,1586,12794,2026-02-17 12:00:00
12794,1591,12795,2026-02-17 12:00:00
12795,1599,12796,2026-02-17 12:00:00
12796,1603,12797,2026-02-17 12:00:00
12797,1615,12798,2026-02-17 12:00:00
12798,1618,12799,2026-02-17 12:00:00
12799,1621,12800,2026-02-17 12:00:00
12800,1622,12801,2026-02-17 12:00:00
12801,1629,12802,2026-02-17 12:00:00
12802,1631,12803,2026-02-17 12:00:00
12803,1632,12804,2026-02-17 12:00:00
12804,1638,12805,2026-02-17 12:00:00
12805,1643,12806,2026-02-17 12:00:00
12806,1644,12807,2026-02-17 12:00:00
12807,1666,12808,2026-02-17 12:00:00
12808,1670,12809,2026-02-17 12:00:00
12809,1682,12810,2026-02-17 12:00:00
12810,1684,12811,2026-02-17 12:00:00
12811,1687,12812,2026-02-17 12:00:00
12812,1689,12813,2026-02-17 12:00:00
12813,1692,12814,2026-02-17 12:00:00
12814,1697,12815,2026-02-17 12:00:00
12815,1699,12816,2026-02-17 12:00:00
12816,1712,12817,2026-02-17 12:00:00
12817,1713,12818,2026-02-17 12:00:00
12818,1717,12819,2026-02-17 12:00:00
12819,1723,12820,2026-02-17 12:00:00
12820,1735,12821,2026-02-17 12:00:00
12821,1738,12822,2026-02-17 12:00:00
12822,1740,12823,2026-02-17 12:00:00
12823,1745,12824,2026-02-17 12:00:00
12824,1756,12825,2026-02-17 12:00:00
12825,1758,12826,2026-02-17 12:00:00
12826,1771,12827,2026-02-17 12:00:00
12827,1776,12828,2026-02-17 12:00:00
12828,1780,12829,2026-02-17 12:00:00
12829,1794,12830,2026-02-17 12:00:00
12830,1796,12831,2026-02-17 12:00:00
12831,1806,12832,2026-02-17 12:00:00
12832,1807,12833,2026-02-17 12:00:00
12833,1808,12834,2026-02-17 12:00:00
12834,1809,12835,2026-02-17 12:00:00
12835,1812,12836,2026-02-17 12:00:00
12836,1816,12837,2026-02-17 12:00:00
12837,5,12838,2026-02-18 12:00:00
12838,9,12839,2026-02-18 12:00:00
12839,15,12840,2026-02-18 12:00:00
12840,21,12841,2026-02-18 12:00:00
12841,27,12842,2026-02-18 12:00:00
12842,30,12843,2026-02-18 12:00:00
12843,34,12844,2026-02-18 12:00:00
12844,35,12845,2026-02-18 12:00:00
12845,40,12846,2026-02-18 12:00:00
12846,42,12847,2026-02-18 12:00:00
12847,44,12848,2026-02-18 12:00:00
12848,48,12849,2026-02-18 12:00:00
12849,54,12850,2026-02-18 12:00:00
12850,58,12851,2026-02-18 12:00:00
12851,63,12852,2026-02-18 12:00:00
12852,71,12853,2026-02-18 12:00:00
12853,76,12854,2026-02-18 12:00:00
12854,79,12855,2026-02-18 12:00:00
12855,95,12856,2026-02-18 12:00:00
12856,100,12857,2026-02-18 12:00:00
12857,105,12858,2026-02-18 12:00:00
12858,106,12859,2026-02-18 12:00:00
12859,108,12860,2026-02-18 12:00:00
12860,109,12861,2026-02-18 12:00:00
12861,110,12862,2026-02-18 12:00:00
12862,125,12863,2026-02-18 12:00:00
12863,137,12864,2026-02-18 12:00:00
12864,139,12865,2026-02-18 12:00:00
12865,142,12866,2026-02-18 12:00:00
12866,148,12867,2026-02-18 12:00:00
12867,151,12868,2026-02-18 12:00:00
12868,155,12869,2026-02-18 12:00:00
12869,164,12870,2026-02-18 12:00:00
12870,165,12871,2026-02-18 12:00:00
12871,168,12872,2026-02-18 12:00:00
12872,172,12873,2026-02-18 12:00:00
12873,176,12874,2026-02-18 12:00:00
12874,177,12875,2026-02-18 12:00:00
12875,184,12876,2026-02-18 12:00:00
12876,185,12877,2026-02-18 12:00:00
12877,189,12878,2026-02-18 12:00:00
12878,190,12879,2026-02-18 12:00:00
12879,191,12880,2026-02-18 12:00:00
12880,203,12881,2026-02-18 12:00:00
12881,205,12882,2026-02-18 12:00:00
12882,212,12883,2026-02-18 12:00:00
12883,213,12884,2026-02-18 12:00:00
12884,217,12885,2026-02-18 12:00:00
12885,224,12886,2026-02-18 12:00:00
12886,228,12887,2026-02-18 12:00:00
12887,246,12888,2026-02-18 12:00:00
12888,255,12889,2026-02-18 12:00:00
12889,256,12890,2026-02-18 12:00:00
12890,257,12891,2026-02-18 12:00:00
12891,262,12892,2026-02-18 12:00:00
12892,275,12893,2026-02-18 12:00:00
12893,290,12894,2026-02-18 12:00:00
12894,291,12895,2026-02-18 12:00:00
12895,292,12896,2026-02-18 12:00:00
12896,299,12897,2026-02-18 12:00:00
12897,301,12898,2026-02-18 12:00:00
12898,302,12899,2026-02-18 12:00:00
12899,307,12900,2026-02-18 12:00:00
12900,314,12901,2026-02-18 12:00:00
12901,315,12902,2026-02-18 12:00:00
12902,326,12903,2026-02-18 12:00:00
12903,327,12904,2026-02-18 12:00:00
12904,328,12905,2026-02-18 12:00:00
12905,365,12906,2026-02-18 12:00:00
12906,367,12907,2026-02-18 12:00:00
12907,369,12908,2026-02-18 12:00:00
12908,382,12909,2026-02-18 12:00:00
12909,385,12910,2026-02-18 12:00:00
12910,386,12911,2026-02-18 12:00:00
12911,394,12912,2026-02-18 12:00:00
12912,398,12913,2026-02-18 12:00:00
12913,405,12914,2026-02-18 12:00:00
12914,410,12915,2026-02-18 12:00:00
12915,412,12916,2026-02-18 12:00:00
12916,413,12917,2026-02-18 12:00:00
12917,418,12918,2026-02-18 12:00:00
12918,419,12919,2026-02-18 12:00:00
12919,421,12920,2026-02-18 12:00:00
12920,422,12921,2026-02-18 12:00:00
12921,424,12922,2026-02-18 12:00:00
12922,428,12923,2026-02-18 12:00:00
12923,432,12924,2026-02-18 12:00:00
12924,433,12925,2026-02-18 12:00:00
12925,435,12926,2026-02-18 12:00:00
12926,436,12927,2026-02-18 12:00:00
12927,441,12928,2026-02-18 12:00:00
12928,446,12929,2026-02-18 12:00:00
12929,447,12930,2026-02-18 12:00:00
12930,448,12931,2026-02-18 12:00:00
12931,451,12932,2026-02-18 12:00:00
12932,456,12933,2026-02-18 12:00:00
12933,459,12934,2026-02-18 12:00:00
12934,469,12935,2026-02-18 12:00:00
12935,474,12936,2026-02-18 12:00:00
12936,484,12937,2026-02-18 12:00:00
12937,487,12938,2026-02-18 12:00:00
12938,507,12939,2026-02-18 12:00:00
12939,510,12940,2026-02-18 12:00:00
12940,514,12941,2026-02-18 12:00:00
12941,516,12942,2026-02-18 12:00:00
12942,524,12943,2026-02-18 12:00:00
12943,526,12944,2026-02-18 12:00:00
12944,528,12945,2026-02-18 12:00:00
12945,529,12946,2026-02-18 12:00:00
12946,531,12947,2026-02-18 12:00:00
12947,532,12948,2026-02-18 12:00:00
12948,533,12949,2026-02-18 12:00:00
12949,535,12950,2026-02-18 12:00:00
12950,536,12951,2026-02-18 12:00:00
12951,550,12952,2026-02-18 12:00:00
12952,557,12953,2026-02-18 12:00:00
12953,561,12954,2026-02-18 12:00:00
12954,577,12955,2026-02-18 12:00:00
12955,580,12956,2026-02-18 12:00:00
12956,584,12957,2026-02-18 12:00:00
12957,589,12958,2026-02-18 12:00:00
12958,599,12959,2026-02-18 12:00:00
12959,609,12960,2026-02-18 12:00:00
12960,630,12961,2026-02-18 12:00:00
12961,637,12962,2026-02-18 12:00:00
12962,641,12963,2026-02-18 12:00:00
12963,643,12964,2026-02-18 12:00:00
12964,646,12965,2026-02-18 12:00:00
12965,649,12966,2026-02-18 12:00:00
12966,650,12967,2026-02-18 12:00:00
12967,655,12968,2026-02-18 12:00:00
12968,660,12969,2026-02-18 12:00:00
12969,663,12970,2026-02-18 12:00:00
12970,676,12971,2026-02-18 12:00:00
12971,685,12972,2026-02-18 12:00:00
12972,692,12973,2026-02-18 12:00:00
12973,698,12974,2026-02-18 12:00:00
12974,702,12975,2026-02-18 12:00:00
12975,704,12976,2026-02-18 12:00:00
12976,705,12977,2026-02-18 12:00:00
12977,706,12978,2026-02-18 12:00:00
12978,707,12979,2026-02-18 12:00:00
12979,709,12980,2026-02-18 12:00:00
12980,714,12981,2026-02-18 12:00:00
12981,715,12982,2026-02-18 12:00:00
12982,716,12983,2026-02-18 12:00:00
12983,717,12984,2026-02-18 12:00:00
12984,720,12985,2026-02-18 12:00:00
12985,726,12986,2026-02-18 12:00:00
12986,732,12987,2026-02-18 12:00:00
12987,734,12988,2026-02-18 12:00:00
12988,741,12989,2026-02-18 12:00:00
12989,742,12990,2026-02-18 12:00:00
12990,745,12991,2026-02-18 12:00:00
12991,747,12992,2026-02-18 12:00:00
12992,748,12993,2026-02-18 12:00:00
12993,754,12994,2026-02-18 12:00:00
12994,761,12995,2026-02-18 12:00:00
12995,762,12996,2026-02-18 12:00:00
12996,767,12997,2026-02-18 12:00:00
12997,773,12998,2026-02-18 12:00:00
12998,774,12999,2026-02-18 12:00:00
12999,775,13000,2026-02-18 12:00:00
13000,778,13001,2026-02-18 12:00:00
13001,782,13002,2026-02-18 12:00:00
13002,787,13003,2026-02-18 12:00:00
13003,806,13004,2026-02-18 12:00:00
13004,811,13005,2026-02-18 12:00:00
13005,823,13006,2026-02-18 12:00:00
13006,835,13007,2026-02-18 12:00:00
13007,840,13008,2026-02-18 12:00:00
13008,850,13009,2026-02-18 12:00:00
13009,853,13010,2026-02-18 12:00:00
13010,858,13011,2026-02-18 12:00:00
13011,863,13012,2026-02-18 12:00:00
13012,872,13013,2026-02-18 12:00:00
13013,874,13014,2026-02-18 12:00:00
13014,878,13015,2026-02-18 12:00:00
13015,882,13016,2026-02-18 12:00:00
13016,902,13017,2026-02-18 12:00:00
13017,906,13018,2026-02-18 12:00:00
13018,917,13019,2026-02-18 12:00:00
13019,924,13020,2026-02-18 12:00:00
13020,928,13021,2026-02-18 12:00:00
13021,932,13022,2026-02-18 12:00:00
13022,933,13023,2026-02-18 12:00:00
13023,938,13024,2026-02-18 12:00:00
13024,944,13025,2026-02-18 12:00:00
13025,946,13026,2026-02-18 12:00:00
13026,951,13027,2026-02-18 12:00:00
13027,955,13028,2026-02-18 12:00:00
13028,956,13029,2026-02-18 12:00:00
13029,968,13030,2026-02-18 12:00:00
13030,978,13031,2026-02-18 12:00:00
13031,980,13032,2026-02-18 12:00:00
13032,986,13033,2026-02-18 12:00:00
13033,987,13034,2026-02-18 12:00:00
13034,992,13035,2026-02-18 12:00:00
13035,995,13036,2026-02-18 12:00:00
13036,998,13037,2026-02-18 12:00:00
13037,1005,13038,2026-02-18 12:00:00
13038,1014,13039,2026-02-18 12:00:00
13039,1035,13040,2026-02-18 12:00:00
13040,1043,13041,2026-02-18 12:00:00
13041,1047,13042,2026-02-18 12:00:00
13042,1052,13043,2026-02-18 12:00:00
13043,1059,13044,2026-02-18 12:00:00
13044,1061,13045,2026-02-18 12:00:00
13045,1062,13046,2026-02-18 12:00:00
13046,1068,13047,2026-02-18 12:00:00
13047,1071,13048,2026-02-18 12:00:00
13048,1079,13049,2026-02-18 12:00:00
13049,1084,13050,2026-02-18 12:00:00
13050,1086,13051,2026-02-18 12:00:00
13051,1087,13052,2026-02-18 12:00:00
13052,1094,13053,2026-02-18 12:00:00
13053,1097,13054,2026-02-18 12:00:00
13054,1098,13055,2026-02-18 12:00:00
13055,1106,13056,2026-02-18 12:00:00
13056,1107,13057,2026-02-18 12:00:00
13057,1108,13058,2026-02-18 12:00:00
13058,1112,13059,2026-02-18 12:00:00
13059,1115,13060,2026-02-18 12:00:00
13060,1117,13061,2026-02-18 12:00:00
13061,1131,13062,2026-02-18 12:00:00
13062,1141,13063,2026-02-18 12:00:00
13063,1146,13064,2026-02-18 12:00:00
13064,1147,13065,2026-02-18 12:00:00
13065,1151,13066,2026-02-18 12:00:00
13066,1153,13067,2026-02-18 12:00:00
13067,1154,13068,2026-02-18 12:00:00
13068,1160,13069,2026-02-18 12:00:00
13069,1171,13070,2026-02-18 12:00:00
13070,1178,13071,2026-02-18 12:00:00
13071,1189,13072,2026-02-18 12:00:00
13072,1191,13073,2026-02-18 12:00:00
13073,1194,13074,2026-02-18 12:00:00
13074,1201,13075,2026-02-18 12:00:00
13075,1202,13076,2026-02-18 12:00:00
13076,1203,13077,2026-02-18 12:00:00
13077,1206,13078,2026-02-18 12:00:00
13078,1210,13079,2026-02-18 12:00:00
13079,1218,13080,2026-02-18 12:00:00
13080,1226,13081,2026-02-18 12:00:00
13081,1233,13082,2026-02-18 12:00:00
13082,1248,13083,2026-02-18 12:00:00
13083,1252,13084,2026-02-18 12:00:00
13084,1256,13085,2026-02-18 12:00:00
13085,1268,13086,2026-02-18 12:00:00
13086,1278,13087,2026-02-18 12:00:00
13087,1283,13088,2026-02-18 12:00:00
13088,1285,13089,2026-02-18 12:00:00
13089,1288,13090,2026-02-18 12:00:00
13090,1291,13091,2026-02-18 12:00:00
13091,1292,13092,2026-02-18 12:00:00
13092,1296,13093,2026-02-18 12:00:00
13093,1298,13094,2026-02-18 12:00:00
13094,1319,13095,2026-02-18 12:00:00
13095,1326,13096,2026-02-18 12:00:00
13096,1327,13097,2026-02-18 12:00:00
13097,1332,13098,2026-02-18 12:00:00
13098,1337,13099,2026-02-18 12:00:00
13099,1349,13100,2026-02-18 12:00:00
13100,1352,13101,2026-02-18 12:00:00
13101,1360,13102,2026-02-18 12:00:00
13102,1363,13103,2026-02-18 12:00:00
13103,1365,13104,2026-02-18 12:00:00
13104,1369,13105,2026-02-18 12:00:00
13105,1371,13106,2026-02-18 12:00:00
13106,1373,13107,2026-02-18 12:00:00
13107,1387,13108,2026-02-18 12:00:00
13108,1393,13109,2026-02-18 12:00:00
13109,1394,13110,2026-02-18 12:00:00
13110,1395,13111,2026-02-18 12:00:00
13111,1398,13112,2026-02-18 12:00:00
13112,1399,13113,2026-02-18 12:00:00
13113,1407,13114,2026-02-18 12:00:00
13114,1415,13115,2026-02-18 12:00:00
13115,1416,13116,2026-02-18 12:00:00
13116,1421,13117,2026-02-18 12:00:00
13117,1423,13118,2026-02-18 12:00:00
13118,1426,13119,2026-02-18 12:00:00
13119,1428,13120,2026-02-18 12:00:00
13120,1435,13121,2026-02-18 12:00:00
13121,1436,13122,2026-02-18 12:00:00
13122,1438,13123,2026-02-18 12:00:00
13123,1440,13124,2026-02-18 12:00:00
13124,1445,13125,2026-02-18 12:00:00
13125,1446,13126,2026-02-18 12:00:00
13126,1459,13127,2026-02-18 12:00:00
13127,1463,13128,2026-02-18 12:00:00
13128,1465,13129,2026-02-18 12:00:00
13129,1472,13130,2026-02-18 12:00:00
13130,1476,13131,2026-02-18 12:00:00
13131,1483,13132,2026-02-18 12:00:00
13132,1489,13133,2026-02-18 12:00:00
13133,1493,13134,2026-02-18 12:00:00
13134,1498,13135,2026-02-18 12:00:00
13135,1501,13136,2026-02-18 12:00:00
13136,1509,13137,2026-02-18 12:00:00
13137,1511,13138,2026-02-18 12:00:00
13138,1513,13139,2026-02-18 12:00:00
13139,1514,13140,2026-02-18 12:00:00
13140,1522,13141,2026-02-18 12:00:00
13141,1524,13142,2026-02-18 12:00:00
13142,1528,13143,2026-02-18 12:00:00
13143,1541,13144,2026-02-18 12:00:00
13144,1550,13145,2026-02-18 12:00:00
13145,1576,13146,2026-02-18 12:00:00
13146,1587,13147,2026-02-18 12:00:00
13147,1590,13148,2026-02-18 12:00:00
13148,1593,13149,2026-02-18 12:00:00
13149,1594,13150,2026-02-18 12:00:00
13150,1602,13151,2026-02-18 12:00:00
13151,1607,13152,2026-02-18 12:00:00
13152,1610,13153,2026-02-18 12:00:00
13153,1612,13154,2026-02-18 12:00:00
13154,1617,13155,2026-02-18 12:00:00
13155,1623,13156,2026-02-18 12:00:00
13156,1628,13157,2026-02-18 12:00:00
13157,1630,13158,2026-02-18 12:00:00
13158,1632,13159,2026-02-18 12:00:00
13159,1642,13160,2026-02-18 12:00:00
13160,1646,13161,2026-02-18 12:00:00
13161,1647,13162,2026-02-18 12:00:00
13162,1649,13163,2026-02-18 12:00:00
13163,1653,13164,2026-02-18 12:00:00
13164,1661,13165,2026-02-18 12:00:00
13165,1683,13166,2026-02-18 12:00:00
13166,1688,13167,2026-02-18 12:00:00
13167,1689,13168,2026-02-18 12:00:00
13168,1712,13169,2026-02-18 12:00:00
13169,1735,13170,2026-02-18 12:00:00
13170,1748,13171,2026-02-18 12:00:00
13171,1754,13172,2026-02-18 12:00:00
13172,1757,13173,2026-02-18 12:00:00
13173,1770,13174,2026-02-18 12:00:00
13174,1771,13175,2026-02-18 12:00:00
13175,1775,13176,2026-02-18 12:00:00
13176,1777,13177,2026-02-18 12:00:00
13177,1779,13178,2026-02-18 12:00:00
13178,1788,13179,2026-02-18 12:00:00
13179,1796,13180,2026-02-18 12:00:00
13180,1800,13181,2026-02-18 12:00:00
13181,1801,13182,2026-02-18 12:00:00
13182,1805,13183,2026-02-18 12:00:00
13183,1810,13184,2026-02-18 12:00:00
13184,1811,13185,2026-02-18 12:00:00
13185,1812,13186,2026-02-18 12:00:00
13186,1816,13187,2026-02-18 12:00:00
13187,1823,13188,2026-02-18 12:00:00
13188,1830,13189,2026-02-18 12:00:00
13189,1833,13190,2026-02-18 12:00:00
13190,1836,13191,2026-02-18 12:00:00
13191,1838,13192,2026-02-18 12:00:00
13192,1844,13193,2026-02-18 12:00:00
13193,1845,13194,2026-02-18 12:00:00
13194,1847,13195,2026-02-18 12:00:00
13195,1848,13196,2026-02-18 12:00:00
13196,2,13197,2026-02-19 12:00:00
13197,11,13198,2026-02-19 12:00:00
13198,13,13199,2026-02-19 12:00:00
13199,17,13200,2026-02-19 12:00:00
13200,25,13201,2026-02-19 12:00:00
13201,27,13202,2026-02-19 12:00:00
13202,44,13203,2026-02-19 12:00:00
13203,57,13204,2026-02-19 12:00:00
13204,62,13205,2026-02-19 12:00:00
13205,67,13206,2026-02-19 12:00:00
13206,68,13207,2026-02-19 12:00:00
13207,71,13208,2026-02-19 12:00:00
13208,73,13209,2026-02-19 12:00:00
13209,76,13210,2026-02-19 12:00:00
13210,78,13211,2026-02-19 12:00:00
13211,81,13212,2026-02-19 12:00:00
13212,82,13213,2026-02-19 12:00:00
13213,88,13214,2026-02-19 12:00:00
13214,97,13215,2026-02-19 12:00:00
13215,100,13216,2026-02-19 12:00:00
13216,107,13217,2026-02-19 12:00:00
13217,112,13218,2026-02-19 12:00:00
13218,114,13219,2026-02-19 12:00:00
13219,118,13220,2026-02-19 12:00:00
13220,124,13221,2026-02-19 12:00:00
13221,127,13222,2026-02-19 12:00:00
13222,133,13223,2026-02-19 12:00:00
13223,137,13224,2026-02-19 12:00:00
13224,146,13225,2026-02-19 12:00:00
13225,151,13226,2026-02-19 12:00:00
13226,152,13227,2026-02-19 12:00:00
13227,154,13228,2026-02-19 12:00:00
13228,157,13229,2026-02-19 12:00:00
13229,161,13230,2026-02-19 12:00:00
13230,168,13231,2026-02-19 12:00:00
13231,169,13232,2026-02-19 12:00:00
13232,172,13233,2026-02-19 12:00:00
13233,178,13234,2026-02-19 12:00:00
13234,179,13235,2026-02-19 12:00:00
13235,182,13236,2026-02-19 12:00:00
13236,183,13237,2026-02-19 12:00:00
13237,194,13238,2026-02-19 12:00:00
13238,198,13239,2026-02-19 12:00:00
13239,199,13240,2026-02-19 12:00:00
13240,204,13241,2026-02-19 12:00:00
13241,205,13242,2026-02-19 12:00:00
13242,223,13243,2026-02-19 12:00:00
13243,226,13244,2026-02-19 12:00:00
13244,238,13245,2026-02-19 12:00:00
13245,239,13246,2026-02-19 12:00:00
13246,241,13247,2026-02-19 12:00:00
13247,244,13248,2026-02-19 12:00:00
13248,245,13249,2026-02-19 12:00:00
13249,246,13250,2026-02-19 12:00:00
13250,260,13251,2026-02-19 12:00:00
13251,265,13252,2026-02-19 12:00:00
13252,270,13253,2026-02-19 12:00:00
13253,274,13254,2026-02-19 12:00:00
13254,280,13255,2026-02-19 12:00:00
13255,282,13256,2026-02-19 12:00:00
13256,292,13257,2026-02-19 12:00:00
13257,297,13258,2026-02-19 12:00:00
13258,299,13259,2026-02-19 12:00:00
13259,300,13260,2026-02-19 12:00:00
13260,301,13261,2026-02-19 12:00:00
13261,304,13262,2026-02-19 12:00:00
13262,308,13263,2026-02-19 12:00:00
13263,312,13264,2026-02-19 12:00:00
13264,313,13265,2026-02-19 12:00:00
13265,319,13266,2026-02-19 12:00:00
13266,323,13267,2026-02-19 12:00:00
13267,328,13268,2026-02-19 12:00:00
13268,340,13269,2026-02-19 12:00:00
13269,343,13270,2026-02-19 12:00:00
13270,344,13271,2026-02-19 12:00:00
13271,352,13272,2026-02-19 12:00:00
13272,364,13273,2026-02-19 12:00:00
13273,367,13274,2026-02-19 12:00:00
13274,370,13275,2026-02-19 12:00:00
13275,381,13276,2026-02-19 12:00:00
13276,382,13277,2026-02-19 12:00:00
13277,386,13278,2026-02-19 12:00:00
13278,391,13279,2026-02-19 12:00:00
13279,401,13280,2026-02-19 12:00:00
13280,411,13281,2026-02-19 12:00:00
13281,416,13282,2026-02-19 12:00:00
13282,420,13283,2026-02-19 12:00:00
13283,421,13284,2026-02-19 12:00:00
13284,425,13285,2026-02-19 12:00:00
13285,428,13286,2026-02-19 12:00:00
13286,432,13287,2026-02-19 12:00:00
13287,441,13288,2026-02-19 12:00:00
13288,444,13289,2026-02-19 12:00:00
13289,446,13290,2026-02-19 12:00:00
13290,448,13291,2026-02-19 12:00:00
13291,449,13292,2026-02-19 12:00:00
13292,459,13293,2026-02-19 12:00:00
13293,461,13294,2026-02-19 12:00:00
13294,462,13295,2026-02-19 12:00:00
13295,463,13296,2026-02-19 12:00:00
13296,466,13297,2026-02-19 12:00:00
13297,467,13298,2026-02-19 12:00:00
13298,473,13299,2026-02-19 12:00:00
13299,479,13300,2026-02-19 12:00:00
13300,486,13301,2026-02-19 12:00:00
13301,487,13302,2026-02-19 12:00:00
13302,492,13303,2026-02-19 12:00:00
13303,496,13304,2026-02-19 12:00:00
13304,498,13305,2026-02-19 12:00:00
13305,499,13306,2026-02-19 12:00:00
13306,501,13307,2026-02-19 12:00:00
13307,503,13308,2026-02-19 12:00:00
13308,511,13309,2026-02-19 12:00:00
13309,513,13310,2026-02-19 12:00:00
13310,515,13311,2026-02-19 12:00:00
13311,516,13312,2026-02-19 12:00:00
13312,518,13313,2026-02-19 12:00:00
13313,523,13314,2026-02-19 12:00:00
13314,525,13315,2026-02-19 12:00:00
13315,527,13316,2026-02-19 12:00:00
13316,529,13317,2026-02-19 12:00:00
13317,532,13318,2026-02-19 12:00:00
13318,533,13319,2026-02-19 12:00:00
13319,536,13320,2026-02-19 12:00:00
13320,537,13321,2026-02-19 12:00:00
13321,539,13322,2026-02-19 12:00:00
13322,540,13323,2026-02-19 12:00:00
13323,541,13324,2026-02-19 12:00:00
13324,545,13325,2026-02-19 12:00:00
13325,546,13326,2026-02-19 12:00:00
13326,548,13327,2026-02-19 12:00:00
13327,552,13328,2026-02-19 12:00:00
13328,555,13329,2026-02-19 12:00:00
13329,556,13330,2026-02-19 12:00:00
13330,558,13331,2026-02-19 12:00:00
13331,559,13332,2026-02-19 12:00:00
13332,560,13333,2026-02-19 12:00:00
13333,565,13334,2026-02-19 12:00:00
13334,573,13335,2026-02-19 12:00:00
13335,578,13336,2026-02-19 12:00:00
13336,579,13337,2026-02-19 12:00:00
13337,583,13338,2026-02-19 12:00:00
13338,588,13339,2026-02-19 12:00:00
13339,603,13340,2026-02-19 12:00:00
13340,607,13341,2026-02-19 12:00:00
13341,610,13342,2026-02-19 12:00:00
13342,615,13343,2026-02-19 12:00:00
13343,617,13344,2026-02-19 12:00:00
13344,629,13345,2026-02-19 12:00:00
13345,636,13346,2026-02-19 12:00:00
13346,641,13347,2026-02-19 12:00:00
13347,642,13348,2026-02-19 12:00:00
13348,643,13349,2026-02-19 12:00:00
13349,649,13350,2026-02-19 12:00:00
13350,651,13351,2026-02-19 12:00:00
13351,668,13352,2026-02-19 12:00:00
13352,684,13353,2026-02-19 12:00:00
13353,685,13354,2026-02-19 12:00:00
13354,686,13355,2026-02-19 12:00:00
13355,690,13356,2026-02-19 12:00:00
13356,692,13357,2026-02-19 12:00:00
13357,695,13358,2026-02-19 12:00:00
13358,697,13359,2026-02-19 12:00:00
13359,698,13360,2026-02-19 12:00:00
13360,700,13361,2026-02-19 12:00:00
13361,722,13362,2026-02-19 12:00:00
13362,735,13363,2026-02-19 12:00:00
13363,736,13364,2026-02-19 12:00:00
13364,737,13365,2026-02-19 12:00:00
13365,740,13366,2026-02-19 12:00:00
13366,742,13367,2026-02-19 12:00:00
13367,746,13368,2026-02-19 12:00:00
13368,747,13369,2026-02-19 12:00:00
13369,749,13370,2026-02-19 12:00:00
13370,757,13371,2026-02-19 12:00:00
13371,759,13372,2026-02-19 12:00:00
13372,764,13373,2026-02-19 12:00:00
13373,769,13374,2026-02-19 12:00:00
13374,779,13375,2026-02-19 12:00:00
13375,780,13376,2026-02-19 12:00:00
13376,787,13377,2026-02-19 12:00:00
13377,788,13378,2026-02-19 12:00:00
13378,808,13379,2026-02-19 12:00:00
13379,810,13380,2026-02-19 12:00:00
13380,820,13381,2026-02-19 12:00:00
13381,830,13382,2026-02-19 12:00:00
13382,839,13383,2026-02-19 12:00:00
13383,840,13384,2026-02-19 12:00:00
13384,841,13385,2026-02-19 12:00:00
13385,844,13386,2026-02-19 12:00:00
13386,847,13387,2026-02-19 12:00:00
13387,859,13388,2026-02-19 12:00:00
13388,864,13389,2026-02-19 12:00:00
13389,867,13390,2026-02-19 12:00:00
13390,868,13391,2026-02-19 12:00:00
13391,870,13392,2026-02-19 12:00:00
13392,871,13393,2026-02-19 12:00:00
13393,872,13394,2026-02-19 12:00:00
13394,907,13395,2026-02-19 12:00:00
13395,912,13396,2026-02-19 12:00:00
13396,913,13397,2026-02-19 12:00:00
13397,924,13398,2026-02-19 12:00:00
13398,925,13399,2026-02-19 12:00:00
13399,932,13400,2026-02-19 12:00:00
13400,935,13401,2026-02-19 12:00:00
13401,944,13402,2026-02-19 12:00:00
13402,947,13403,2026-02-19 12:00:00
13403,962,13404,2026-02-19 12:00:00
13404,965,13405,2026-02-19 12:00:00
13405,974,13406,2026-02-19 12:00:00
13406,977,13407,2026-02-19 12:00:00
13407,981,13408,2026-02-19 12:00:00
13408,984,13409,2026-02-19 12:00:00
13409,985,13410,2026-02-19 12:00:00
13410,988,13411,2026-02-19 12:00:00
13411,995,13412,2026-02-19 12:00:00
13412,1002,13413,2026-02-19 12:00:00
13413,1014,13414,2026-02-19 12:00:00
13414,1016,13415,2026-02-19 12:00:00
13415,1017,13416,2026-02-19 12:00:00
13416,1030,13417,2026-02-19 12:00:00
13417,1031,13418,2026-02-19 12:00:00
13418,1040,13419,2026-02-19 12:00:00
13419,1048,13420,2026-02-19 12:00:00
13420,1061,13421,2026-02-19 12:00:00
13421,1071,13422,2026-02-19 12:00:00
13422,1077,13423,2026-02-19 12:00:00
13423,1079,13424,2026-02-19 12:00:00
13424,1086,13425,2026-02-19 12:00:00
13425,1087,13426,2026-02-19 12:00:00
13426,1088,13427,2026-02-19 12:00:00
13427,1102,13428,2026-02-19 12:00:00
13428,1106,13429,2026-02-19 12:00:00
13429,1107,13430,2026-02-19 12:00:00
13430,1110,13431,2026-02-19 12:00:00
13431,1116,13432,2026-02-19 12:00:00
13432,1118,13433,2026-02-19 12:00:00
13433,1125,13434,2026-02-19 12:00:00
13434,1127,13435,2026-02-19 12:00:00
13435,1133,13436,2026-02-19 12:00:00
13436,1135,13437,2026-02-19 12:00:00
13437,1139,13438,2026-02-19 12:00:00
13438,1141,13439,2026-02-19 12:00:00
13439,1146,13440,2026-02-19 12:00:00
13440,1154,13441,2026-02-19 12:00:00
13441,1166,13442,2026-02-19 12:00:00
13442,1180,13443,2026-02-19 12:00:00
13443,1197,13444,2026-02-19 12:00:00
13444,1199,13445,2026-02-19 12:00:00
13445,1203,13446,2026-02-19 12:00:00
13446,1207,13447,2026-02-19 12:00:00
13447,1211,13448,2026-02-19 12:00:00
13448,1214,13449,2026-02-19 12:00:00
13449,1215,13450,2026-02-19 12:00:00
13450,1219,13451,2026-02-19 12:00:00
13451,1234,13452,2026-02-19 12:00:00
13452,1242,13453,2026-02-19 12:00:00
13453,1243,13454,2026-02-19 12:00:00
13454,1247,13455,2026-02-19 12:00:00
13455,1257,13456,2026-02-19 12:00:00
13456,1267,13457,2026-02-19 12:00:00
13457,1268,13458,2026-02-19 12:00:00
13458,1271,13459,2026-02-19 12:00:00
13459,1273,13460,2026-02-19 12:00:00
13460,1274,13461,2026-02-19 12:00:00
13461,1278,13462,2026-02-19 12:00:00
13462,1284,13463,2026-02-19 12:00:00
13463,1285,13464,2026-02-19 12:00:00
13464,1291,13465,2026-02-19 12:00:00
13465,1296,13466,2026-02-19 12:00:00
13466,1298,13467,2026-02-19 12:00:00
13467,1304,13468,2026-02-19 12:00:00
13468,1305,13469,2026-02-19 12:00:00
13469,1307,13470,2026-02-19 12:00:00
13470,1309,13471,2026-02-19 12:00:00
13471,1316,13472,2026-02-19 12:00:00
13472,1318,13473,2026-02-19 12:00:00
13473,1329,13474,2026-02-19 12:00:00
13474,1341,13475,2026-02-19 12:00:00
13475,1342,13476,2026-02-19 12:00:00
13476,1343,13477,2026-02-19 12:00:00
13477,1348,13478,2026-02-19 12:00:00
13478,1351,13479,2026-02-19 12:00:00
13479,1361,13480,2026-02-19 12:00:00
13480,1363,13481,2026-02-19 12:00:00
13481,1370,13482,2026-02-19 12:00:00
13482,1372,13483,2026-02-19 12:00:00
13483,1376,13484,2026-02-19 12:00:00
13484,1382,13485,2026-02-19 12:00:00
13485,1386,13486,2026-02-19 12:00:00
13486,1389,13487,2026-02-19 12:00:00
13487,1392,13488,2026-02-19 12:00:00
13488,1401,13489,2026-02-19 12:00:00
13489,1416,13490,2026-02-19 12:00:00
13490,1420,13491,2026-02-19 12:00:00
13491,1423,13492,2026-02-19 12:00:00
13492,1427,13493,2026-02-19 12:00:00
13493,1430,13494,2026-02-19 12:00:00
13494,1440,13495,2026-02-19 12:00:00
13495,1445,13496,2026-02-19 12:00:00
13496,1446,13497,2026-02-19 12:00:00
13497,1457,13498,2026-02-19 12:00:00
13498,1458,13499,2026-02-19 12:00:00
13499,1460,13500,2026-02-19 12:00:00
13500,1462,13501,2026-02-19 12:00:00
13501,1471,13502,2026-02-19 12:00:00
13502,1480,13503,2026-02-19 12:00:00
13503,1484,13504,2026-02-19 12:00:00
13504,1486,13505,2026-02-19 12:00:00
13505,1496,13506,2026-02-19 12:00:00
13506,1500,13507,2026-02-19 12:00:00
13507,1503,13508,2026-02-19 12:00:00
13508,1514,13509,2026-02-19 12:00:00
13509,1515,13510,2026-02-19 12:00:00
13510,1517,13511,2026-02-19 12:00:00
13511,1520,13512,2026-02-19 12:00:00
13512,1522,13513,2026-02-19 12:00:00
13513,1535,13514,2026-02-19 12:00:00
13514,1536,13515,2026-02-19 12:00:00
13515,1540,13516,2026-02-19 12:00:00
13516,1544,13517,2026-02-19 12:00:00
13517,1558,13518,2026-02-19 12:00:00
13518,1560,13519,2026-02-19 12:00:00
13519,1564,13520,2026-02-19 12:00:00
13520,1565,13521,2026-02-19 12:00:00
13521,1566,13522,2026-02-19 12:00:00
13522,1573,13523,2026-02-19 12:00:00
13523,1574,13524,2026-02-19 12:00:00
13524,1579,13525,2026-02-19 12:00:00
13525,1580,13526,2026-02-19 12:00:00
13526,1581,13527,2026-02-19 12:00:00
13527,1587,13528,2026-02-19 12:00:00
13528,1592,13529,2026-02-19 12:00:00
13529,1596,13530,2026-02-19 12:00:00
13530,1597,13531,2026-02-19 12:00:00
13531,1599,13532,2026-02-19 12:00:00
13532,1601,13533,2026-02-19 12:00:00
13533,1603,13534,2026-02-19 12:00:00
13534,1604,13535,2026-02-19 12:00:00
13535,1612,13536,2026-02-19 12:00:00
13536,1619,13537,2026-02-19 12:00:00
13537,1632,13538,2026-02-19 12:00:00
13538,1639,13539,2026-02-19 12:00:00
13539,1641,13540,2026-02-19 12:00:00
13540,1642,13541,2026-02-19 12:00:00
13541,1648,13542,2026-02-19 12:00:00
13542,1649,13543,2026-02-19 12:00:00
13543,1650,13544,2026-02-19 12:00:00
13544,1653,13545,2026-02-19 12:00:00
13545,1655,13546,2026-02-19 12:00:00
13546,1656,13547,2026-02-19 12:00:00
13547,1657,13548,2026-02-19 12:00:00
13548,1658,13549,2026-02-19 12:00:00
13549,1667,13550,2026-02-19 12:00:00
13550,1669,13551,2026-02-19 12:00:00
13551,1693,13552,2026-02-19 12:00:00
13552,1694,13553,2026-02-19 12:00:00
13553,1710,13554,2026-02-19 12:00:00
13554,1712,13555,2026-02-19 12:00:00
13555,1741,13556,2026-02-19 12:00:00
13556,1742,13557,2026-02-19 12:00:00
13557,1748,13558,2026-02-19 12:00:00
13558,1757,13559,2026-02-19 12:00:00
13559,1763,13560,2026-02-19 12:00:00
13560,1767,13561,2026-02-19 12:00:00
13561,1771,13562,2026-02-19 12:00:00
13562,1778,13563,2026-02-19 12:00:00
13563,1782,13564,2026-02-19 12:00:00
13564,1783,13565,2026-02-19 12:00:00
13565,1785,13566,2026-02-19 12:00:00
13566,1789,13567,2026-02-19 12:00:00
13567,1791,13568,2026-02-19 12:00:00
13568,1796,13569,2026-02-19 12:00:00
13569,1798,13570,2026-02-19 12:00:00
13570,1799,13571,2026-02-19 12:00:00
13571,1803,13572,2026-02-19 12:00:00
13572,1805,13573,2026-02-19 12:00:00
13573,1812,13574,2026-02-19 12:00:00
13574,1814,13575,2026-02-19 12:00:00
13575,1821,13576,2026-02-19 12:00:00
13576,1823,13577,2026-02-19 12:00:00
13577,1828,13578,2026-02-19 12:00:00
13578,1831,13579,2026-02-19 12:00:00
13579,1840,13580,2026-02-19 12:00:00
13580,1841,13581,2026-02-19 12:00:00
13581,1843,13582,2026-02-19 12:00:00
13582,1847,13583,2026-02-19 12:00:00
13583,1859,13584,2026-02-19 12:00:00
13584,1860,13585,2026-02-19 12:00:00
13585,1861,13586,2026-02-19 12:00:00
13586,1869,13587,2026-02-19 12:00:00
13587,1870,13588,2026-02-19 12:00:00
13588,1871,13589,2026-02-19 12:00:00
13589,1874,13590,2026-02-19 12:00:00
13590,15,13591,2026-02-20 12:00:00
13591,16,13592,2026-02-20 12:00:00
13592,22,13593,2026-02-20 12:00:00
13593,23,13594,2026-02-20 12:00:00
13594,24,13595,2026-02-20 12:00:00
13595,36,13596,2026-02-20 12:00:00
13596,39,13597,2026-02-20 12:00:00
13597,42,13598,2026-02-20 12:00:00
13598,43,13599,2026-02-20 12:00:00
13599,51,13600,2026-02-20 12:00:00
13600,57,13601,2026-02-20 12:00:00
13601,60,13602,2026-02-20 12:00:00
13602,65,13603,2026-02-20 12:00:00
13603,71,13604,2026-02-20 12:00:00
13604,73,13605,2026-02-20 12:00:00
13605,74,13606,2026-02-20 12:00:00
13606,75,13607,2026-02-20 12:00:00
13607,83,13608,2026-02-20 12:00:00
13608,98,13609,2026-02-20 12:00:00
13609,100,13610,2026-02-20 12:00:00
13610,101,13611,2026-02-20 12:00:00
13611,102,13612,2026-02-20 12:00:00
13612,111,13613,2026-02-20 12:00:00
13613,114,13614,2026-02-20 12:00:00
13614,116,13615,2026-02-20 12:00:00
13615,119,13616,2026-02-20 12:00:00
13616,122,13617,2026-02-20 12:00:00
13617,124,13618,2026-02-20 12:00:00
13618,128,13619,2026-02-20 12:00:00
13619,129,13620,2026-02-20 12:00:00
13620,133,13621,2026-02-20 12:00:00
13621,134,13622,2026-02-20 12:00:00
13622,138,13623,2026-02-20 12:00:00
13623,142,13624,2026-02-20 12:00:00
13624,143,13625,2026-02-20 12:00:00
13625,148,13626,2026-02-20 12:00:00
13626,151,13627,2026-02-20 12:00:00
13627,154,13628,2026-02-20 12:00:00
13628,165,13629,2026-02-20 12:00:00
13629,167,13630,2026-02-20 12:00:00
13630,173,13631,2026-02-20 12:00:00
13631,177,13632,2026-02-20 12:00:00
13632,190,13633,2026-02-20 12:00:00
13633,191,13634,2026-02-20 12:00:00
13634,200,13635,2026-02-20 12:00:00
13635,201,13636,2026-02-20 12:00:00
13636,208,13637,2026-02-20 12:00:00
13637,210,13638,2026-02-20 12:00:00
13638,211,13639,2026-02-20 12:00:00
13639,221,13640,2026-02-20 12:00:00
13640,228,13641,2026-02-20 12:00:00
13641,230,13642,2026-02-20 12:00:00
13642,236,13643,2026-02-20 12:00:00
13643,240,13644,2026-02-20 12:00:00
13644,245,13645,2026-02-20 12:00:00
13645,254,13646,2026-02-20 12:00:00
13646,255,13647,2026-02-20 12:00:00
13647,256,13648,2026-02-20 12:00:00
13648,257,13649,2026-02-20 12:00:00
13649,261,13650,2026-02-20 12:00:00
13650,270,13651,2026-02-20 12:00:00
13651,278,13652,2026-02-20 12:00:00
13652,281,13653,2026-02-20 12:00:00
13653,288,13654,2026-02-20 12:00:00
13654,297,13655,2026-02-20 12:00:00
13655,301,13656,2026-02-20 12:00:00
13656,302,13657,2026-02-20 12:00:00
13657,306,13658,2026-02-20 12:00:00
13658,307,13659,2026-02-20 12:00:00
13659,308,13660,2026-02-20 12:00:00
13660,312,13661,2026-02-20 12:00:00
13661,317,13662,2026-02-20 12:00:00
13662,318,13663,2026-02-20 12:00:00
13663,321,13664,2026-02-20 12:00:00
13664,336,13665,2026-02-20 12:00:00
13665,349,13666,2026-02-20 12:00:00
13666,353,13667,2026-02-20 12:00:00
13667,359,13668,2026-02-20 12:00:00
13668,362,13669,2026-02-20 12:00:00
13669,368,13670,2026-02-20 12:00:00
13670,370,13671,2026-02-20 12:00:00
13671,376,13672,2026-02-20 12:00:00
13672,382,13673,2026-02-20 12:00:00
13673,390,13674,2026-02-20 12:00:00
13674,392,13675,2026-02-20 12:00:00
13675,394,13676,2026-02-20 12:00:00
13676,397,13677,2026-02-20 12:00:00
13677,403,13678,2026-02-20 12:00:00
13678,404,13679,2026-02-20 12:00:00
13679,407,13680,2026-02-20 12:00:00
13680,421,13681,2026-02-20 12:00:00
13681,425,13682,2026-02-20 12:00:00
13682,432,13683,2026-02-20 12:00:00
13683,440,13684,2026-02-20 12:00:00
13684,441,13685,2026-02-20 12:00:00
13685,448,13686,2026-02-20 12:00:00
13686,453,13687,2026-02-20 12:00:00
13687,461,13688,2026-02-20 12:00:00
13688,462,13689,2026-02-20 12:00:00
13689,463,13690,2026-02-20 12:00:00
13690,465,13691,2026-02-20 12:00:00
13691,472,13692,2026-02-20 12:00:00
13692,479,13693,2026-02-20 12:00:00
13693,486,13694,2026-02-20 12:00:00
13694,488,13695,2026-02-20 12:00:00
13695,494,13696,2026-02-20 12:00:00
13696,499,13697,2026-02-20 12:00:00
13697,501,13698,2026-02-20 12:00:00
13698,507,13699,2026-02-20 12:00:00
13699,509,13700,2026-02-20 12:00:00
13700,518,13701,2026-02-20 12:00:00
13701,522,13702,2026-02-20 12:00:00
13702,524,13703,2026-02-20 12:00:00
13703,528,13704,2026-02-20 12:00:00
13704,530,13705,2026-02-20 12:00:00
13705,542,13706,2026-02-20 12:00:00
13706,544,13707,2026-02-20 12:00:00
13707,551,13708,2026-02-20 12:00:00
13708,554,13709,2026-02-20 12:00:00
13709,556,13710,2026-02-20 12:00:00
13710,559,13711,2026-02-20 12:00:00
13711,561,13712,2026-02-20 12:00:00
13712,566,13713,2026-02-20 12:00:00
13713,567,13714,2026-02-20 12:00:00
13714,573,13715,2026-02-20 12:00:00
13715,576,13716,2026-02-20 12:00:00
13716,577,13717,2026-02-20 12:00:00
13717,579,13718,2026-02-20 12:00:00
13718,580,13719,2026-02-20 12:00:00
13719,585,13720,2026-02-20 12:00:00
13720,587,13721,2026-02-20 12:00:00
13721,595,13722,2026-02-20 12:00:00
13722,604,13723,2026-02-20 12:00:00
13723,613,13724,2026-02-20 12:00:00
13724,618,13725,2026-02-20 12:00:00
13725,622,13726,2026-02-20 12:00:00
13726,624,13727,2026-02-20 12:00:00
13727,629,13728,2026-02-20 12:00:00
13728,632,13729,2026-02-20 12:00:00
13729,652,13730,2026-02-20 12:00:00
13730,654,13731,2026-02-20 12:00:00
13731,655,13732,2026-02-20 12:00:00
13732,656,13733,2026-02-20 12:00:00
13733,657,13734,2026-02-20 12:00:00
13734,673,13735,2026-02-20 12:00:00
13735,677,13736,2026-02-20 12:00:00
13736,681,13737,2026-02-20 12:00:00
13737,683,13738,2026-02-20 12:00:00
13738,684,13739,2026-02-20 12:00:00
13739,691,13740,2026-02-20 12:00:00
13740,696,13741,2026-02-20 12:00:00
13741,703,13742,2026-02-20 12:00:00
13742,704,13743,2026-02-20 12:00:00
13743,709,13744,2026-02-20 12:00:00
13744,711,13745,2026-02-20 12:00:00
13745,713,13746,2026-02-20 12:00:00
13746,714,13747,2026-02-20 12:00:00
13747,715,13748,2026-02-20 12:00:00
13748,718,13749,2026-02-20 12:00:00
13749,727,13750,2026-02-20 12:00:00
13750,728,13751,2026-02-20 12:00:00
13751,732,13752,2026-02-20 12:00:00
13752,734,13753,2026-02-20 12:00:00
13753,736,13754,2026-02-20 12:00:00
13754,738,13755,2026-02-20 12:00:00
13755,742,13756,2026-02-20 12:00:00
13756,746,13757,2026-02-20 12:00:00
13757,748,13758,2026-02-20 12:00:00
13758,754,13759,2026-02-20 12:00:00
13759,756,13760,2026-02-20 12:00:00
13760,757,13761,2026-02-20 12:00:00
13761,762,13762,2026-02-20 12:00:00
13762,771,13763,2026-02-20 12:00:00
13763,772,13764,2026-02-20 12:00:00
13764,773,13765,2026-02-20 12:00:00
13765,782,13766,2026-02-20 12:00:00
13766,784,13767,2026-02-20 12:00:00
13767,789,13768,2026-02-20 12:00:00
13768,803,13769,2026-02-20 12:00:00
13769,806,13770,2026-02-20 12:00:00
13770,811,13771,2026-02-20 12:00:00
13771,812,13772,2026-02-20 12:00:00
13772,815,13773,2026-02-20 12:00:00
13773,819,13774,2026-02-20 12:00:00
13774,825,13775,2026-02-20 12:00:00
13775,827,13776,2026-02-20 12:00:00
13776,833,13777,2026-02-20 12:00:00
13777,840,13778,2026-02-20 12:00:00
13778,846,13779,2026-02-20 12:00:00
13779,852,13780,2026-02-20 12:00:00
13780,853,13781,2026-02-20 12:00:00
13781,854,13782,2026-02-20 12:00:00
13782,864,13783,2026-02-20 12:00:00
13783,871,13784,2026-02-20 12:00:00
13784,878,13785,2026-02-20 12:00:00
13785,881,13786,2026-02-20 12:00:00
13786,886,13787,2026-02-20 12:00:00
13787,895,13788,2026-02-20 12:00:00
13788,896,13789,2026-02-20 12:00:00
13789,899,13790,2026-02-20 12:00:00
13790,900,13791,2026-02-20 12:00:00
13791,904,13792,2026-02-20 12:00:00
13792,908,13793,2026-02-20 12:00:00
13793,909,13794,2026-02-20 12:00:00
13794,911,13795,2026-02-20 12:00:00
13795,916,13796,2026-02-20 12:00:00
13796,917,13797,2026-02-20 12:00:00
13797,924,13798,2026-02-20 12:00:00
13798,925,13799,2026-02-20 12:00:00
13799,930,13800,2026-02-20 12:00:00
13800,942,13801,2026-02-20 12:00:00
13801,944,13802,2026-02-20 12:00:00
13802,947,13803,2026-02-20 12:00:00
13803,950,13804,2026-02-20 12:00:00
13804,960,13805,2026-02-20 12:00:00
13805,971,13806,2026-02-20 12:00:00
13806,973,13807,2026-02-20 12:00:00
13807,974,13808,2026-02-20 12:00:00
13808,975,13809,2026-02-20 12:00:00
13809,983,13810,2026-02-20 12:00:00
13810,985,13811,2026-02-20 12:00:00
13811,988,13812,2026-02-20 12:00:00
13812,994,13813,2026-02-20 12:00:00
13813,1000,13814,2026-02-20 12:00:00
13814,1003,13815,2026-02-20 12:00:00
13815,1010,13816,2026-02-20 12:00:00
13816,1011,13817,2026-02-20 12:00:00
13817,1014,13818,2026-02-20 12:00:00
13818,1016,13819,2026-02-20 12:00:00
13819,1017,13820,2026-02-20 12:00:00
13820,1019,13821,2026-02-20 12:00:00
13821,1021,13822,2026-02-20 12:00:00
13822,1025,13823,2026-02-20 12:00:00
13823,1026,13824,2026-02-20 12:00:00
13824,1027,13825,2026-02-20 12:00:00
13825,1035,13826,2026-02-20 12:00:00
13826,1036,13827,2026-02-20 12:00:00
13827,1038,13828,2026-02-20 12:00:00
13828,1039,13829,2026-02-20 12:00:00
13829,1047,13830,2026-02-20 12:00:00
13830,1049,13831,2026-02-20 12:00:00
13831,1057,13832,2026-02-20 12:00:00
13832,1060,13833,2026-02-20 12:00:00
13833,1061,13834,2026-02-20 12:00:00
13834,1062,13835,2026-02-20 12:00:00
13835,1065,13836,2026-02-20 12:00:00
13836,1067,13837,2026-02-20 12:00:00
13837,1072,13838,2026-02-20 12:00:00
13838,1073,13839,2026-02-20 12:00:00
13839,1085,13840,2026-02-20 12:00:00
13840,1091,13841,2026-02-20 12:00:00
13841,1093,13842,2026-02-20 12:00:00
13842,1096,13843,2026-02-20 12:00:00
13843,1098,13844,2026-02-20 12:00:00
13844,1115,13845,2026-02-20 12:00:00
13845,1131,13846,2026-02-20 12:00:00
13846,1141,13847,2026-02-20 12:00:00
13847,1143,13848,2026-02-20 12:00:00
13848,1147,13849,2026-02-20 12:00:00
13849,1154,13850,2026-02-20 12:00:00
13850,1163,13851,2026-02-20 12:00:00
13851,1168,13852,2026-02-20 12:00:00
13852,1169,13853,2026-02-20 12:00:00
13853,1177,13854,2026-02-20 12:00:00
13854,1178,13855,2026-02-20 12:00:00
13855,1179,13856,2026-02-20 12:00:00
13856,1180,13857,2026-02-20 12:00:00
13857,1181,13858,2026-02-20 12:00:00
13858,1186,13859,2026-02-20 12:00:00
13859,1195,13860,2026-02-20 12:00:00
13860,1197,13861,2026-02-20 12:00:00
13861,1201,13862,2026-02-20 12:00:00
13862,1202,13863,2026-02-20 12:00:00
13863,1204,13864,2026-02-20 12:00:00
13864,1205,13865,2026-02-20 12:00:00
13865,1206,13866,2026-02-20 12:00:00
13866,1209,13867,2026-02-20 12:00:00
13867,1214,13868,2026-02-20 12:00:00
13868,1216,13869,2026-02-20 12:00:00
13869,1219,13870,2026-02-20 12:00:00
13870,1222,13871,2026-02-20 12:00:00
13871,1229,13872,2026-02-20 12:00:00
13872,1235,13873,2026-02-20 12:00:00
13873,1238,13874,2026-02-20 12:00:00
13874,1242,13875,2026-02-20 12:00:00
13875,1246,13876,2026-02-20 12:00:00
13876,1256,13877,2026-02-20 12:00:00
13877,1257,13878,2026-02-20 12:00:00
13878,1258,13879,2026-02-20 12:00:00
13879,1259,13880,2026-02-20 12:00:00
13880,1267,13881,2026-02-20 12:00:00
13881,1270,13882,2026-02-20 12:00:00
13882,1272,13883,2026-02-20 12:00:00
13883,1273,13884,2026-02-20 12:00:00
13884,1286,13885,2026-02-20 12:00:00
13885,1290,13886,2026-02-20 12:00:00
13886,1293,13887,2026-02-20 12:00:00
13887,1299,13888,2026-02-20 12:00:00
13888,1300,13889,2026-02-20 12:00:00
13889,1302,13890,2026-02-20 12:00:00
13890,1303,13891,2026-02-20 12:00:00
13891,1310,13892,2026-02-20 12:00:00
13892,1313,13893,2026-02-20 12:00:00
13893,1317,13894,2026-02-20 12:00:00
13894,1341,13895,2026-02-20 12:00:00
13895,1342,13896,2026-02-20 12:00:00
13896,1344,13897,2026-02-20 12:00:00
13897,1345,13898,2026-02-20 12:00:00
13898,1351,13899,2026-02-20 12:00:00
13899,1353,13900,2026-02-20 12:00:00
13900,1355,13901,2026-02-20 12:00:00
13901,1360,13902,2026-02-20 12:00:00
13902,1364,13903,2026-02-20 12:00:00
13903,1365,13904,2026-02-20 12:00:00
13904,1368,13905,2026-02-20 12:00:00
13905,1371,13906,2026-02-20 12:00:00
13906,1372,13907,2026-02-20 12:00:00
13907,1378,13908,2026-02-20 12:00:00
13908,1379,13909,2026-02-20 12:00:00
13909,1385,13910,2026-02-20 12:00:00
13910,1387,13911,2026-02-20 12:00:00
13911,1390,13912,2026-02-20 12:00:00
13912,1409,13913,2026-02-20 12:00:00
13913,1411,13914,2026-02-20 12:00:00
13914,1426,13915,2026-02-20 12:00:00
13915,1444,13916,2026-02-20 12:00:00
13916,1445,13917,2026-02-20 12:00:00
13917,1447,13918,2026-02-20 12:00:00
13918,1458,13919,2026-02-20 12:00:00
13919,1474,13920,2026-02-20 12:00:00
13920,1475,13921,2026-02-20 12:00:00
13921,1481,13922,2026-02-20 12:00:00
13922,1482,13923,2026-02-20 12:00:00
13923,1484,13924,2026-02-20 12:00:00
13924,1486,13925,2026-02-20 12:00:00
13925,1489,13926,2026-02-20 12:00:00
13926,1494,13927,2026-02-20 12:00:00
13927,1498,13928,2026-02-20 12:00:00
13928,1504,13929,2026-02-20 12:00:00
13929,1518,13930,2026-02-20 12:00:00
13930,1519,13931,2026-02-20 12:00:00
13931,1523,13932,2026-02-20 12:00:00
13932,1525,13933,2026-02-20 12:00:00
13933,1530,13934,2026-02-20 12:00:00
13934,1532,13935,2026-02-20 12:00:00
13935,1533,13936,2026-02-20 12:00:00
13936,1537,13937,2026-02-20 12:00:00
13937,1538,13938,2026-02-20 12:00:00
13938,1540,13939,2026-02-20 12:00:00
13939,1547,13940,2026-02-20 12:00:00
13940,1549,13941,2026-02-20 12:00:00
13941,1553,13942,2026-02-20 12:00:00
13942,1554,13943,2026-02-20 12:00:00
13943,1559,13944,2026-02-20 12:00:00
13944,1571,13945,2026-02-20 12:00:00
13945,1573,13946,2026-02-20 12:00:00
13946,1575,13947,2026-02-20 12:00:00
13947,1580,13948,2026-02-20 12:00:00
13948,1585,13949,2026-02-20 12:00:00
13949,1587,13950,2026-02-20 12:00:00
13950,1603,13951,2026-02-20 12:00:00
13951,1605,13952,2026-02-20 12:00:00
13952,1610,13953,2026-02-20 12:00:00
13953,1614,13954,2026-02-20 12:00:00
13954,1616,13955,2026-02-20 12:00:00
13955,1618,13956,2026-02-20 12:00:00
13956,1635,13957,2026-02-20 12:00:00
13957,1636,13958,2026-02-20 12:00:00
13958,1638,13959,2026-02-20 12:00:00
13959,1640,13960,2026-02-20 12:00:00
13960,1648,13961,2026-02-20 12:00:00
13961,1657,13962,2026-02-20 12:00:00
13962,1659,13963,2026-02-20 12:00:00
13963,1667,13964,2026-02-20 12:00:00
13964,1671,13965,2026-02-20 12:00:00
13965,1672,13966,2026-02-20 12:00:00
13966,1679,13967,2026-02-20 12:00:00
13967,1680,13968,2026-02-20 12:00:00
13968,1681,13969,2026-02-20 12:00:00
13969,1688,13970,2026-02-20 12:00:00
13970,1693,13971,2026-02-20 12:00:00
13971,1694,13972,2026-02-20 12:00:00
13972,1695,13973,2026-02-20 12:00:00
13973,1697,13974,2026-02-20 12:00:00
13974,1699,13975,2026-02-20 12:00:00
13975,1700,13976,2026-02-20 12:00:00
13976,1702,13977,2026-02-20 12:00:00
13977,1721,13978,2026-02-20 12:00:00
13978,1729,13979,2026-02-20 12:00:00
13979,1733,13980,2026-02-20 12:00:00
13980,1736,13981,2026-02-20 12:00:00
13981,1738,13982,2026-02-20 12:00:00
13982,1739,13983,2026-02-20 12:00:00
13983,1741,13984,2026-02-20 12:00:00
13984,1743,13985,2026-02-20 12:00:00
13985,1752,13986,2026-02-20 12:00:00
13986,1756,13987,2026-02-20 12:00:00
13987,1764,13988,2026-02-20 12:00:00
13988,1768,13989,2026-02-20 12:00:00
13989,1769,13990,2026-02-20 12:00:00
13990,1783,13991,2026-02-20 12:00:00
13991,1784,13992,2026-02-20 12:00:00
13992,1789,13993,2026-02-20 12:00:00
13993,1790,13994,2026-02-20 12:00:00
13994,1800,13995,2026-02-20 12:00:00
13995,1813,13996,2026-02-20 12:00:00
13996,1823,13997,2026-02-20 12:00:00
13997,1824,13998,2026-02-20 12:00:00
13998,1831,13999,2026-02-20 12:00:00
13999,1845,14000,2026-02-20 12:00:00
14000,1850,14001,2026-02-20 12:00:00
14001,1851,14002,2026-02-20 12:00:00
14002,1857,14003,2026-02-20 12:00:00
14003,1863,14004,2026-02-20 12:00:00
14004,1870,14005,2026-02-20 12:00:00
14005,1871,14006,2026-02-20 12:00:00
14006,1875,14007,2026-02-20 12:00:00
14007,1881,14008,2026-02-20 12:00:00
14008,1886,14009,2026-02-20 12:00:00
14009,1887,14010,2026-02-20 12:00:00
14010,1889,14011,2026-02-20 12:00:00
14011,1891,14012,2026-02-20 12:00:00
14012,1893,14013,2026-02-20 12:00:00
14013,1896,14014,2026-02-20 12:00:00
14014,1,14015,2026-02-21 12:00:00
14015,4,14016,2026-02-21 12:00:00
14016,7,14017,2026-02-21 12:00:00
14017,9,14018,2026-02-21 12:00:00
14018,22,14019,2026-02-21 12:00:00
14019,26,14020,2026-02-21 12:00:00
14020,44,14021,2026-02-21 12:00:00
14021,54,14022,2026-02-21 12:00:00
14022,55,14023,2026-02-21 12:00:00
14023,56,14024,2026-02-21 12:00:00
14024,57,14025,2026-02-21 12:00:00
14025,59,14026,2026-02-21 12:00:00
14026,64,14027,2026-02-21 12:00:00
14027,68,14028,2026-02-21 12:00:00
14028,75,14029,2026-02-21 12:00:00
14029,76,14030,2026-02-21 12:00:00
14030,88,14031,2026-02-21 12:00:00
14031,89,14032,2026-02-21 12:00:00
14032,90,14033,2026-02-21 12:00:00
14033,93,14034,2026-02-21 12:00:00
14034,100,14035,2026-02-21 12:00:00
14035,101,14036,2026-02-21 12:00:00
14036,104,14037,2026-02-21 12:00:00
14037,107,14038,2026-02-21 12:00:00
14038,113,14039,2026-02-21 12:00:00
14039,118,14040,2026-02-21 12:00:00
14040,121,14041,2026-02-21 12:00:00
14041,123,14042,2026-02-21 12:00:00
14042,127,14043,2026-02-21 12:00:00
14043,134,14044,2026-02-21 12:00:00
14044,138,14045,2026-02-21 12:00:00
14045,141,14046,2026-02-21 12:00:00
14046,146,14047,2026-02-21 12:00:00
14047,150,14048,2026-02-21 12:00:00
14048,154,14049,2026-02-21 12:00:00
14049,156,14050,2026-02-21 12:00:00
14050,159,14051,2026-02-21 12:00:00
14051,160,14052,2026-02-21 12:00:00
14052,165,14053,2026-02-21 12:00:00
14053,172,14054,2026-02-21 12:00:00
14054,183,14055,2026-02-21 12:00:00
14055,184,14056,2026-02-21 12:00:00
14056,186,14057,2026-02-21 12:00:00
14057,194,14058,2026-02-21 12:00:00
14058,196,14059,2026-02-21 12:00:00
14059,198,14060,2026-02-21 12:00:00
14060,207,14061,2026-02-21 12:00:00
14061,215,14062,2026-02-21 12:00:00
14062,218,14063,2026-02-21 12:00:00
14063,231,14064,2026-02-21 12:00:00
14064,234,14065,2026-02-21 12:00:00
14065,246,14066,2026-02-21 12:00:00
14066,251,14067,2026-02-21 12:00:00
14067,252,14068,2026-02-21 12:00:00
14068,254,14069,2026-02-21 12:00:00
14069,256,14070,2026-02-21 12:00:00
14070,259,14071,2026-02-21 12:00:00
14071,264,14072,2026-02-21 12:00:00
14072,265,14073,2026-02-21 12:00:00
14073,266,14074,2026-02-21 12:00:00
14074,267,14075,2026-02-21 12:00:00
14075,269,14076,2026-02-21 12:00:00
14076,270,14077,2026-02-21 12:00:00
14077,271,14078,2026-02-21 12:00:00
14078,278,14079,2026-02-21 12:00:00
14079,281,14080,2026-02-21 12:00:00
14080,285,14081,2026-02-21 12:00:00
14081,286,14082,2026-02-21 12:00:00
14082,288,14083,2026-02-21 12:00:00
14083,298,14084,2026-02-21 12:00:00
14084,305,14085,2026-02-21 12:00:00
14085,313,14086,2026-02-21 12:00:00
14086,317,14087,2026-02-21 12:00:00
14087,318,14088,2026-02-21 12:00:00
14088,325,14089,2026-02-21 12:00:00
14089,330,14090,2026-02-21 12:00:00
14090,337,14091,2026-02-21 12:00:00
14091,347,14092,2026-02-21 12:00:00
14092,351,14093,2026-02-21 12:00:00
14093,352,14094,2026-02-21 12:00:00
14094,356,14095,2026-02-21 12:00:00
14095,366,14096,2026-02-21 12:00:00
14096,370,14097,2026-02-21 12:00:00
14097,374,14098,2026-02-21 12:00:00
14098,376,14099,2026-02-21 12:00:00
14099,382,14100,2026-02-21 12:00:00
14100,384,14101,2026-02-21 12:00:00
14101,386,14102,2026-02-21 12:00:00
14102,387,14103,2026-02-21 12:00:00
14103,388,14104,2026-02-21 12:00:00
14104,389,14105,2026-02-21 12:00:00
14105,393,14106,2026-02-21 12:00:00
14106,394,14107,2026-02-21 12:00:00
14107,395,14108,2026-02-21 12:00:00
14108,397,14109,2026-02-21 12:00:00
14109,400,14110,2026-02-21 12:00:00
14110,413,14111,2026-02-21 12:00:00
14111,414,14112,2026-02-21 12:00:00
14112,423,14113,2026-02-21 12:00:00
14113,432,14114,2026-02-21 12:00:00
14114,435,14115,2026-02-21 12:00:00
14115,441,14116,2026-02-21 12:00:00
14116,463,14117,2026-02-21 12:00:00
14117,465,14118,2026-02-21 12:00:00
14118,473,14119,2026-02-21 12:00:00
14119,476,14120,2026-02-21 12:00:00
14120,480,14121,2026-02-21 12:00:00
14121,487,14122,2026-02-21 12:00:00
14122,488,14123,2026-02-21 12:00:00
14123,492,14124,2026-02-21 12:00:00
14124,493,14125,2026-02-21 12:00:00
14125,494,14126,2026-02-21 12:00:00
14126,514,14127,2026-02-21 12:00:00
14127,518,14128,2026-02-21 12:00:00
14128,521,14129,2026-02-21 12:00:00
14129,522,14130,2026-02-21 12:00:00
14130,527,14131,2026-02-21 12:00:00
14131,530,14132,2026-02-21 12:00:00
14132,532,14133,2026-02-21 12:00:00
14133,537,14134,2026-02-21 12:00:00
14134,538,14135,2026-02-21 12:00:00
14135,541,14136,2026-02-21 12:00:00
14136,543,14137,2026-02-21 12:00:00
14137,547,14138,2026-02-21 12:00:00
14138,551,14139,2026-02-21 12:00:00
14139,566,14140,2026-02-21 12:00:00
14140,571,14141,2026-02-21 12:00:00
14141,573,14142,2026-02-21 12:00:00
14142,580,14143,2026-02-21 12:00:00
14143,585,14144,2026-02-21 12:00:00
14144,593,14145,2026-02-21 12:00:00
14145,594,14146,2026-02-21 12:00:00
14146,595,14147,2026-02-21 12:00:00
14147,601,14148,2026-02-21 12:00:00
14148,602,14149,2026-02-21 12:00:00
14149,611,14150,2026-02-21 12:00:00
14150,613,14151,2026-02-21 12:00:00
14151,615,14152,2026-02-21 12:00:00
14152,621,14153,2026-02-21 12:00:00
14153,641,14154,2026-02-21 12:00:00
14154,650,14155,2026-02-21 12:00:00
14155,660,14156,2026-02-21 12:00:00
14156,669,14157,2026-02-21 12:00:00
14157,670,14158,2026-02-21 12:00:00
14158,675,14159,2026-02-21 12:00:00
14159,679,14160,2026-02-21 12:00:00
14160,686,14161,2026-02-21 12:00:00
14161,696,14162,2026-02-21 12:00:00
14162,698,14163,2026-02-21 12:00:00
14163,699,14164,2026-02-21 12:00:00
14164,704,14165,2026-02-21 12:00:00
14165,713,14166,2026-02-21 12:00:00
14166,715,14167,2026-02-21 12:00:00
14167,717,14168,2026-02-21 12:00:00
14168,726,14169,2026-02-21 12:00:00
14169,728,14170,2026-02-21 12:00:00
14170,730,14171,2026-02-21 12:00:00
14171,736,14172,2026-02-21 12:00:00
14172,742,14173,2026-02-21 12:00:00
14173,754,14174,2026-02-21 12:00:00
14174,756,14175,2026-02-21 12:00:00
14175,763,14176,2026-02-21 12:00:00
14176,768,14177,2026-02-21 12:00:00
14177,775,14178,2026-02-21 12:00:00
14178,776,14179,2026-02-21 12:00:00
14179,780,14180,2026-02-21 12:00:00
14180,793,14181,2026-02-21 12:00:00
14181,794,14182,2026-02-21 12:00:00
14182,799,14183,2026-02-21 12:00:00
14183,800,14184,2026-02-21 12:00:00
14184,803,14185,2026-02-21 12:00:00
14185,804,14186,2026-02-21 12:00:00
14186,813,14187,2026-02-21 12:00:00
14187,814,14188,2026-02-21 12:00:00
14188,819,14189,2026-02-21 12:00:00
14189,824,14190,2026-02-21 12:00:00
14190,845,14191,2026-02-21 12:00:00
14191,850,14192,2026-02-21 12:00:00
14192,852,14193,2026-02-21 12:00:00
14193,856,14194,2026-02-21 12:00:00
14194,858,14195,2026-02-21 12:00:00
14195,859,14196,2026-02-21 12:00:00
14196,860,14197,2026-02-21 12:00:00
14197,881,14198,2026-02-21 12:00:00
14198,882,14199,2026-02-21 12:00:00
14199,888,14200,2026-02-21 12:00:00
14200,889,14201,2026-02-21 12:00:00
14201,892,14202,2026-02-21 12:00:00
14202,895,14203,2026-02-21 12:00:00
14203,896,14204,2026-02-21 12:00:00
14204,897,14205,2026-02-21 12:00:00
14205,898,14206,2026-02-21 12:00:00
14206,900,14207,2026-02-21 12:00:00
14207,904,14208,2026-02-21 12:00:00
14208,912,14209,2026-02-21 12:00:00
14209,917,14210,2026-02-21 12:00:00
14210,926,14211,2026-02-21 12:00:00
14211,927,14212,2026-02-21 12:00:00
14212,932,14213,2026-02-21 12:00:00
14213,938,14214,2026-02-21 12:00:00
14214,941,14215,2026-02-21 12:00:00
14215,951,14216,2026-02-21 12:00:00
14216,952,14217,2026-02-21 12:00:00
14217,957,14218,2026-02-21 12:00:00
14218,960,14219,2026-02-21 12:00:00
14219,967,14220,2026-02-21 12:00:00
14220,970,14221,2026-02-21 12:00:00
14221,972,14222,2026-02-21 12:00:00
14222,973,14223,2026-02-21 12:00:00
14223,981,14224,2026-02-21 12:00:00
14224,984,14225,2026-02-21 12:00:00
14225,985,14226,2026-02-21 12:00:00
14226,991,14227,2026-02-21 12:00:00
14227,1004,14228,2026-02-21 12:00:00
14228,1013,14229,2026-02-21 12:00:00
14229,1017,14230,2026-02-21 12:00:00
14230,1025,14231,2026-02-21 12:00:00
14231,1026,14232,2026-02-21 12:00:00
14232,1029,14233,2026-02-21 12:00:00
14233,1031,14234,2026-02-21 12:00:00
14234,1033,14235,2026-02-21 12:00:00
14235,1037,14236,2026-02-21 12:00:00
14236,1045,14237,2026-02-21 12:00:00
14237,1046,14238,2026-02-21 12:00:00
14238,1055,14239,2026-02-21 12:00:00
14239,1057,14240,2026-02-21 12:00:00
14240,1070,14241,2026-02-21 12:00:00
14241,1072,14242,2026-02-21 12:00:00
14242,1075,14243,2026-02-21 12:00:00
14243,1080,14244,2026-02-21 12:00:00
14244,1081,14245,2026-02-21 12:00:00
14245,1096,14246,2026-02-21 12:00:00
14246,1098,14247,2026-02-21 12:00:00
14247,1101,14248,2026-02-21 12:00:00
14248,1103,14249,2026-02-21 12:00:00
14249,1105,14250,2026-02-21 12:00:00
14250,1108,14251,2026-02-21 12:00:00
14251,1110,14252,2026-02-21 12:00:00
14252,1113,14253,2026-02-21 12:00:00
14253,1115,14254,2026-02-21 12:00:00
14254,1119,14255,2026-02-21 12:00:00
14255,1121,14256,2026-02-21 12:00:00
14256,1125,14257,2026-02-21 12:00:00
14257,1133,14258,2026-02-21 12:00:00
14258,1141,14259,2026-02-21 12:00:00
14259,1142,14260,2026-02-21 12:00:00
14260,1144,14261,2026-02-21 12:00:00
14261,1159,14262,2026-02-21 12:00:00
14262,1167,14263,2026-02-21 12:00:00
14263,1168,14264,2026-02-21 12:00:00
14264,1171,14265,2026-02-21 12:00:00
14265,1176,14266,2026-02-21 12:00:00
14266,1178,14267,2026-02-21 12:00:00
14267,1180,14268,2026-02-21 12:00:00
14268,1183,14269,2026-02-21 12:00:00
14269,1184,14270,2026-02-21 12:00:00
14270,1186,14271,2026-02-21 12:00:00
14271,1187,14272,2026-02-21 12:00:00
14272,1193,14273,2026-02-21 12:00:00
14273,1195,14274,2026-02-21 12:00:00
14274,1209,14275,2026-02-21 12:00:00
14275,1211,14276,2026-02-21 12:00:00
14276,1222,14277,2026-02-21 12:00:00
14277,1228,14278,2026-02-21 12:00:00
14278,1230,14279,2026-02-21 12:00:00
14279,1234,14280,2026-02-21 12:00:00
14280,1245,14281,2026-02-21 12:00:00
14281,1252,14282,2026-02-21 12:00:00
14282,1261,14283,2026-02-21 12:00:00
14283,1263,14284,2026-02-21 12:00:00
14284,1268,14285,2026-02-21 12:00:00
14285,1269,14286,2026-02-21 12:00:00
14286,1279,14287,2026-02-21 12:00:00
14287,1281,14288,2026-02-21 12:00:00
14288,1282,14289,2026-02-21 12:00:00
14289,1284,14290,2026-02-21 12:00:00
14290,1285,14291,2026-02-21 12:00:00
14291,1286,14292,2026-02-21 12:00:00
14292,1288,14293,2026-02-21 12:00:00
14293,1292,14294,2026-02-21 12:00:00
14294,1295,14295,2026-02-21 12:00:00
14295,1296,14296,2026-02-21 12:00:00
14296,1300,14297,2026-02-21 12:00:00
14297,1308,14298,2026-02-21 12:00:00
14298,1314,14299,2026-02-21 12:00:00
14299,1316,14300,2026-02-21 12:00:00
14300,1318,14301,2026-02-21 12:00:00
14301,1324,14302,2026-02-21 12:00:00
14302,1326,14303,2026-02-21 12:00:00
14303,1335,14304,2026-02-21 12:00:00
14304,1339,14305,2026-02-21 12:00:00
14305,1342,14306,2026-02-21 12:00:00
14306,1346,14307,2026-02-21 12:00:00
14307,1353,14308,2026-02-21 12:00:00
14308,1359,14309,2026-02-21 12:00:00
14309,1366,14310,2026-02-21 12:00:00
14310,1369,14311,2026-02-21 12:00:00
14311,1371,14312,2026-02-21 12:00:00
14312,1373,14313,2026-02-21 12:00:00
14313,1374,14314,2026-02-21 12:00:00
14314,1376,14315,2026-02-21 12:00:00
14315,1377,14316,2026-02-21 12:00:00
14316,1383,14317,2026-02-21 12:00:00
14317,1385,14318,2026-02-21 12:00:00
14318,1387,14319,2026-02-21 12:00:00
14319,1400,14320,2026-02-21 12:00:00
14320,1401,14321,2026-02-21 12:00:00
14321,1409,14322,2026-02-21 12:00:00
14322,1412,14323,2026-02-21 12:00:00
14323,1424,14324,2026-02-21 12:00:00
14324,1428,14325,2026-02-21 12:00:00
14325,1429,14326,2026-02-21 12:00:00
14326,1447,14327,2026-02-21 12:00:00
14327,1455,14328,2026-02-21 12:00:00
14328,1461,14329,2026-02-21 12:00:00
14329,1468,14330,2026-02-21 12:00:00
14330,1469,14331,2026-02-21 12:00:00
14331,1480,14332,2026-02-21 12:00:00
14332,1501,14333,2026-02-21 12:00:00
14333,1504,14334,2026-02-21 12:00:00
14334,1513,14335,2026-02-21 12:00:00
14335,1519,14336,2026-02-21 12:00:00
14336,1521,14337,2026-02-21 12:00:00
14337,1524,14338,2026-02-21 12:00:00
14338,1539,14339,2026-02-21 12:00:00
14339,1545,14340,2026-02-21 12:00:00
14340,1548,14341,2026-02-21 12:00:00
14341,1550,14342,2026-02-21 12:00:00
14342,1557,14343,2026-02-21 12:00:00
14343,1559,14344,2026-02-21 12:00:00
14344,1561,14345,2026-02-21 12:00:00
14345,1572,14346,2026-02-21 12:00:00
14346,1576,14347,2026-02-21 12:00:00
14347,1582,14348,2026-02-21 12:00:00
14348,1589,14349,2026-02-21 12:00:00
14349,1590,14350,2026-02-21 12:00:00
14350,1593,14351,2026-02-21 12:00:00
14351,1595,14352,2026-02-21 12:00:00
14352,1598,14353,2026-02-21 12:00:00
14353,1607,14354,2026-02-21 12:00:00
14354,1609,14355,2026-02-21 12:00:00
14355,1610,14356,2026-02-21 12:00:00
14356,1612,14357,2026-02-21 12:00:00
14357,1615,14358,2026-02-21 12:00:00
14358,1617,14359,2026-02-21 12:00:00
14359,1621,14360,2026-02-21 12:00:00
14360,1631,14361,2026-02-21 12:00:00
14361,1632,14362,2026-02-21 12:00:00
14362,1634,14363,2026-02-21 12:00:00
14363,1635,14364,2026-02-21 12:00:00
14364,1637,14365,2026-02-21 12:00:00
14365,1638,14366,2026-02-21 12:00:00
14366,1641,14367,2026-02-21 12:00:00
14367,1647,14368,2026-02-21 12:00:00
14368,1652,14369,2026-02-21 12:00:00
14369,1656,14370,2026-02-21 12:00:00
14370,1657,14371,2026-02-21 12:00:00
14371,1658,14372,2026-02-21 12:00:00
14372,1662,14373,2026-02-21 12:00:00
14373,1670,14374,2026-02-21 12:00:00
14374,1672,14375,2026-02-21 12:00:00
14375,1673,14376,2026-02-21 12:00:00
14376,1674,14377,2026-02-21 12:00:00
14377,1678,14378,2026-02-21 12:00:00
14378,1681,14379,2026-02-21 12:00:00
14379,1682,14380,2026-02-21 12:00:00
14380,1685,14381,2026-02-21 12:00:00
14381,1688,14382,2026-02-21 12:00:00
14382,1690,14383,2026-02-21 12:00:00
14383,1692,14384,2026-02-21 12:00:00
14384,1696,14385,2026-02-21 12:00:00
14385,1702,14386,2026-02-21 12:00:00
14386,1708,14387,2026-02-21 12:00:00
14387,1719,14388,2026-02-21 12:00:00
14388,1720,14389,2026-02-21 12:00:00
14389,1723,14390,2026-02-21 12:00:00
14390,1728,14391,2026-02-21 12:00:00
14391,1733,14392,2026-02-21 12:00:00
14392,1735,14393,2026-02-21 12:00:00
14393,1738,14394,2026-02-21 12:00:00
14394,1739,14395,2026-02-21 12:00:00
14395,1740,14396,2026-02-21 12:00:00
14396,1742,14397,2026-02-21 12:00:00
14397,1744,14398,2026-02-21 12:00:00
14398,1746,14399,2026-02-21 12:00:00
14399,1751,14400,2026-02-21 12:00:00
14400,1759,14401,2026-02-21 12:00:00
14401,1761,14402,2026-02-21 12:00:00
14402,1764,14403,2026-02-21 12:00:00
14403,1772,14404,2026-02-21 12:00:00
14404,1774,14405,2026-02-21 12:00:00
14405,1777,14406,2026-02-21 12:00:00
14406,1780,14407,2026-02-21 12:00:00
14407,1782,14408,2026-02-21 12:00:00
14408,1784,14409,2026-02-21 12:00:00
14409,1790,14410,2026-02-21 12:00:00
14410,1796,14411,2026-02-21 12:00:00
14411,1802,14412,2026-02-21 12:00:00
14412,1805,14413,2026-02-21 12:00:00
14413,1811,14414,2026-02-21 12:00:00
14414,1813,14415,2026-02-21 12:00:00
14415,1819,14416,2026-02-21 12:00:00
14416,1823,14417,2026-02-21 12:00:00
14417,1825,14418,2026-02-21 12:00:00
14418,1826,14419,2026-02-21 12:00:00
14419,1864,14420,2026-02-21 12:00:00
14420,1868,14421,2026-02-21 12:00:00
14421,1875,14422,2026-02-21 12:00:00
14422,1878,14423,2026-02-21 12:00:00
14423,1887,14424,2026-02-21 12:00:00
14424,1891,14425,2026-02-21 12:00:00
14425,1893,14426,2026-02-21 12:00:00
14426,1895,14427,2026-02-21 12:00:00
14427,1896,14428,2026-02-21 12:00:00
14428,1897,14429,2026-02-21 12:00:00
14429,1906,14430,2026-02-21 12:00:00
14430,1921,14431,2026-02-21 12:00:00
14431,1933,14432,2026-02-21 12:00:00
